ticket_id,account_id,created_at,priority,category,resolved_hours
T00001,A0002,2024-01-23,P3,how_to,29.1
T00002,A0002,2024-02-26,P2,how_to,43.6
T00003,A0002,2024-05-13,P1,bug,43.0
T00004,A0002,2024-03-06,P2,how_to,55.4
T00005,A0002,2024-05-12,P3,billing,56.4
T00006,A0002,2024-02-11,P3,outage,60.0
T00007,A0002,2024-05-31,P2,billing,62.1
T00008,A0004,2024-04-26,P3,bug,
T00009,A0004,2024-04-18,P3,access,66.2
T00010,A0005,2024-05-11,P2,billing,40.0
T00011,A0005,2024-05-02,P2,billing,37.5
T00012,A0005,2024-06-02,P1,how_to,23.4
T00013,A0005,2024-01-27,P2,access,3.4
T00014,A0005,2024-03-15,P3,billing,
T00015,A0006,2024-06-15,P1,billing,15.5
T00016,A0006,2024-06-02,P2,outage,30.8
T00017,A0006,2024-06-08,P1,billing,16.1
T00018,A0006,2024-04-28,P1,access,4.4
T00019,A0006,2024-02-09,P1,billing,40.9
T00020,A0006,2024-02-13,P2,outage,38.6
T00021,A0006,2024-04-20,P3,outage,33.0
T00022,A0007,2024-04-07,P1,access,
T00023,A0007,2024-04-17,P2,access,
T00024,A0008,2024-03-01,P2,outage,7.0
T00025,A0008,2024-01-03,P1,bug,57.4
T00026,A0008,2024-04-16,P1,access,5.0
T00027,A0008,2024-02-02,P3,how_to,23.2
T00028,A0008,2024-02-04,P1,billing,40.7
T00029,A0008,2024-05-17,P1,bug,65.1
T00030,A0008,2024-01-22,P3,outage,29.5
T00031,A0009,2024-06-08,P3,access,65.0
T00032,A0009,2024-05-11,P3,access,59.9
T00033,A0009,2024-05-26,P3,outage,46.3
T00034,A0009,2024-04-12,P2,access,9.6
T00035,A0010,2024-03-04,P1,access,71.9
T00036,A0010,2024-06-24,P2,outage,26.4
T00037,A0011,2024-02-05,P1,billing,9.5
T00038,A0011,2024-01-05,P1,outage,3.4
T00039,A0012,2024-03-29,P1,billing,3.1
T00040,A0012,2024-02-05,P3,outage,70.1
T00041,A0012,2024-03-18,P2,bug,35.9
T00042,A0012,2024-04-28,P2,access,37.3
T00043,A0012,2024-03-13,P1,access,
T00044,A0012,2024-05-31,P1,bug,57.9
T00045,A0012,2024-06-25,P3,how_to,28.3
T00046,A0013,2024-04-09,P1,how_to,26.7
T00047,A0013,2024-02-13,P1,bug,19.3
T00048,A0014,2024-02-22,P3,how_to,55.0
T00049,A0014,2024-03-05,P3,access,59.8
T00050,A0014,2024-05-02,P3,access,25.9
T00051,A0014,2024-01-06,P1,access,27.0
T00052,A0015,2024-03-05,P2,access,67.7
T00053,A0015,2024-01-11,P1,billing,60.5
T00054,A0015,2024-03-15,P1,outage,51.8
T00055,A0015,2024-05-21,P2,outage,14.0
T00056,A0015,2024-03-02,P3,billing,60.1
T00057,A0015,2024-05-24,P2,bug,
T00058,A0015,2024-01-01,P2,billing,38.3
T00059,A0015,2024-01-25,P1,billing,69.1
T00060,A0016,2024-05-28,P3,billing,44.2
T00061,A0016,2024-01-16,P2,outage,20.1
T00062,A0016,2024-04-27,P3,billing,62.2
T00063,A0017,2024-05-07,P1,billing,17.1
T00064,A0017,2024-01-02,P3,access,9.6
T00065,A0017,2024-06-04,P1,outage,
T00066,A0017,2024-02-21,P1,bug,43.2
T00067,A0017,2024-05-16,P1,access,70.8
T00068,A0019,2024-02-28,P2,bug,42.3
T00069,A0019,2024-01-24,P1,access,
T00070,A0019,2024-01-07,P1,access,23.1
T00071,A0020,2024-02-25,P3,bug,39.8
T00072,A0020,2024-04-21,P2,billing,
T00073,A0020,2024-01-19,P2,billing,
T00074,A0021,2024-06-18,P3,how_to,33.2
T00075,A0021,2024-05-08,P3,billing,2.3
T00076,A0021,2024-01-13,P2,billing,51.3
T00077,A0021,2024-03-22,P3,access,47.5
T00078,A0022,2024-04-18,P3,billing,7.7
T00079,A0023,2024-05-07,P2,bug,40.0
T00080,A0025,2024-02-09,P3,access,15.6
T00081,A0025,2024-03-12,P2,outage,30.7
T00082,A0026,2024-06-10,P2,how_to,47.7
T00083,A0026,2024-05-01,P2,bug,21.6
T00084,A0026,2024-01-12,P2,how_to,15.3
T00085,A0027,2024-05-22,P2,bug,14.7
T00086,A0027,2024-05-24,P2,bug,
T00087,A0027,2024-01-15,P1,billing,27.3
T00088,A0028,2024-01-15,P3,billing,29.1
T00089,A0028,2024-01-24,P3,billing,
T00090,A0028,2024-01-06,P1,access,67.4
T00091,A0028,2024-02-03,P2,outage,59.1
T00092,A0028,2024-02-12,P3,billing,22.9
T00093,A0028,2024-01-01,P1,bug,9.8
T00094,A0028,2024-05-09,P1,how_to,14.1
T00095,A0028,2024-02-23,P2,billing,9.7
T00096,A0029,2024-01-07,P2,billing,
T00097,A0029,2024-04-20,P2,how_to,60.5
T00098,A0029,2024-01-19,P3,how_to,45.8
T00099,A0029,2024-04-16,P3,outage,4.0
T00100,A0030,2024-01-15,P2,billing,10.4
T00101,A0030,2024-04-16,P3,access,
T00102,A0031,2024-02-21,P2,bug,
T00103,A0031,2024-06-01,P1,outage,49.2
T00104,A0031,2024-04-04,P1,access,64.9
T00105,A0032,2024-01-11,P3,outage,69.1
T00106,A0032,2024-05-21,P2,outage,20.1
T00107,A0032,2024-05-02,P2,how_to,10.0
T00108,A0032,2024-02-23,P2,bug,40.1
T00109,A0032,2024-02-26,P3,outage,70.0
T00110,A0032,2024-02-05,P1,outage,
T00111,A0032,2024-05-15,P3,billing,
T00112,A0032,2024-05-04,P1,billing,3.5
T00113,A0033,2024-01-22,P2,outage,62.9
T00114,A0033,2024-03-07,P2,access,
T00115,A0033,2024-05-20,P3,outage,38.0
T00116,A0033,2024-05-12,P1,how_to,39.4
T00117,A0033,2024-03-13,P2,access,
T00118,A0034,2024-02-20,P1,outage,35.2
T00119,A0035,2024-03-07,P2,access,45.5
T00120,A0035,2024-04-01,P2,how_to,19.4
T00121,A0035,2024-06-18,P3,access,43.3
T00122,A0035,2024-06-04,P3,outage,5.3
T00123,A0037,2024-05-01,P1,how_to,36.1
T00124,A0037,2024-03-02,P2,how_to,26.9
T00125,A0037,2024-02-06,P1,outage,59.9
T00126,A0037,2024-06-13,P2,access,64.3
T00127,A0037,2024-01-19,P3,bug,5.5
T00128,A0037,2024-03-05,P1,bug,18.1
T00129,A0037,2024-05-25,P1,outage,56.7
T00130,A0037,2024-01-22,P2,how_to,25.3
T00131,A0037,2024-03-21,P2,outage,71.0
T00132,A0037,2024-06-13,P3,billing,48.2
T00133,A0038,2024-06-21,P3,how_to,20.8
T00134,A0038,2024-05-23,P1,billing,5.4
T00135,A0038,2024-03-29,P2,access,30.8
T00136,A0038,2024-04-09,P1,billing,15.9
T00137,A0038,2024-05-29,P1,bug,58.2
T00138,A0039,2024-06-20,P1,outage,32.9
T00139,A0039,2024-04-23,P3,billing,65.3
T00140,A0040,2024-06-01,P1,outage,43.6
T00141,A0040,2024-04-16,P1,bug,26.9
T00142,A0040,2024-03-29,P1,access,45.8
T00143,A0040,2024-03-26,P1,bug,57.2
T00144,A0040,2024-03-21,P1,bug,68.7
T00145,A0040,2024-05-30,P1,outage,18.9
T00146,A0042,2024-05-16,P2,how_to,
T00147,A0042,2024-05-31,P3,how_to,
T00148,A0042,2024-03-31,P2,access,41.2
T00149,A0042,2024-01-09,P3,how_to,28.8
T00150,A0042,2024-01-20,P1,outage,
T00151,A0043,2024-02-29,P2,access,48.5
T00152,A0043,2024-04-05,P3,access,45.5
T00153,A0043,2024-05-31,P1,billing,31.7
T00154,A0043,2024-02-24,P2,how_to,6.5
T00155,A0043,2024-05-27,P1,access,35.7
T00156,A0043,2024-01-16,P3,access,63.4
T00157,A0043,2024-06-07,P2,access,42.8
T00158,A0043,2024-01-10,P1,billing,
T00159,A0043,2024-01-11,P2,billing,70.0
T00160,A0044,2024-01-20,P3,billing,25.6
T00161,A0044,2024-05-17,P1,outage,31.0
T00162,A0044,2024-06-10,P3,billing,18.0
T00163,A0044,2024-04-29,P3,billing,56.5
T00164,A0044,2024-04-18,P1,bug,
T00165,A0044,2024-04-28,P1,access,23.2
T00166,A0044,2024-03-31,P1,access,50.2
T00167,A0045,2024-02-19,P3,how_to,59.0
T00168,A0046,2024-02-16,P1,billing,14.6
T00169,A0046,2024-03-04,P1,outage,21.3
T00170,A0046,2024-01-02,P2,outage,20.3
T00171,A0046,2024-03-13,P1,how_to,
T00172,A0046,2024-05-25,P3,access,60.4
T00173,A0046,2024-01-12,P1,outage,36.2
T00174,A0046,2024-03-16,P2,billing,26.7
T00175,A0046,2024-05-22,P3,billing,35.8
T00176,A0047,2024-04-10,P3,billing,53.7
T00177,A0048,2024-02-13,P1,billing,
T00178,A0048,2024-06-08,P1,bug,
T00179,A0048,2024-03-02,P2,outage,52.2
T00180,A0048,2024-03-04,P2,billing,17.0
T00181,A0049,2024-03-03,P1,bug,59.5
T00182,A0049,2024-01-16,P3,bug,7.5
T00183,A0050,2024-02-17,P1,bug,56.1
T00184,A0050,2024-02-14,P1,access,37.3
T00185,A0050,2024-01-02,P2,access,67.4
T00186,A0050,2024-01-21,P1,bug,2.1
T00187,A0050,2024-02-12,P2,how_to,3.9
T00188,A0050,2024-05-13,P2,how_to,42.7
T00189,A0050,2024-06-27,P1,bug,68.2
T00190,A0050,2024-04-28,P3,access,61.9
T00191,A0050,2024-02-20,P2,bug,38.2
T00192,A0051,2024-06-23,P3,outage,40.2
T00193,A0052,2024-04-15,P3,outage,14.6
T00194,A0052,2024-04-07,P2,access,6.2
T00195,A0053,2024-03-01,P1,billing,4.0
T00196,A0053,2024-06-26,P1,billing,70.9
T00197,A0053,2024-03-31,P2,access,6.3
T00198,A0053,2024-05-14,P1,outage,28.2
T00199,A0053,2024-05-25,P1,outage,
T00200,A0053,2024-06-11,P1,how_to,48.7
T00201,A0053,2024-04-30,P1,how_to,51.4
T00202,A0054,2024-02-21,P1,billing,29.6
T00203,A0054,2024-01-08,P3,how_to,29.4
T00204,A0055,2024-01-10,P3,outage,40.6
T00205,A0055,2024-04-20,P2,billing,60.1
T00206,A0055,2024-02-16,P3,bug,59.8
T00207,A0055,2024-04-14,P1,outage,44.0
T00208,A0055,2024-04-21,P3,how_to,22.0
T00209,A0055,2024-01-13,P1,outage,4.2
T00210,A0055,2024-03-22,P1,how_to,12.0
T00211,A0055,2024-03-17,P2,access,8.0
T00212,A0056,2024-03-13,P3,billing,23.7
T00213,A0057,2024-05-15,P3,outage,66.7
T00214,A0057,2024-01-30,P2,outage,
T00215,A0059,2024-06-23,P1,access,52.6
T00216,A0059,2024-02-03,P3,how_to,68.1
T00217,A0059,2024-03-22,P1,access,12.2
T00218,A0060,2024-04-27,P3,how_to,26.1
T00219,A0060,2024-05-05,P3,bug,17.7
T00220,A0060,2024-04-16,P3,billing,53.4
T00221,A0061,2024-04-01,P2,bug,38.8
T00222,A0061,2024-05-28,P1,access,49.1
T00223,A0061,2024-01-04,P2,outage,43.7
T00224,A0061,2024-05-28,P1,outage,53.4
T00225,A0062,2024-05-23,P1,outage,22.0
T00226,A0062,2024-03-19,P3,outage,14.1
T00227,A0062,2024-01-12,P1,access,5.3
T00228,A0062,2024-06-25,P2,access,69.7
T00229,A0063,2024-04-17,P3,how_to,26.5
T00230,A0063,2024-03-01,P1,how_to,62.2
T00231,A0063,2024-02-19,P2,bug,67.6
T00232,A0064,2024-06-05,P2,outage,61.8
T00233,A0064,2024-02-01,P1,how_to,22.2
T00234,A0064,2024-04-16,P1,outage,71.5
T00235,A0064,2024-06-24,P1,access,61.7
T00236,A0064,2024-01-05,P2,how_to,8.5
T00237,A0064,2024-01-11,P3,billing,65.4
T00238,A0064,2024-04-22,P2,how_to,59.8
T00239,A0066,2024-01-10,P1,how_to,43.7
T00240,A0066,2024-03-27,P1,how_to,14.1
T00241,A0066,2024-06-19,P3,billing,17.8
T00242,A0066,2024-05-07,P1,billing,65.0
T00243,A0066,2024-02-27,P2,bug,70.1
T00244,A0067,2024-03-01,P2,outage,40.0
T00245,A0069,2024-03-25,P3,how_to,34.6
T00246,A0069,2024-05-03,P1,how_to,1.6
T00247,A0069,2024-06-15,P3,how_to,34.9
T00248,A0069,2024-06-22,P2,access,50.7
T00249,A0069,2024-05-01,P1,bug,18.1
T00250,A0069,2024-03-20,P1,outage,3.8
T00251,A0069,2024-05-28,P3,billing,
T00252,A0069,2024-01-02,P2,how_to,
T00253,A0070,2024-03-06,P1,access,39.5
T00254,A0070,2024-03-29,P1,billing,55.9
T00255,A0070,2024-02-01,P1,access,36.4
T00256,A0070,2024-06-18,P1,bug,68.5
T00257,A0070,2024-04-17,P2,bug,68.2
T00258,A0070,2024-02-06,P3,outage,60.3
T00259,A0071,2024-05-17,P3,outage,9.6
T00260,A0071,2024-02-12,P3,access,67.5
T00261,A0071,2024-03-25,P3,how_to,25.7
T00262,A0072,2024-02-16,P1,how_to,
T00263,A0072,2024-03-05,P1,how_to,4.6
T00264,A0072,2024-06-26,P1,outage,
T00265,A0072,2024-05-15,P1,outage,53.6
T00266,A0072,2024-04-05,P2,billing,65.2
T00267,A0072,2024-05-24,P2,bug,2.8
T00268,A0072,2024-04-23,P3,access,54.7
T00269,A0072,2024-05-13,P1,outage,1.5
T00270,A0072,2024-03-14,P2,billing,69.5
T00271,A0073,2024-03-09,P3,access,9.0
T00272,A0073,2024-06-11,P3,bug,42.4
T00273,A0073,2024-01-29,P3,billing,59.4
T00274,A0074,2024-04-02,P3,bug,68.8
T00275,A0075,2024-02-09,P2,how_to,17.6
T00276,A0075,2024-03-09,P3,billing,57.4
T00277,A0076,2024-04-18,P1,outage,10.2
T00278,A0076,2024-02-02,P2,outage,19.8
T00279,A0077,2024-03-15,P2,how_to,12.5
T00280,A0077,2024-03-03,P3,outage,18.2
T00281,A0078,2024-04-19,P3,billing,44.0
T00282,A0078,2024-03-03,P1,access,38.2
T00283,A0079,2024-03-07,P3,outage,2.3
T00284,A0079,2024-05-28,P3,how_to,34.0
T00285,A0079,2024-05-29,P2,bug,55.4
T00286,A0079,2024-06-15,P1,billing,47.2
T00287,A0080,2024-03-01,P3,billing,70.8
T00288,A0080,2024-06-23,P2,how_to,21.8
T00289,A0080,2024-01-28,P3,access,32.4
T00290,A0081,2024-03-10,P3,outage,53.0
T00291,A0081,2024-04-03,P3,bug,57.6
T00292,A0081,2024-04-30,P3,access,30.3
T00293,A0081,2024-02-04,P3,billing,50.8
T00294,A0081,2024-02-06,P1,access,67.5
T00295,A0081,2024-01-02,P1,billing,45.5
T00296,A0082,2024-01-17,P3,billing,48.7
T00297,A0083,2024-02-17,P1,billing,41.0
T00298,A0083,2024-01-05,P2,access,12.6
T00299,A0083,2024-02-04,P2,outage,7.3
T00300,A0083,2024-04-25,P3,how_to,66.1
T00301,A0084,2024-05-15,P1,billing,11.9
T00302,A0084,2024-04-04,P3,outage,45.4
T00303,A0084,2024-06-08,P2,how_to,47.5
T00304,A0085,2024-06-22,P3,billing,61.3
T00305,A0085,2024-02-12,P3,billing,29.5
T00306,A0085,2024-05-29,P1,outage,
T00307,A0086,2024-03-06,P3,how_to,8.7
T00308,A0086,2024-05-09,P2,outage,44.0
T00309,A0086,2024-01-04,P3,billing,8.5
T00310,A0086,2024-02-12,P3,bug,57.5
T00311,A0086,2024-02-07,P3,billing,
T00312,A0086,2024-05-02,P2,how_to,11.5
T00313,A0086,2024-01-04,P2,bug,
T00314,A0087,2024-04-09,P1,bug,
T00315,A0087,2024-02-24,P2,access,21.0
T00316,A0088,2024-03-31,P3,billing,58.9
T00317,A0088,2024-05-02,P3,access,51.6
T00318,A0088,2024-04-21,P3,how_to,5.0
T00319,A0089,2024-01-10,P3,billing,34.0
T00320,A0089,2024-03-28,P1,access,32.5
T00321,A0089,2024-01-04,P2,bug,66.3
T00322,A0090,2024-03-07,P1,access,14.0
T00323,A0090,2024-05-16,P2,how_to,18.4
T00324,A0090,2024-03-18,P1,access,61.7
T00325,A0090,2024-03-01,P1,access,54.7
T00326,A0090,2024-01-18,P1,billing,21.9
T00327,A0090,2024-01-08,P2,billing,
T00328,A0090,2024-04-11,P1,billing,43.5
T00329,A0090,2024-02-11,P2,outage,43.6
T00330,A0090,2024-06-07,P2,billing,14.0
T00331,A0090,2024-06-20,P1,billing,71.7
T00332,A0092,2024-05-30,P2,billing,1.9
T00333,A0092,2024-02-07,P2,access,24.6
T00334,A0094,2024-04-26,P1,access,2.7
T00335,A0094,2024-03-24,P1,access,53.9
T00336,A0094,2024-01-30,P1,how_to,70.4
T00337,A0094,2024-05-11,P2,access,
T00338,A0094,2024-05-10,P3,how_to,61.4
T00339,A0094,2024-04-16,P2,outage,50.9
T00340,A0094,2024-03-02,P2,access,42.6
T00341,A0095,2024-01-15,P3,bug,5.2
T00342,A0095,2024-01-19,P2,billing,55.6
T00343,A0097,2024-04-11,P1,how_to,43.5
T00344,A0097,2024-02-07,P3,access,
T00345,A0098,2024-01-02,P3,outage,20.4
T00346,A0098,2024-01-18,P1,how_to,29.3
T00347,A0098,2024-05-27,P2,bug,28.0
T00348,A0098,2024-02-13,P2,billing,67.1
T00349,A0098,2024-06-16,P2,billing,45.7
T00350,A0098,2024-05-12,P1,outage,
T00351,A0098,2024-02-16,P1,access,64.2
T00352,A0098,2024-02-26,P1,bug,48.0
T00353,A0098,2024-04-15,P1,billing,39.7
T00354,A0098,2024-03-31,P3,how_to,49.9
T00355,A0098,2024-05-01,P1,outage,52.7
T00356,A0098,2024-04-06,P2,bug,28.9
T00357,A0098,2024-05-06,P3,access,15.5
T00358,A0099,2024-06-26,P3,bug,30.6
T00359,A0099,2024-04-22,P3,billing,
T00360,A0099,2024-06-05,P2,outage,42.5
T00361,A0099,2024-02-18,P3,how_to,42.2
T00362,A0100,2024-06-09,P3,billing,3.0
T00363,A0100,2024-03-25,P3,outage,29.1
T00364,A0100,2024-01-20,P1,outage,50.4
T00365,A0100,2024-03-26,P2,bug,
T00366,A0100,2024-04-30,P2,access,22.8
T00367,A0101,2024-06-04,P1,billing,63.0
T00368,A0101,2024-01-26,P3,billing,63.2
T00369,A0101,2024-06-18,P1,how_to,53.0
T00370,A0101,2024-01-20,P1,how_to,35.3
T00371,A0101,2024-02-28,P1,bug,
T00372,A0102,2024-04-03,P2,access,33.1
T00373,A0102,2024-03-26,P1,how_to,67.0
T00374,A0102,2024-02-21,P1,bug,13.1
T00375,A0102,2024-03-15,P2,billing,4.7
T00376,A0103,2024-05-21,P3,access,52.5
T00377,A0104,2024-01-02,P3,outage,47.7
T00378,A0104,2024-02-02,P3,access,22.6
T00379,A0104,2024-05-18,P2,billing,32.1
T00380,A0104,2024-05-07,P3,bug,70.4
T00381,A0105,2024-04-06,P2,bug,31.9
T00382,A0105,2024-05-23,P3,billing,
T00383,A0105,2024-05-12,P3,access,36.0
T00384,A0106,2024-02-27,P1,access,9.6
T00385,A0106,2024-04-05,P2,how_to,21.0
T00386,A0107,2024-05-27,P3,outage,
T00387,A0107,2024-03-31,P1,outage,68.3
T00388,A0107,2024-01-01,P1,access,41.3
T00389,A0107,2024-05-26,P2,billing,30.8
T00390,A0108,2024-03-29,P1,how_to,66.5
T00391,A0108,2024-05-13,P1,billing,40.6
T00392,A0108,2024-01-07,P3,access,20.3
T00393,A0108,2024-02-05,P2,how_to,
T00394,A0108,2024-04-14,P3,bug,64.8
T00395,A0108,2024-04-21,P2,billing,64.0
T00396,A0108,2024-02-04,P2,bug,26.8
T00397,A0109,2024-03-13,P1,billing,29.9
T00398,A0109,2024-03-27,P2,outage,2.8
T00399,A0109,2024-03-29,P3,how_to,62.2
T00400,A0109,2024-06-22,P2,access,30.3
T00401,A0109,2024-06-13,P1,how_to,46.7
T00402,A0109,2024-01-18,P1,access,42.1
T00403,A0110,2024-02-12,P1,how_to,37.4
T00404,A0110,2024-05-05,P3,outage,36.1
T00405,A0110,2024-05-16,P2,access,
T00406,A0111,2024-03-17,P2,billing,51.0
T00407,A0111,2024-03-23,P1,billing,44.8
T00408,A0111,2024-01-02,P3,how_to,
T00409,A0112,2024-04-26,P2,outage,
T00410,A0112,2024-01-08,P2,billing,10.5
T00411,A0112,2024-06-05,P1,bug,58.1
T00412,A0113,2024-02-01,P2,access,40.7
T00413,A0113,2024-03-13,P1,bug,40.2
T00414,A0113,2024-02-17,P1,access,23.9
T00415,A0113,2024-02-14,P2,access,67.2
T00416,A0113,2024-06-01,P2,billing,30.8
T00417,A0113,2024-02-05,P1,how_to,13.5
T00418,A0113,2024-04-19,P3,billing,8.1
T00419,A0114,2024-01-22,P3,billing,66.6
T00420,A0114,2024-01-06,P2,outage,17.9
T00421,A0115,2024-03-04,P1,outage,39.5
T00422,A0115,2024-02-01,P1,how_to,
T00423,A0115,2024-04-19,P2,access,21.9
T00424,A0115,2024-03-22,P2,billing,56.3
T00425,A0117,2024-01-26,P2,access,
T00426,A0117,2024-01-12,P2,how_to,36.3
T00427,A0118,2024-06-10,P1,outage,9.0
T00428,A0118,2024-02-14,P2,bug,60.6
T00429,A0118,2024-02-10,P2,outage,67.9
T00430,A0118,2024-02-15,P3,billing,53.5
T00431,A0119,2024-01-10,P2,outage,22.5
T00432,A0119,2024-04-29,P1,bug,40.0
T00433,A0119,2024-03-18,P2,access,48.4
T00434,A0119,2024-03-23,P1,access,13.6
T00435,A0119,2024-05-11,P1,outage,70.1
T00436,A0120,2024-04-02,P2,billing,
T00437,A0120,2024-05-24,P2,billing,41.0
T00438,A0120,2024-04-20,P1,how_to,64.4
T00439,A0120,2024-02-24,P3,outage,61.6
T00440,A0120,2024-03-04,P3,bug,48.8
T00441,A0120,2024-05-09,P3,how_to,70.9
T00442,A0121,2024-04-19,P3,bug,28.8
T00443,A0122,2024-05-11,P2,billing,46.5
T00444,A0122,2024-04-07,P3,billing,53.0
T00445,A0124,2024-04-02,P2,bug,19.0
T00446,A0124,2024-03-01,P3,bug,25.9
T00447,A0125,2024-03-13,P2,billing,17.8
T00448,A0125,2024-01-04,P1,bug,54.7
T00449,A0125,2024-02-16,P3,billing,20.7
T00450,A0125,2024-01-08,P2,outage,19.8
T00451,A0125,2024-03-01,P2,bug,5.1
T00452,A0125,2024-04-03,P3,bug,54.4
T00453,A0125,2024-03-24,P1,outage,17.0
T00454,A0126,2024-06-01,P2,how_to,66.2
T00455,A0126,2024-03-26,P3,bug,22.2
T00456,A0126,2024-06-22,P3,bug,
T00457,A0127,2024-04-03,P3,outage,
T00458,A0128,2024-05-27,P3,how_to,42.9
T00459,A0128,2024-03-01,P3,billing,19.8
T00460,A0128,2024-03-25,P2,bug,15.1
T00461,A0129,2024-06-22,P2,access,55.8
T00462,A0129,2024-05-08,P3,billing,18.4
T00463,A0129,2024-01-04,P2,bug,44.3
T00464,A0129,2024-05-25,P3,access,49.3
T00465,A0129,2024-01-19,P2,billing,47.1
T00466,A0129,2024-03-07,P3,billing,56.0
T00467,A0129,2024-03-19,P2,bug,7.2
T00468,A0130,2024-01-28,P3,bug,
T00469,A0131,2024-03-04,P3,outage,36.7
T00470,A0131,2024-02-05,P1,billing,4.1
T00471,A0132,2024-03-13,P1,bug,12.7
T00472,A0132,2024-05-06,P2,bug,45.9
T00473,A0132,2024-04-30,P1,outage,22.3
T00474,A0132,2024-05-11,P3,access,3.7
T00475,A0133,2024-04-23,P3,outage,38.8
T00476,A0133,2024-06-17,P2,bug,64.9
T00477,A0134,2024-04-28,P2,bug,42.5
T00478,A0134,2024-01-01,P2,bug,22.6
T00479,A0134,2024-04-14,P2,how_to,70.8
T00480,A0134,2024-06-21,P1,outage,50.0
T00481,A0134,2024-05-27,P2,how_to,27.1
T00482,A0134,2024-02-15,P3,bug,
T00483,A0134,2024-03-17,P2,billing,28.5
T00484,A0134,2024-05-27,P1,bug,49.9
T00485,A0135,2024-03-10,P3,outage,67.4
T00486,A0136,2024-03-22,P3,bug,19.8
T00487,A0136,2024-06-13,P1,bug,22.7
T00488,A0136,2024-02-25,P2,access,58.4
T00489,A0136,2024-06-08,P2,outage,47.7
T00490,A0136,2024-05-01,P3,how_to,
T00491,A0136,2024-01-20,P2,how_to,53.4
T00492,A0137,2024-02-27,P3,bug,45.3
T00493,A0137,2024-01-01,P2,bug,31.1
T00494,A0138,2024-04-30,P3,how_to,9.3
T00495,A0138,2024-03-17,P1,bug,43.2
T00496,A0139,2024-03-23,P3,billing,50.9
T00497,A0139,2024-01-06,P1,outage,19.1
T00498,A0139,2024-05-28,P2,bug,17.7
T00499,A0140,2024-05-27,P2,outage,19.9
T00500,A0141,2024-01-17,P1,how_to,40.8
T00501,A0141,2024-02-03,P1,billing,71.9
T00502,A0141,2024-02-03,P2,how_to,16.0
T00503,A0141,2024-03-13,P2,how_to,57.9
T00504,A0141,2024-02-05,P2,outage,39.1
T00505,A0141,2024-03-13,P3,access,3.9
T00506,A0141,2024-03-02,P1,bug,6.9
T00507,A0141,2024-04-27,P1,outage,15.5
T00508,A0142,2024-06-11,P3,how_to,69.5
T00509,A0143,2024-01-22,P2,how_to,3.6
T00510,A0143,2024-04-22,P3,billing,37.4
T00511,A0143,2024-03-12,P1,access,69.4
T00512,A0143,2024-04-13,P1,billing,51.4
T00513,A0144,2024-02-16,P3,bug,
T00514,A0144,2024-03-26,P2,outage,7.1
T00515,A0144,2024-02-17,P1,access,8.0
T00516,A0144,2024-05-22,P1,billing,50.2
T00517,A0144,2024-01-22,P3,how_to,55.7
T00518,A0144,2024-03-01,P3,outage,31.9
T00519,A0144,2024-03-05,P3,bug,33.8
T00520,A0144,2024-04-06,P1,outage,39.8
T00521,A0144,2024-04-20,P2,how_to,26.5
T00522,A0145,2024-06-27,P2,billing,21.1
T00523,A0145,2024-01-13,P3,billing,53.9
T00524,A0146,2024-01-07,P2,outage,53.4
T00525,A0146,2024-02-26,P3,how_to,39.6
T00526,A0146,2024-04-13,P3,bug,26.2
T00527,A0146,2024-01-27,P1,outage,34.1
T00528,A0147,2024-03-02,P3,billing,61.7
T00529,A0147,2024-03-09,P3,access,40.6
T00530,A0147,2024-03-20,P1,outage,10.9
T00531,A0147,2024-05-07,P2,billing,30.5
T00532,A0147,2024-03-26,P1,bug,5.4
T00533,A0147,2024-04-03,P3,access,26.3
T00534,A0148,2024-02-16,P3,how_to,5.3
T00535,A0148,2024-01-29,P3,bug,69.0
T00536,A0149,2024-02-18,P2,bug,9.0
T00537,A0149,2024-06-27,P3,outage,19.3
T00538,A0149,2024-05-12,P2,how_to,70.8
T00539,A0149,2024-05-01,P2,billing,15.6
T00540,A0149,2024-04-27,P2,billing,43.6
T00541,A0149,2024-05-03,P3,outage,17.7
T00542,A0150,2024-04-21,P3,billing,65.6
T00543,A0150,2024-05-10,P2,outage,30.4
T00544,A0150,2024-01-29,P3,how_to,15.7
T00545,A0150,2024-03-02,P2,outage,17.4
T00546,A0151,2024-04-04,P3,access,8.1
T00547,A0153,2024-04-11,P2,bug,26.1
T00548,A0153,2024-06-06,P1,access,7.3
T00549,A0153,2024-05-13,P3,access,13.1
T00550,A0153,2024-02-26,P3,billing,64.1
T00551,A0153,2024-03-08,P1,outage,61.8
T00552,A0153,2024-05-14,P1,bug,52.6
T00553,A0153,2024-02-04,P2,outage,
T00554,A0154,2024-03-23,P1,bug,9.7
T00555,A0155,2024-04-12,P2,access,40.6
T00556,A0155,2024-02-01,P3,billing,1.4
T00557,A0156,2024-02-28,P3,bug,17.8
T00558,A0156,2024-04-17,P3,access,35.9
T00559,A0157,2024-01-06,P1,access,
T00560,A0157,2024-02-07,P2,bug,
T00561,A0157,2024-02-20,P1,bug,42.8
T00562,A0157,2024-01-16,P1,outage,
T00563,A0157,2024-06-27,P2,bug,19.6
T00564,A0157,2024-06-22,P1,outage,46.2
T00565,A0157,2024-02-28,P2,access,24.1
T00566,A0158,2024-05-02,P3,how_to,27.1
T00567,A0158,2024-01-05,P3,bug,25.2
T00568,A0159,2024-03-02,P2,billing,57.5
T00569,A0159,2024-01-31,P2,how_to,10.9
T00570,A0159,2024-03-06,P1,how_to,
T00571,A0159,2024-04-03,P1,how_to,27.2
T00572,A0160,2024-03-16,P2,access,21.3
T00573,A0160,2024-05-30,P2,access,
T00574,A0160,2024-06-23,P2,outage,10.2
T00575,A0160,2024-06-09,P2,billing,39.9
T00576,A0160,2024-01-04,P1,how_to,24.0
T00577,A0160,2024-01-10,P3,how_to,8.9
T00578,A0161,2024-06-14,P2,access,49.7
T00579,A0161,2024-05-25,P2,bug,15.4
T00580,A0161,2024-02-16,P1,bug,59.5
T00581,A0161,2024-05-13,P1,how_to,26.2
T00582,A0161,2024-03-11,P1,access,71.8
T00583,A0162,2024-05-20,P3,access,53.0
T00584,A0163,2024-04-07,P1,billing,53.1
T00585,A0165,2024-01-16,P3,how_to,6.8
T00586,A0166,2024-01-03,P2,access,71.3
T00587,A0166,2024-03-21,P1,access,17.6
T00588,A0166,2024-01-30,P2,access,16.8
T00589,A0166,2024-03-18,P2,outage,12.4
T00590,A0166,2024-02-26,P3,access,36.5
T00591,A0166,2024-03-17,P2,bug,39.6
T00592,A0166,2024-01-25,P2,billing,40.5
T00593,A0167,2024-01-11,P3,outage,69.9
T00594,A0167,2024-01-29,P2,how_to,19.5
T00595,A0167,2024-06-25,P2,bug,50.1
T00596,A0168,2024-02-07,P3,bug,1.3
T00597,A0168,2024-01-28,P1,access,68.5
T00598,A0168,2024-03-24,P2,outage,35.4
T00599,A0168,2024-06-18,P1,outage,21.3
T00600,A0169,2024-02-14,P1,how_to,64.0
T00601,A0169,2024-01-22,P1,bug,23.6
T00602,A0169,2024-04-08,P2,bug,39.2
T00603,A0169,2024-01-28,P3,access,52.1
T00604,A0169,2024-03-25,P1,how_to,
T00605,A0169,2024-05-23,P3,how_to,52.3
T00606,A0169,2024-01-27,P1,access,40.6
T00607,A0169,2024-06-09,P2,bug,5.5
T00608,A0170,2024-05-07,P3,outage,52.4
T00609,A0170,2024-03-12,P2,billing,
T00610,A0170,2024-04-12,P2,outage,
T00611,A0170,2024-06-18,P3,outage,9.0
T00612,A0170,2024-05-20,P1,bug,37.3
T00613,A0171,2024-03-22,P2,outage,47.8
T00614,A0171,2024-04-01,P1,access,69.2
T00615,A0172,2024-03-22,P2,how_to,
T00616,A0172,2024-01-21,P2,how_to,21.6
T00617,A0172,2024-04-23,P3,billing,28.0
T00618,A0172,2024-06-04,P2,billing,36.2
T00619,A0172,2024-06-04,P3,how_to,11.6
T00620,A0173,2024-04-24,P2,outage,61.8
T00621,A0173,2024-06-23,P2,how_to,48.1
T00622,A0173,2024-05-05,P1,access,18.4
T00623,A0174,2024-01-27,P3,outage,44.8
T00624,A0174,2024-01-05,P3,bug,
T00625,A0174,2024-01-02,P1,how_to,55.5
T00626,A0174,2024-06-22,P1,bug,9.5
T00627,A0174,2024-06-04,P1,how_to,42.6
T00628,A0174,2024-02-14,P1,billing,11.9
T00629,A0177,2024-02-07,P1,outage,35.1
T00630,A0177,2024-01-29,P1,how_to,67.6
T00631,A0177,2024-01-04,P3,bug,22.5
T00632,A0177,2024-03-18,P2,how_to,19.3
T00633,A0177,2024-06-24,P2,outage,68.2
T00634,A0177,2024-01-13,P2,outage,71.0
T00635,A0177,2024-02-24,P3,bug,33.7
T00636,A0178,2024-02-23,P3,outage,55.4
T00637,A0178,2024-03-30,P3,outage,26.7
T00638,A0178,2024-02-06,P1,access,51.9
T00639,A0178,2024-06-06,P2,access,22.6
T00640,A0179,2024-01-04,P3,access,6.4
T00641,A0179,2024-06-17,P3,outage,68.4
T00642,A0179,2024-03-20,P3,bug,6.1
T00643,A0180,2024-04-17,P2,how_to,51.8
T00644,A0180,2024-01-29,P1,billing,11.5
T00645,A0181,2024-04-02,P2,bug,52.2
T00646,A0182,2024-01-25,P3,how_to,54.0
T00647,A0182,2024-01-15,P3,how_to,60.1
T00648,A0182,2024-04-05,P2,how_to,27.5
T00649,A0183,2024-02-16,P2,access,
T00650,A0183,2024-05-14,P3,billing,56.0
T00651,A0184,2024-03-05,P3,bug,64.0
T00652,A0184,2024-03-29,P2,access,42.1
T00653,A0184,2024-01-08,P3,bug,33.2
T00654,A0185,2024-05-16,P3,access,45.6
T00655,A0185,2024-03-10,P2,how_to,50.0
T00656,A0185,2024-03-01,P1,outage,6.1
T00657,A0185,2024-05-23,P1,outage,54.5
T00658,A0185,2024-06-06,P2,outage,
T00659,A0185,2024-05-07,P3,bug,3.0
T00660,A0185,2024-01-22,P2,billing,56.0
T00661,A0186,2024-05-12,P3,access,23.6
T00662,A0186,2024-01-18,P3,billing,41.6
T00663,A0186,2024-06-01,P3,bug,20.5
T00664,A0187,2024-06-03,P2,how_to,57.4
T00665,A0187,2024-03-27,P1,outage,29.8
T00666,A0187,2024-05-31,P3,billing,65.0
T00667,A0188,2024-05-10,P2,bug,19.5
T00668,A0188,2024-05-01,P3,access,12.0
T00669,A0189,2024-06-18,P3,access,19.8
T00670,A0189,2024-02-21,P2,outage,63.1
T00671,A0189,2024-01-29,P3,access,48.8
T00672,A0189,2024-01-08,P3,access,42.3
T00673,A0189,2024-01-31,P2,access,30.2
T00674,A0191,2024-06-06,P1,billing,57.4
T00675,A0191,2024-04-24,P1,how_to,46.9
T00676,A0191,2024-06-19,P2,access,57.0
T00677,A0191,2024-05-21,P2,access,1.1
T00678,A0191,2024-04-08,P3,how_to,48.2
T00679,A0192,2024-06-05,P1,billing,
T00680,A0192,2024-01-10,P3,billing,56.7
T00681,A0193,2024-05-04,P2,outage,43.2
T00682,A0194,2024-02-28,P1,access,48.0
T00683,A0194,2024-04-05,P1,outage,55.4
T00684,A0194,2024-06-27,P2,how_to,45.6
T00685,A0194,2024-06-02,P2,bug,13.5
T00686,A0194,2024-02-02,P2,access,6.5
T00687,A0194,2024-04-17,P1,billing,13.3
T00688,A0194,2024-06-16,P1,bug,6.0
T00689,A0195,2024-02-03,P3,how_to,25.5
T00690,A0195,2024-01-14,P1,outage,64.3
T00691,A0195,2024-05-23,P3,how_to,37.3
T00692,A0195,2024-01-12,P3,how_to,19.8
T00693,A0196,2024-06-20,P1,bug,66.4
T00694,A0196,2024-01-15,P3,outage,46.9
T00695,A0196,2024-02-13,P1,access,18.3
T00696,A0196,2024-03-19,P2,bug,68.0
T00697,A0196,2024-01-21,P2,how_to,42.7
T00698,A0196,2024-06-20,P1,bug,3.9
T00699,A0196,2024-04-09,P1,bug,20.9
T00700,A0196,2024-02-11,P1,how_to,11.9
T00701,A0196,2024-01-05,P1,outage,28.9
T00702,A0198,2024-01-15,P2,how_to,8.0
T00703,A0198,2024-03-06,P1,access,46.6
T00704,A0198,2024-05-13,P3,billing,12.0
T00705,A0198,2024-01-17,P2,access,70.4
T00706,A0199,2024-05-06,P3,billing,22.2
T00707,A0199,2024-04-21,P3,bug,6.0
T00708,A0200,2024-01-31,P3,billing,48.2
T00709,A0200,2024-04-14,P3,how_to,63.5
T00710,A0201,2024-01-01,P3,bug,55.3
T00711,A0201,2024-02-26,P2,how_to,51.6
T00712,A0201,2024-03-25,P2,access,64.0
T00713,A0202,2024-04-16,P2,billing,29.7
T00714,A0202,2024-01-29,P2,billing,46.5
T00715,A0203,2024-01-16,P2,how_to,42.8
T00716,A0204,2024-06-15,P3,billing,38.8
T00717,A0205,2024-03-05,P2,bug,70.3
T00718,A0205,2024-03-19,P1,outage,11.3
T00719,A0205,2024-03-07,P3,outage,55.0
T00720,A0205,2024-06-09,P2,how_to,11.3
T00721,A0205,2024-05-29,P2,billing,19.2
T00722,A0206,2024-04-14,P2,how_to,15.8
T00723,A0206,2024-06-13,P1,billing,61.6
T00724,A0206,2024-01-29,P3,access,45.7
T00725,A0207,2024-05-29,P1,outage,29.7
T00726,A0207,2024-04-23,P1,access,
T00727,A0207,2024-01-27,P2,outage,49.6
T00728,A0207,2024-03-31,P2,how_to,57.1
T00729,A0207,2024-04-17,P1,billing,20.3
T00730,A0207,2024-05-01,P3,billing,35.7
T00731,A0208,2024-01-11,P1,billing,52.8
T00732,A0208,2024-04-30,P1,billing,68.0
T00733,A0208,2024-06-01,P2,outage,13.0
T00734,A0208,2024-02-15,P2,outage,61.7
T00735,A0208,2024-06-18,P2,outage,20.9
T00736,A0208,2024-06-24,P2,bug,66.3
T00737,A0209,2024-02-21,P3,outage,1.4
T00738,A0209,2024-05-27,P1,outage,71.3
T00739,A0209,2024-04-01,P2,bug,
T00740,A0209,2024-03-24,P2,how_to,68.7
T00741,A0209,2024-01-05,P1,how_to,45.4
T00742,A0209,2024-04-07,P2,outage,26.1
T00743,A0210,2024-01-26,P3,how_to,67.3
T00744,A0210,2024-05-10,P2,billing,45.4
T00745,A0210,2024-02-17,P2,how_to,53.5
T00746,A0210,2024-06-10,P2,access,27.7
T00747,A0210,2024-05-06,P3,how_to,26.1
T00748,A0210,2024-04-09,P2,bug,47.6
T00749,A0211,2024-03-31,P3,outage,71.5
T00750,A0211,2024-06-19,P3,billing,36.4
T00751,A0212,2024-02-13,P2,how_to,50.8
T00752,A0213,2024-01-16,P3,bug,67.5
T00753,A0213,2024-03-25,P3,access,32.9
T00754,A0214,2024-05-03,P2,billing,34.6
T00755,A0214,2024-01-24,P3,billing,22.7
T00756,A0215,2024-05-02,P2,bug,26.6
T00757,A0216,2024-05-04,P3,billing,60.5
T00758,A0216,2024-06-24,P3,billing,68.2
T00759,A0216,2024-03-16,P1,bug,69.8
T00760,A0217,2024-05-20,P3,billing,27.6
T00761,A0217,2024-02-18,P3,how_to,64.9
T00762,A0217,2024-06-23,P1,how_to,36.1
T00763,A0217,2024-02-15,P1,access,44.0
T00764,A0217,2024-06-26,P3,how_to,66.7
T00765,A0218,2024-03-22,P2,bug,56.0
T00766,A0218,2024-03-07,P3,bug,40.6
T00767,A0218,2024-06-01,P3,bug,
T00768,A0219,2024-06-19,P3,how_to,52.1
T00769,A0219,2024-05-12,P2,access,32.2
T00770,A0220,2024-02-08,P3,access,58.7
T00771,A0220,2024-02-02,P1,bug,29.0
T00772,A0220,2024-04-05,P1,how_to,12.6
T00773,A0220,2024-06-17,P1,billing,58.4
T00774,A0220,2024-04-17,P2,bug,
T00775,A0221,2024-06-03,P2,billing,55.0
T00776,A0221,2024-05-20,P3,outage,26.3
T00777,A0222,2024-03-22,P3,how_to,66.1
T00778,A0222,2024-05-11,P3,billing,10.1
T00779,A0222,2024-05-02,P2,access,55.4
T00780,A0222,2024-03-08,P3,access,17.8
T00781,A0223,2024-03-27,P2,billing,23.0
T00782,A0223,2024-04-01,P2,how_to,
T00783,A0223,2024-05-18,P1,access,10.3
T00784,A0223,2024-06-01,P1,billing,23.2
T00785,A0224,2024-06-14,P1,outage,47.0
T00786,A0224,2024-02-23,P3,how_to,27.3
T00787,A0224,2024-06-08,P2,access,44.7
T00788,A0224,2024-03-26,P1,how_to,
T00789,A0224,2024-03-03,P1,access,68.7
T00790,A0224,2024-04-14,P1,outage,31.5
T00791,A0224,2024-01-01,P3,access,70.0
T00792,A0225,2024-05-04,P2,billing,7.9
T00793,A0225,2024-05-29,P1,how_to,24.0
T00794,A0225,2024-06-21,P1,outage,23.3
T00795,A0225,2024-06-07,P2,how_to,26.8
T00796,A0225,2024-05-13,P1,billing,68.7
T00797,A0226,2024-01-14,P1,bug,56.2
T00798,A0226,2024-02-02,P1,access,15.9
T00799,A0226,2024-06-12,P1,access,29.7
T00800,A0227,2024-03-18,P3,billing,36.6
T00801,A0227,2024-03-18,P2,access,58.7
T00802,A0227,2024-01-03,P3,outage,27.5
T00803,A0228,2024-06-07,P3,billing,29.4
T00804,A0228,2024-03-12,P1,outage,9.8
T00805,A0228,2024-02-19,P2,how_to,37.1
T00806,A0228,2024-03-10,P1,access,20.7
T00807,A0229,2024-02-11,P1,bug,22.7
T00808,A0229,2024-01-05,P3,bug,30.0
T00809,A0229,2024-03-27,P1,how_to,7.8
T00810,A0229,2024-05-21,P3,outage,57.2
T00811,A0229,2024-03-20,P1,bug,49.8
T00812,A0230,2024-03-07,P1,billing,13.6
T00813,A0230,2024-04-23,P3,billing,5.2
T00814,A0230,2024-05-15,P2,billing,12.5
T00815,A0230,2024-03-11,P1,how_to,14.3
T00816,A0230,2024-02-14,P1,outage,66.6
T00817,A0230,2024-06-14,P1,outage,64.0
T00818,A0231,2024-06-04,P1,outage,68.3
T00819,A0232,2024-03-23,P3,billing,36.4
T00820,A0232,2024-03-22,P2,how_to,8.2
T00821,A0232,2024-01-01,P2,bug,59.7
T00822,A0233,2024-01-27,P1,access,14.0
T00823,A0233,2024-06-17,P3,billing,56.4
T00824,A0234,2024-03-14,P2,bug,24.8
T00825,A0234,2024-02-07,P2,bug,
T00826,A0234,2024-03-31,P3,bug,42.4
T00827,A0234,2024-06-11,P2,bug,
T00828,A0234,2024-05-29,P2,access,15.3
T00829,A0234,2024-02-24,P2,how_to,53.3
T00830,A0234,2024-01-19,P1,bug,47.0
T00831,A0234,2024-05-18,P1,outage,
T00832,A0235,2024-06-07,P3,access,12.2
T00833,A0235,2024-03-19,P3,billing,41.9
T00834,A0235,2024-03-29,P3,access,12.4
T00835,A0236,2024-02-10,P3,how_to,57.2
T00836,A0236,2024-03-27,P2,how_to,1.3
T00837,A0236,2024-03-24,P2,how_to,66.4
T00838,A0237,2024-02-09,P1,bug,11.6
T00839,A0237,2024-01-26,P1,how_to,14.8
T00840,A0237,2024-04-14,P2,bug,46.8
T00841,A0237,2024-01-22,P1,access,30.1
T00842,A0237,2024-06-06,P1,bug,12.3
T00843,A0237,2024-04-08,P3,access,46.7
T00844,A0237,2024-05-17,P3,how_to,51.1
T00845,A0238,2024-02-08,P3,outage,29.9
T00846,A0238,2024-01-09,P3,access,52.0
T00847,A0238,2024-03-16,P3,outage,23.2
T00848,A0239,2024-04-16,P3,how_to,67.1
T00849,A0239,2024-06-27,P2,access,36.4
T00850,A0239,2024-06-03,P3,outage,
T00851,A0239,2024-01-05,P1,bug,15.7
T00852,A0239,2024-05-10,P2,bug,47.6
T00853,A0239,2024-05-27,P3,access,42.9
T00854,A0241,2024-05-22,P3,outage,69.2
T00855,A0241,2024-05-24,P3,outage,
T00856,A0241,2024-01-02,P3,bug,62.8
T00857,A0241,2024-04-20,P1,billing,25.7
T00858,A0242,2024-01-20,P1,access,55.4
T00859,A0242,2024-04-09,P2,how_to,8.8
T00860,A0242,2024-01-23,P2,billing,39.3
T00861,A0242,2024-05-28,P2,how_to,
T00862,A0244,2024-02-21,P3,how_to,
T00863,A0244,2024-04-27,P1,how_to,45.7
T00864,A0244,2024-01-19,P1,outage,62.0
T00865,A0244,2024-02-03,P2,outage,51.4
T00866,A0245,2024-06-21,P3,billing,33.0
T00867,A0245,2024-05-03,P3,billing,14.1
T00868,A0246,2024-03-15,P2,bug,32.5
T00869,A0246,2024-01-30,P2,bug,38.5
T00870,A0246,2024-01-14,P3,bug,52.0
T00871,A0246,2024-01-30,P2,bug,43.5
T00872,A0246,2024-05-11,P1,access,44.2
T00873,A0246,2024-06-22,P3,outage,58.4
T00874,A0247,2024-04-19,P3,access,21.2
T00875,A0247,2024-01-23,P1,bug,
T00876,A0247,2024-04-28,P2,billing,62.2
T00877,A0247,2024-04-23,P3,bug,61.3
T00878,A0247,2024-01-14,P3,outage,8.3
T00879,A0248,2024-01-01,P3,outage,54.7
T00880,A0248,2024-01-21,P2,how_to,66.4
T00881,A0248,2024-05-23,P2,access,60.3
T00882,A0248,2024-06-25,P2,bug,44.0
T00883,A0248,2024-06-19,P3,bug,17.5
T00884,A0248,2024-01-01,P2,outage,14.9
T00885,A0248,2024-04-17,P3,outage,39.1
T00886,A0248,2024-06-27,P3,billing,60.7
T00887,A0249,2024-04-07,P2,how_to,
T00888,A0249,2024-03-30,P1,outage,31.6
T00889,A0249,2024-03-22,P2,outage,5.9
T00890,A0250,2024-04-02,P3,access,43.1
T00891,A0251,2024-03-13,P3,outage,35.5
T00892,A0251,2024-05-07,P3,bug,36.1
T00893,A0252,2024-05-11,P2,how_to,63.5
T00894,A0252,2024-06-26,P2,bug,1.0
T00895,A0252,2024-02-09,P3,billing,2.2
T00896,A0252,2024-02-14,P1,billing,60.3
T00897,A0253,2024-03-04,P2,bug,4.7
T00898,A0253,2024-04-10,P2,outage,51.7
T00899,A0254,2024-02-13,P2,access,20.6
T00900,A0254,2024-01-12,P2,bug,22.6
T00901,A0254,2024-03-10,P1,bug,55.2
T00902,A0254,2024-06-24,P3,billing,61.7
T00903,A0254,2024-04-13,P3,bug,66.4
T00904,A0255,2024-01-31,P2,outage,24.1
T00905,A0255,2024-01-13,P2,bug,49.3
T00906,A0255,2024-05-11,P1,outage,50.3
T00907,A0255,2024-04-13,P1,access,55.2
T00908,A0255,2024-05-10,P1,billing,54.4
T00909,A0255,2024-04-01,P1,bug,70.3
T00910,A0255,2024-03-28,P2,how_to,
T00911,A0255,2024-06-20,P2,how_to,
T00912,A0256,2024-04-10,P3,billing,14.8
T00913,A0256,2024-03-08,P2,how_to,9.4
T00914,A0256,2024-01-07,P3,how_to,20.4
T00915,A0257,2024-02-04,P3,bug,57.2
T00916,A0257,2024-02-27,P2,access,3.8
T00917,A0257,2024-06-04,P1,how_to,14.0
T00918,A0257,2024-04-29,P2,bug,52.3
T00919,A0257,2024-03-15,P2,outage,
T00920,A0257,2024-01-02,P2,billing,40.7
T00921,A0257,2024-05-15,P2,how_to,21.2
T00922,A0258,2024-02-16,P2,bug,16.0
T00923,A0258,2024-03-23,P2,outage,28.6
T00924,A0258,2024-01-04,P2,bug,28.9
T00925,A0258,2024-03-27,P3,outage,
T00926,A0258,2024-02-29,P1,access,45.3
T00927,A0258,2024-03-02,P2,bug,30.2
T00928,A0260,2024-05-13,P2,billing,28.1
T00929,A0260,2024-02-23,P3,outage,47.8
T00930,A0260,2024-04-20,P2,how_to,16.7
T00931,A0260,2024-04-27,P3,bug,71.1
T00932,A0260,2024-04-24,P2,billing,50.0
T00933,A0261,2024-05-23,P3,bug,69.4
T00934,A0262,2024-02-26,P1,bug,48.9
T00935,A0263,2024-05-30,P3,access,52.7
T00936,A0263,2024-01-18,P2,bug,
T00937,A0263,2024-03-20,P1,outage,21.8
T00938,A0263,2024-04-19,P1,billing,18.1
T00939,A0263,2024-01-04,P2,bug,14.3
T00940,A0263,2024-04-08,P1,outage,57.9
T00941,A0263,2024-02-23,P3,bug,54.7
T00942,A0263,2024-03-01,P1,bug,20.5
T00943,A0263,2024-03-19,P2,access,57.1
T00944,A0264,2024-04-03,P1,outage,38.1
T00945,A0264,2024-03-15,P1,access,5.7
T00946,A0264,2024-01-11,P3,how_to,58.5
T00947,A0264,2024-03-23,P2,bug,7.6
T00948,A0265,2024-05-04,P2,billing,50.8
T00949,A0265,2024-05-26,P2,bug,69.0
T00950,A0266,2024-05-23,P1,billing,52.1
T00951,A0266,2024-01-30,P3,how_to,35.1
T00952,A0267,2024-02-08,P2,outage,
T00953,A0269,2024-04-08,P3,how_to,17.1
T00954,A0269,2024-03-01,P1,access,16.9
T00955,A0269,2024-04-08,P2,outage,48.8
T00956,A0269,2024-06-21,P3,billing,29.3
T00957,A0269,2024-01-28,P3,billing,
T00958,A0270,2024-05-30,P2,billing,13.8
T00959,A0270,2024-04-09,P3,bug,27.6
T00960,A0270,2024-04-21,P2,billing,
T00961,A0270,2024-03-28,P2,billing,57.5
T00962,A0271,2024-06-01,P1,outage,60.5
T00963,A0272,2024-01-15,P3,bug,62.7
T00964,A0272,2024-04-28,P3,outage,17.5
T00965,A0272,2024-05-20,P2,access,22.6
T00966,A0272,2024-03-09,P1,billing,38.8
T00967,A0272,2024-01-23,P2,outage,70.2
T00968,A0272,2024-03-26,P2,access,7.2
T00969,A0273,2024-01-13,P1,bug,6.8
T00970,A0273,2024-01-18,P1,billing,56.4
T00971,A0273,2024-05-20,P3,access,27.5
T00972,A0273,2024-06-25,P2,bug,4.5
T00973,A0273,2024-05-31,P1,billing,66.8
T00974,A0273,2024-05-03,P2,bug,53.2
T00975,A0273,2024-02-17,P2,outage,24.2
T00976,A0273,2024-02-22,P2,outage,20.3
T00977,A0274,2024-04-14,P2,access,69.9
T00978,A0274,2024-01-15,P3,outage,21.9
T00979,A0274,2024-04-30,P3,how_to,32.9
T00980,A0274,2024-05-04,P3,access,17.9
T00981,A0274,2024-01-15,P2,access,32.2
T00982,A0275,2024-05-24,P1,billing,53.6
T00983,A0276,2024-05-09,P2,bug,25.0
T00984,A0276,2024-03-06,P1,bug,43.4
T00985,A0276,2024-02-16,P3,outage,56.9
T00986,A0277,2024-06-28,P1,bug,45.8
T00987,A0277,2024-06-24,P1,bug,18.9
T00988,A0277,2024-04-04,P1,bug,20.9
T00989,A0277,2024-03-21,P1,outage,31.3
T00990,A0277,2024-01-19,P3,how_to,68.7
T00991,A0277,2024-02-01,P2,billing,56.5
T00992,A0278,2024-03-21,P2,outage,34.6
T00993,A0279,2024-02-22,P1,billing,28.1
T00994,A0279,2024-02-14,P3,billing,10.9
T00995,A0279,2024-05-08,P1,access,28.0
T00996,A0279,2024-02-09,P1,billing,25.7
T00997,A0279,2024-02-07,P1,bug,47.5
T00998,A0280,2024-06-16,P2,how_to,30.5
T00999,A0281,2024-02-25,P3,access,62.4
T01000,A0281,2024-06-22,P3,outage,43.0
T01001,A0281,2024-05-08,P3,outage,59.8
T01002,A0282,2024-04-04,P1,how_to,
T01003,A0282,2024-04-28,P1,billing,28.2
T01004,A0282,2024-06-11,P3,outage,60.0
T01005,A0282,2024-03-17,P3,outage,28.3
T01006,A0282,2024-04-07,P3,how_to,17.5
T01007,A0282,2024-03-18,P3,outage,70.1
T01008,A0282,2024-05-23,P3,access,19.2
T01009,A0283,2024-06-03,P1,access,51.7
T01010,A0283,2024-05-26,P1,access,56.4
T01011,A0283,2024-04-18,P1,billing,57.9
T01012,A0283,2024-04-11,P1,outage,8.3
T01013,A0283,2024-01-01,P3,how_to,35.5
T01014,A0283,2024-05-18,P1,bug,
T01015,A0283,2024-02-15,P2,billing,55.1
T01016,A0284,2024-01-11,P2,bug,27.6
T01017,A0284,2024-01-13,P1,access,53.2
T01018,A0284,2024-06-04,P2,outage,48.0
T01019,A0284,2024-02-06,P3,billing,22.8
T01020,A0284,2024-04-22,P2,bug,32.4
T01021,A0285,2024-05-28,P2,billing,1.7
T01022,A0285,2024-06-05,P3,bug,60.9
T01023,A0285,2024-05-31,P3,bug,27.3
T01024,A0287,2024-04-20,P3,how_to,35.6
T01025,A0287,2024-04-11,P3,access,32.2
T01026,A0288,2024-01-29,P1,billing,50.1
T01027,A0288,2024-01-04,P1,how_to,45.3
T01028,A0288,2024-03-20,P2,bug,63.5
T01029,A0288,2024-05-06,P2,access,68.1
T01030,A0288,2024-02-27,P1,access,5.4
T01031,A0289,2024-05-30,P1,access,63.9
T01032,A0289,2024-05-01,P1,access,49.7
T01033,A0289,2024-06-04,P3,outage,36.6
T01034,A0289,2024-06-06,P1,bug,
T01035,A0289,2024-03-03,P3,billing,38.6
T01036,A0289,2024-03-02,P1,billing,60.0
T01037,A0290,2024-01-27,P3,outage,4.3
T01038,A0291,2024-05-13,P3,how_to,35.7
T01039,A0291,2024-02-24,P3,outage,
T01040,A0291,2024-05-14,P1,outage,48.6
T01041,A0291,2024-02-23,P3,bug,43.5
T01042,A0292,2024-05-25,P3,how_to,42.2
T01043,A0292,2024-03-02,P2,access,39.0
T01044,A0292,2024-01-09,P3,how_to,44.2
T01045,A0292,2024-02-13,P2,bug,65.7
T01046,A0292,2024-02-25,P3,access,24.1
T01047,A0293,2024-02-27,P3,access,67.3
T01048,A0293,2024-01-31,P3,how_to,64.8
T01049,A0294,2024-02-15,P2,how_to,61.4
T01050,A0294,2024-04-29,P1,how_to,56.3
T01051,A0294,2024-04-28,P2,how_to,65.3
T01052,A0294,2024-03-29,P1,how_to,70.5
T01053,A0294,2024-04-16,P1,billing,37.8
T01054,A0295,2024-01-12,P3,how_to,
T01055,A0295,2024-06-16,P2,billing,60.2
T01056,A0295,2024-06-28,P2,access,69.4
T01057,A0295,2024-05-08,P3,how_to,32.6
T01058,A0296,2024-05-22,P3,billing,49.3
T01059,A0296,2024-03-16,P1,how_to,9.4
T01060,A0297,2024-01-11,P3,how_to,18.9
T01061,A0297,2024-02-16,P3,billing,32.4
T01062,A0297,2024-03-04,P1,how_to,69.5
T01063,A0297,2024-06-13,P2,how_to,17.1
T01064,A0298,2024-03-08,P3,how_to,41.0
T01065,A0298,2024-04-26,P3,billing,11.0
T01066,A0298,2024-04-28,P3,how_to,28.1
T01067,A0298,2024-06-05,P3,how_to,52.0
T01068,A0298,2024-04-18,P3,bug,36.3
T01069,A0299,2024-03-20,P1,bug,26.6
T01070,A0299,2024-03-26,P3,access,53.1
T01071,A0300,2024-06-27,P3,access,
T01072,A0302,2024-02-12,P3,how_to,34.4
T01073,A0302,2024-02-07,P3,access,20.9
T01074,A0302,2024-06-05,P3,outage,25.5
T01075,A0302,2024-05-31,P3,access,24.5
T01076,A0303,2024-01-23,P1,how_to,2.1
T01077,A0303,2024-03-18,P1,access,27.1
T01078,A0303,2024-05-11,P1,billing,7.6
T01079,A0303,2024-04-28,P2,bug,48.5
T01080,A0303,2024-05-24,P2,access,24.8
T01081,A0303,2024-02-08,P2,bug,42.3
T01082,A0304,2024-04-23,P1,bug,39.6
T01083,A0304,2024-04-24,P1,billing,25.6
T01084,A9999,2024-03-20,P3,billing,17.7
T01085,A0306,2024-02-28,P1,outage,46.2
T01086,A0306,2024-01-10,P2,billing,31.6
T01087,A0306,2024-03-27,P3,billing,34.9
T01088,A0306,2024-06-21,P1,how_to,68.5
T01089,A0306,2024-06-23,P3,how_to,38.8
T01090,A0307,2024-03-27,P3,bug,56.2
T01091,A0307,2024-02-07,P1,bug,32.0
T01092,A0307,2024-05-26,P1,outage,70.1
T01093,A0307,2024-01-23,P2,access,68.8
T01094,A0307,2024-03-20,P1,outage,46.4
T01095,A0308,2024-02-18,P1,outage,9.8
T01096,A0308,2024-06-04,P1,billing,
T01097,A0308,2024-03-15,P2,bug,61.7
T01098,A0308,2024-02-17,P1,outage,29.5
T01099,A0308,2024-01-05,P2,bug,31.0
T01100,A0308,2024-03-05,P2,outage,53.2
T01101,A0308,2024-02-12,P3,bug,19.3
T01102,A0310,2024-02-04,P3,outage,19.7
T01103,A0310,2024-02-19,P2,billing,39.8
T01104,A0310,2024-05-18,P3,billing,45.1
T01105,A0310,2024-03-19,P2,bug,22.5
T01106,A0310,2024-01-22,P2,billing,45.3
T01107,A0310,2024-06-21,P1,access,22.1
T01108,A0310,2024-01-21,P1,billing,53.2
T01109,A0311,2024-03-10,P1,outage,
T01110,A0311,2024-04-30,P3,outage,30.6
T01111,A0311,2024-06-01,P1,outage,56.0
T01112,A0311,2024-02-09,P1,billing,54.2
T01113,A0311,2024-05-23,P3,access,19.2
T01114,A0311,2024-01-27,P3,outage,70.4
T01115,A0313,2024-03-01,P3,access,16.9
T01116,A0314,2024-03-08,P3,how_to,64.5
T01117,A0315,2024-02-12,P3,how_to,65.9
T01118,A0316,2024-06-13,P2,outage,53.0
T01119,A0316,2024-04-30,P1,billing,67.5
T01120,A0316,2024-06-10,P2,access,25.0
T01121,A0318,2024-04-10,P2,access,63.8
T01122,A0318,2024-05-23,P3,bug,41.9
T01123,A0319,2024-06-12,P1,billing,30.4
T01124,A0319,2024-03-16,P3,billing,25.7
T01125,A0319,2024-04-19,P2,bug,51.1
T01126,A0319,2024-01-16,P2,billing,1.8
T01127,A0319,2024-05-09,P1,how_to,21.3
T01128,A0319,2024-05-02,P1,outage,19.5
T01129,A0321,2024-06-24,P2,billing,61.0
T01130,A0321,2024-04-25,P1,how_to,36.6
T01131,A0322,2024-06-04,P3,billing,
T01132,A0322,2024-04-11,P1,bug,44.6
T01133,A0322,2024-03-14,P1,outage,54.1
T01134,A0322,2024-05-17,P3,billing,41.4
T01135,A0322,2024-01-18,P3,how_to,35.8
T01136,A0322,2024-06-13,P1,outage,3.9
T01137,A0322,2024-05-17,P1,outage,39.2
T01138,A0322,2024-06-13,P2,billing,11.3
T01139,A0323,2024-05-21,P3,how_to,65.6
T01140,A0323,2024-01-10,P3,billing,14.0
T01141,A0323,2024-06-12,P3,outage,11.4
T01142,A0323,2024-06-11,P1,access,68.5
T01143,A0323,2024-05-06,P1,access,3.2
T01144,A0323,2024-05-05,P1,bug,16.3
T01145,A0324,2024-04-09,P2,outage,
T01146,A0325,2024-02-03,P2,how_to,7.3
T01147,A0325,2024-05-21,P1,bug,20.3
T01148,A0325,2024-03-02,P1,access,41.5
T01149,A0325,2024-05-25,P1,access,69.9
T01150,A0326,2024-06-20,P2,how_to,16.4
T01151,A0326,2024-05-01,P2,outage,7.7
T01152,A0326,2024-01-26,P2,billing,31.3
T01153,A0326,2024-04-19,P1,access,24.8
T01154,A0326,2024-05-12,P1,access,47.9
T01155,A0326,2024-06-05,P1,access,41.7
T01156,A0327,2024-04-15,P2,how_to,31.0
T01157,A0327,2024-02-06,P1,outage,
T01158,A0327,2024-02-11,P3,billing,60.2
T01159,A0327,2024-04-29,P1,access,48.1
T01160,A0327,2024-04-06,P3,bug,62.3
T01161,A0327,2024-06-16,P1,billing,29.4
T01162,A0327,2024-01-11,P1,how_to,49.4
T01163,A0327,2024-03-25,P3,outage,4.1
T01164,A0327,2024-03-22,P2,outage,46.2
T01165,A0328,2024-01-21,P2,access,59.6
T01166,A0328,2024-01-19,P2,bug,60.7
T01167,A0328,2024-04-26,P1,access,64.3
T01168,A0328,2024-02-23,P2,bug,66.6
T01169,A0328,2024-06-20,P2,outage,2.5
T01170,A0330,2024-06-11,P2,how_to,30.2
T01171,A0330,2024-02-24,P2,billing,7.5
T01172,A0331,2024-01-29,P3,access,4.5
T01173,A0332,2024-05-01,P1,billing,18.5
T01174,A0332,2024-05-11,P1,billing,66.9
T01175,A0332,2024-03-03,P2,outage,14.2
T01176,A0332,2024-06-10,P1,billing,20.8
T01177,A0332,2024-06-21,P2,billing,24.2
T01178,A0332,2024-03-14,P2,bug,53.2
T01179,A0332,2024-03-23,P2,billing,23.7
T01180,A0332,2024-03-30,P2,how_to,5.1
T01181,A0333,2024-03-03,P3,access,63.9
T01182,A0333,2024-02-25,P3,access,3.5
T01183,A0333,2024-05-06,P2,how_to,21.4
T01184,A0334,2024-06-04,P3,access,3.5
T01185,A0334,2024-06-02,P1,billing,61.8
T01186,A0334,2024-05-03,P1,bug,66.3
T01187,A0334,2024-06-19,P1,outage,20.9
T01188,A0334,2024-02-09,P2,access,
T01189,A0335,2024-04-26,P2,outage,10.0
T01190,A0335,2024-03-29,P2,outage,47.1
T01191,A0335,2024-05-19,P3,how_to,65.4
T01192,A0335,2024-01-10,P3,how_to,38.8
T01193,A0336,2024-04-02,P3,billing,52.4
T01194,A0336,2024-04-21,P2,billing,10.2
T01195,A0336,2024-01-30,P2,bug,25.6
T01196,A0336,2024-05-29,P2,billing,36.0
T01197,A0336,2024-04-10,P1,billing,62.3
T01198,A0336,2024-01-26,P3,outage,
T01199,A0336,2024-02-24,P3,billing,3.7
T01200,A0337,2024-02-14,P1,outage,30.0
T01201,A0337,2024-04-29,P1,bug,5.2
T01202,A0337,2024-05-17,P2,access,
T01203,A0337,2024-01-02,P2,how_to,35.3
T01204,A0337,2024-05-23,P1,outage,14.4
T01205,A0338,2024-06-04,P2,bug,16.7
T01206,A0338,2024-01-02,P2,billing,64.1
T01207,A0338,2024-03-07,P3,access,18.4
T01208,A0338,2024-02-16,P1,outage,67.4
T01209,A0338,2024-01-02,P3,access,
T01210,A0338,2024-05-14,P2,bug,31.3
T01211,A0339,2024-02-27,P1,access,10.4
T01212,A0339,2024-02-15,P1,outage,41.3
T01213,A0339,2024-05-13,P1,outage,
T01214,A0339,2024-02-14,P1,billing,29.2
T01215,A0339,2024-03-07,P2,how_to,33.2
T01216,A0340,2024-02-23,P3,how_to,71.4
T01217,A0340,2024-05-02,P2,billing,
T01218,A0340,2024-05-12,P2,outage,69.6
T01219,A0341,2024-06-16,P2,how_to,11.6
T01220,A0341,2024-05-01,P3,how_to,69.2
T01221,A0341,2024-03-20,P3,access,10.4
T01222,A0341,2024-04-16,P3,outage,67.1
T01223,A0342,2024-02-27,P2,billing,69.0
T01224,A0343,2024-02-01,P1,billing,57.3
T01225,A0343,2024-04-14,P1,billing,4.5
T01226,A0343,2024-02-21,P2,billing,26.3
T01227,A0344,2024-03-25,P1,bug,32.1
T01228,A0344,2024-04-30,P1,access,46.2
T01229,A0345,2024-05-30,P3,bug,50.2
T01230,A0345,2024-05-27,P2,bug,4.5
T01231,A0345,2024-05-14,P1,how_to,56.3
T01232,A0345,2024-01-08,P3,how_to,16.9
T01233,A0345,2024-04-11,P3,bug,26.9
T01234,A0345,2024-04-18,P1,bug,49.9
T01235,A0347,2024-03-04,P2,how_to,71.7
T01236,A0347,2024-03-30,P3,how_to,41.5
T01237,A0347,2024-01-03,P1,outage,11.5
T01238,A0347,2024-02-11,P3,how_to,45.2
T01239,A0347,2024-04-30,P2,outage,26.1
T01240,A0348,2024-05-01,P3,outage,65.7
T01241,A0348,2024-03-26,P3,access,62.6
T01242,A0348,2024-03-25,P3,bug,50.3
T01243,A0348,2024-06-21,P2,how_to,
T01244,A0348,2024-06-27,P2,access,70.2
T01245,A0348,2024-04-04,P3,access,55.7
T01246,A0348,2024-03-17,P1,access,6.8
T01247,A0348,2024-05-25,P2,how_to,44.0
T01248,A0348,2024-03-21,P1,billing,7.3
T01249,A0348,2024-03-28,P3,outage,25.1
T01250,A0349,2024-06-21,P3,bug,55.5
T01251,A0349,2024-02-09,P2,billing,20.0
T01252,A0349,2024-06-03,P3,bug,55.0
T01253,A0350,2024-02-27,P3,bug,1.7
T01254,A0350,2024-04-02,P2,bug,36.7
T01255,A0351,2024-06-16,P2,bug,62.5
T01256,A0351,2024-06-09,P3,billing,61.7
T01257,A0351,2024-04-08,P2,outage,15.5
T01258,A0351,2024-05-08,P1,how_to,10.7
T01259,A0351,2024-02-28,P2,billing,39.0
T01260,A0351,2024-04-07,P3,bug,20.8
T01261,A0352,2024-04-12,P3,billing,23.9
T01262,A0353,2024-06-17,P2,outage,44.1
T01263,A0354,2024-03-03,P1,access,56.7
T01264,A0354,2024-01-10,P3,billing,59.4
T01265,A0354,2024-03-12,P2,billing,47.3
T01266,A0354,2024-03-21,P2,how_to,7.7
T01267,A0355,2024-06-09,P1,outage,55.5
T01268,A0355,2024-06-03,P2,how_to,23.3
T01269,A0355,2024-04-15,P1,access,24.1
T01270,A0355,2024-03-24,P3,access,39.4
T01271,A0355,2024-03-08,P2,outage,11.3
T01272,A0356,2024-02-04,P1,how_to,40.9
T01273,A0356,2024-04-29,P2,access,26.3
T01274,A0356,2024-05-07,P1,bug,
T01275,A0357,2024-01-29,P2,billing,
T01276,A0357,2024-02-21,P3,access,28.1
T01277,A0357,2024-03-13,P2,billing,66.0
T01278,A0357,2024-02-03,P1,how_to,58.6
T01279,A0357,2024-03-03,P1,billing,48.6
T01280,A0360,2024-03-11,P3,billing,42.6
T01281,A0360,2024-05-24,P1,outage,36.1
T01282,A0360,2024-06-09,P2,how_to,30.6
T01283,A0360,2024-03-07,P3,bug,53.7
T01284,A0361,2024-01-08,P2,bug,70.4
T01285,A0362,2024-01-27,P3,how_to,7.0
T01286,A0363,2024-02-10,P3,outage,33.6
T01287,A0363,2024-01-08,P2,access,19.2
T01288,A0363,2024-01-21,P3,access,34.0
T01289,A0363,2024-02-19,P3,billing,20.7
T01290,A0364,2024-01-25,P2,outage,69.8
T01291,A0364,2024-01-24,P1,bug,64.2
T01292,A0364,2024-02-23,P1,billing,24.3
T01293,A0364,2024-04-02,P1,bug,65.8
T01294,A0364,2024-02-10,P2,billing,26.4
T01295,A0365,2024-05-20,P1,billing,33.1
T01296,A0365,2024-01-14,P1,access,8.2
T01297,A0365,2024-01-11,P3,access,25.4
T01298,A0366,2024-06-26,P3,bug,45.6
T01299,A0366,2024-02-29,P1,billing,69.6
T01300,A0366,2024-05-14,P1,billing,26.0
T01301,A0367,2024-04-29,P3,outage,5.7
T01302,A0368,2024-05-21,P3,bug,13.0
T01303,A0368,2024-06-03,P2,outage,28.4
T01304,A0368,2024-01-12,P3,outage,45.1
T01305,A0369,2024-06-25,P2,access,48.1
T01306,A0369,2024-03-12,P1,outage,39.1
T01307,A0369,2024-04-24,P3,billing,59.4
T01308,A0369,2024-01-15,P2,access,10.0
T01309,A0369,2024-01-13,P2,outage,28.6
T01310,A0369,2024-04-25,P2,bug,36.7
T01311,A0369,2024-03-26,P2,access,2.8
T01312,A0369,2024-03-07,P2,bug,48.8
T01313,A0369,2024-02-19,P2,bug,54.7
T01314,A0370,2024-04-08,P3,outage,22.0
T01315,A0370,2024-02-04,P3,billing,45.0
T01316,A0371,2024-01-11,P3,access,67.5
T01317,A0372,2024-04-10,P3,how_to,29.0
T01318,A0373,2024-04-12,P2,billing,68.9
T01319,A0375,2024-01-16,P1,access,
T01320,A0375,2024-05-19,P2,how_to,17.0
T01321,A0375,2024-06-15,P2,billing,18.2
T01322,A0375,2024-03-14,P3,how_to,
T01323,A0375,2024-04-03,P1,billing,52.0
T01324,A0375,2024-05-24,P2,access,4.5
T01325,A0375,2024-05-04,P2,billing,
T01326,A0376,2024-04-11,P1,billing,25.8
T01327,A0376,2024-05-26,P2,access,52.4
T01328,A0377,2024-01-21,P2,access,49.0
T01329,A0377,2024-03-16,P2,how_to,37.8
T01330,A0377,2024-06-18,P3,how_to,70.2
T01331,A0378,2024-04-17,P1,outage,21.3
T01332,A0378,2024-04-24,P3,access,39.5
T01333,A0379,2024-02-07,P2,how_to,23.2
T01334,A0379,2024-03-25,P2,outage,
T01335,A0379,2024-05-04,P3,how_to,15.7
T01336,A0379,2024-06-26,P1,access,43.0
T01337,A0380,2024-05-30,P1,access,71.6
T01338,A0380,2024-01-06,P2,access,10.0
T01339,A0380,2024-01-26,P3,bug,33.5
T01340,A0380,2024-05-09,P2,bug,64.7
T01341,A0380,2024-01-09,P3,bug,34.3
T01342,A0382,2024-03-22,P1,billing,43.7
T01343,A0383,2024-03-18,P3,billing,28.7
T01344,A0384,2024-01-29,P1,access,40.2
T01345,A0384,2024-01-09,P3,bug,8.0
T01346,A0384,2024-01-05,P3,outage,69.7
T01347,A0384,2024-06-16,P3,bug,26.5
T01348,A0384,2024-06-27,P1,outage,
T01349,A0384,2024-02-24,P1,billing,38.1
T01350,A0384,2024-01-31,P1,how_to,12.2
T01351,A0384,2024-02-02,P3,billing,29.2
T01352,A0384,2024-04-28,P3,how_to,54.4
T01353,A0384,2024-03-03,P1,billing,29.9
T01354,A0384,2024-02-25,P2,outage,8.4
T01355,A0385,2024-03-05,P3,access,17.8
T01356,A0386,2024-01-28,P1,access,41.1
T01357,A0387,2024-03-16,P3,billing,
T01358,A0387,2024-05-23,P1,billing,59.6
T01359,A0387,2024-02-06,P2,bug,24.2
T01360,A0387,2024-03-23,P2,how_to,14.1
T01361,A0387,2024-03-03,P2,access,20.3
T01362,A0388,2024-05-30,P1,bug,51.2
T01363,A0389,2024-02-21,P2,outage,21.8
T01364,A0389,2024-05-10,P3,bug,19.0
T01365,A0389,2024-05-06,P1,billing,70.6
T01366,A0390,2024-04-18,P2,bug,27.0
T01367,A0390,2024-06-07,P1,how_to,25.8
T01368,A0390,2024-04-08,P2,billing,65.5
T01369,A0390,2024-05-24,P3,how_to,64.4
T01370,A0390,2024-03-24,P3,bug,13.8
T01371,A0390,2024-05-17,P1,bug,16.5
T01372,A0391,2024-02-25,P3,outage,24.0
T01373,A0391,2024-06-12,P3,bug,26.5
T01374,A0391,2024-02-28,P3,billing,31.7
T01375,A0392,2024-04-18,P3,how_to,23.6
T01376,A0392,2024-02-06,P1,billing,71.5
T01377,A0392,2024-02-13,P2,access,45.6
T01378,A0392,2024-05-08,P3,how_to,43.9
T01379,A0392,2024-03-08,P1,access,64.3
T01380,A0392,2024-05-11,P2,outage,1.6
T01381,A0393,2024-05-28,P3,bug,70.7
T01382,A0393,2024-04-13,P3,how_to,53.2
T01383,A0394,2024-02-04,P1,access,22.7
T01384,A0394,2024-02-17,P1,access,69.5
T01385,A0394,2024-02-05,P1,outage,29.6
T01386,A0395,2024-01-09,P3,access,
T01387,A0395,2024-01-14,P3,outage,13.9
T01388,A0395,2024-03-04,P1,outage,63.8
T01389,A0395,2024-02-08,P2,access,34.3
T01390,A0395,2024-01-15,P3,bug,45.0
T01391,A0395,2024-03-06,P2,bug,42.6
T01392,A0395,2024-05-07,P1,access,42.5
T01393,A0396,2024-03-03,P3,how_to,43.3
T01394,A0396,2024-03-02,P2,bug,4.2
T01395,A0396,2024-01-16,P3,how_to,26.0
T01396,A0396,2024-02-18,P3,access,29.3
T01397,A0397,2024-05-20,P1,bug,39.4
T01398,A0397,2024-03-31,P1,billing,69.7
T01399,A0397,2024-03-02,P2,how_to,22.8
T01400,A0397,2024-06-28,P1,outage,34.6
T01401,A0397,2024-03-22,P2,outage,71.4
T01402,A0397,2024-05-25,P2,bug,47.3
T01403,A0397,2024-04-16,P1,outage,3.6
T01404,A0397,2024-04-07,P2,access,44.2
T01405,A0397,2024-02-01,P1,outage,61.0
T01406,A0397,2024-02-06,P2,access,20.9
T01407,A0398,2024-04-17,P3,access,35.6
T01408,A0398,2024-02-01,P2,bug,17.2
T01409,A0398,2024-02-06,P3,access,48.4
T01410,A0399,2024-06-22,P3,billing,23.3
T01411,A0400,2024-02-08,P2,bug,17.2
T01412,A0400,2024-02-05,P3,billing,30.2
T01413,A0400,2024-03-26,P2,outage,7.9
T01414,A0401,2024-01-20,P1,access,37.0
T01415,A9999,2024-01-11,P3,outage,38.2
T01416,A0402,2024-01-29,P2,access,64.0
T01417,A0402,2024-02-12,P1,outage,61.6
T01418,A0402,2024-02-03,P3,bug,62.2
T01419,A0404,2024-03-04,P2,billing,26.5
T01420,A0405,2024-05-15,P2,access,16.9
T01421,A0405,2024-04-11,P3,outage,36.9
T01422,A0405,2024-03-16,P3,outage,15.7
T01423,A0406,2024-02-03,P2,access,42.0
T01424,A0407,2024-04-24,P1,bug,51.5
T01425,A0407,2024-04-18,P1,billing,7.8
T01426,A0407,2024-03-08,P2,access,24.2
T01427,A0407,2024-05-27,P2,access,19.0
T01428,A0407,2024-01-14,P2,bug,24.9
T01429,A0407,2024-05-31,P1,how_to,48.6
T01430,A0407,2024-03-09,P1,billing,53.3
T01431,A0407,2024-03-25,P3,billing,
T01432,A0407,2024-05-08,P2,billing,51.3
T01433,A0407,2024-03-21,P1,access,14.0
T01434,A0407,2024-02-29,P1,bug,18.6
T01435,A0407,2024-03-30,P2,access,25.8
T01436,A0408,2024-05-30,P1,how_to,16.0
T01437,A0408,2024-03-05,P1,outage,40.1
T01438,A0408,2024-04-18,P3,outage,66.8
T01439,A0408,2024-06-08,P1,access,14.3
T01440,A0409,2024-06-27,P1,access,57.9
T01441,A0409,2024-05-28,P1,access,51.1
T01442,A0409,2024-01-08,P1,access,32.9
T01443,A0409,2024-03-08,P2,bug,33.8
T01444,A0409,2024-02-08,P2,outage,12.0
T01445,A0410,2024-04-08,P2,how_to,58.9
T01446,A0411,2024-01-26,P1,bug,49.7
T01447,A0411,2024-01-27,P1,how_to,4.5
T01448,A0411,2024-04-01,P3,access,43.4
T01449,A0411,2024-02-13,P1,access,40.8
T01450,A0411,2024-03-29,P1,access,3.7
T01451,A0411,2024-02-20,P3,bug,68.6
T01452,A0411,2024-04-16,P2,how_to,18.6
T01453,A0411,2024-04-30,P3,bug,
T01454,A0411,2024-05-01,P2,outage,65.2
T01455,A0413,2024-01-18,P3,how_to,44.6
T01456,A0413,2024-04-19,P3,billing,16.2
T01457,A0413,2024-04-14,P2,access,3.4
T01458,A0414,2024-03-25,P3,access,27.9
T01459,A0414,2024-03-15,P2,billing,54.6
T01460,A0415,2024-04-14,P2,bug,70.6
T01461,A0415,2024-03-21,P3,access,63.5
T01462,A0415,2024-03-14,P3,how_to,3.8
T01463,A0416,2024-03-02,P1,billing,3.7
T01464,A0416,2024-06-17,P2,how_to,59.0
T01465,A0416,2024-03-05,P3,billing,26.2
T01466,A0416,2024-05-04,P2,outage,59.4
T01467,A0417,2024-02-10,P2,bug,42.6
T01468,A0417,2024-01-10,P2,how_to,35.9
T01469,A0417,2024-06-20,P1,access,37.5
T01470,A0417,2024-05-05,P1,access,53.9
T01471,A0417,2024-03-21,P1,bug,48.0
T01472,A0417,2024-04-17,P2,billing,15.4
T01473,A0417,2024-04-25,P1,how_to,70.3
T01474,A0417,2024-02-02,P3,billing,70.2
T01475,A0417,2024-03-02,P1,how_to,5.1
T01476,A0418,2024-06-06,P2,access,10.5
T01477,A0418,2024-03-06,P2,billing,21.2
T01478,A0418,2024-05-08,P3,outage,37.2
T01479,A0418,2024-04-30,P1,how_to,56.5
T01480,A0419,2024-06-05,P3,access,56.2
T01481,A0419,2024-05-12,P2,access,29.6
T01482,A0419,2024-03-18,P1,bug,62.0
T01483,A0419,2024-03-13,P3,bug,39.5
T01484,A0419,2024-01-10,P3,how_to,53.6
T01485,A0419,2024-03-13,P2,outage,
T01486,A0419,2024-04-02,P1,bug,62.4
T01487,A0420,2024-01-28,P3,access,5.8
T01488,A0420,2024-03-03,P3,bug,42.7
T01489,A0420,2024-03-27,P2,access,30.6
T01490,A0421,2024-05-21,P3,billing,56.8
T01491,A0422,2024-02-16,P1,how_to,59.0
T01492,A0422,2024-03-17,P1,outage,
T01493,A0422,2024-06-22,P2,how_to,55.8
T01494,A0422,2024-05-25,P2,outage,47.0
T01495,A0422,2024-06-15,P3,billing,50.4
T01496,A0423,2024-03-05,P3,access,
T01497,A0423,2024-04-16,P3,outage,1.5
T01498,A0424,2024-05-12,P1,how_to,60.7
T01499,A0424,2024-04-25,P2,outage,7.7
T01500,A0424,2024-03-02,P1,how_to,44.0
T01501,A0424,2024-02-29,P1,bug,56.8
T01502,A0424,2024-03-12,P2,outage,41.7
T01503,A0424,2024-03-06,P2,outage,48.6
T01504,A0424,2024-01-28,P2,how_to,38.7
T01505,A0424,2024-06-02,P3,outage,40.7
T01506,A0425,2024-05-03,P1,how_to,57.0
T01507,A0425,2024-05-01,P3,access,69.9
T01508,A0425,2024-04-19,P3,billing,16.7
T01509,A0426,2024-05-13,P1,bug,22.7
T01510,A0426,2024-06-24,P3,access,15.2
T01511,A0426,2024-01-03,P3,billing,24.2
T01512,A0426,2024-03-27,P3,bug,66.2
T01513,A0427,2024-04-23,P1,bug,19.5
T01514,A0427,2024-06-13,P3,outage,
T01515,A0428,2024-03-02,P3,billing,31.0
T01516,A0429,2024-05-19,P2,billing,11.4
T01517,A0429,2024-02-07,P2,how_to,38.2
T01518,A0430,2024-06-12,P1,bug,15.0
T01519,A0430,2024-05-12,P1,bug,64.2
T01520,A0430,2024-03-12,P2,billing,12.6
T01521,A0430,2024-05-20,P3,how_to,23.6
T01522,A0430,2024-02-02,P2,billing,67.4
T01523,A0431,2024-05-29,P3,access,5.4
T01524,A0432,2024-05-08,P1,access,67.9
T01525,A0432,2024-02-12,P2,how_to,31.3
T01526,A0432,2024-03-17,P3,bug,39.8
T01527,A0432,2024-03-21,P2,outage,68.1
T01528,A0432,2024-04-26,P3,billing,62.9
T01529,A0434,2024-02-13,P1,outage,20.5
T01530,A0434,2024-03-07,P2,billing,6.9
T01531,A0434,2024-05-22,P2,billing,1.1
T01532,A0434,2024-04-30,P1,billing,61.6
T01533,A0435,2024-06-16,P2,how_to,
T01534,A0435,2024-05-28,P1,billing,38.2
T01535,A0435,2024-01-26,P1,outage,
T01536,A0435,2024-04-04,P1,access,50.7
T01537,A0436,2024-05-21,P3,access,29.3
T01538,A0436,2024-06-23,P2,how_to,54.4
T01539,A0436,2024-01-21,P1,access,11.4
T01540,A0436,2024-02-13,P2,how_to,48.9
T01541,A0436,2024-05-29,P1,access,21.9
T01542,A0436,2024-01-12,P1,bug,28.4
T01543,A0436,2024-04-04,P1,access,19.2
T01544,A0436,2024-04-15,P2,bug,50.1
T01545,A0437,2024-04-05,P3,access,43.9
T01546,A0437,2024-06-01,P3,billing,55.8
T01547,A0437,2024-06-16,P1,access,
T01548,A0437,2024-04-19,P2,how_to,57.7
T01549,A0437,2024-05-03,P2,how_to,13.3
T01550,A0437,2024-03-22,P1,how_to,38.8
T01551,A0437,2024-03-27,P2,billing,62.9
T01552,A0438,2024-01-04,P3,how_to,7.2
T01553,A0438,2024-03-17,P2,billing,23.2
T01554,A0438,2024-01-14,P2,billing,36.5
T01555,A0438,2024-05-03,P1,access,57.8
T01556,A0438,2024-03-12,P1,billing,45.9
T01557,A0438,2024-03-24,P3,billing,47.7
T01558,A0439,2024-06-16,P3,how_to,33.8
T01559,A0439,2024-06-14,P1,outage,5.5
T01560,A0439,2024-01-13,P3,how_to,39.8
T01561,A0439,2024-02-26,P2,access,66.3
T01562,A0439,2024-03-02,P1,outage,12.6
T01563,A0439,2024-02-11,P3,access,6.0
T01564,A0439,2024-04-08,P3,billing,8.6
T01565,A0440,2024-03-16,P1,access,19.5
T01566,A0440,2024-05-17,P3,how_to,21.7
T01567,A0441,2024-04-26,P3,access,27.3
T01568,A0441,2024-04-25,P3,bug,42.7
T01569,A0442,2024-06-12,P1,how_to,1.2
T01570,A0442,2024-01-09,P3,bug,41.3
T01571,A0442,2024-01-26,P3,how_to,
T01572,A0442,2024-01-07,P3,billing,71.9
T01573,A0443,2024-03-06,P2,access,43.2
T01574,A0443,2024-02-25,P1,how_to,48.0
T01575,A0443,2024-05-08,P2,bug,48.8
T01576,A0443,2024-04-16,P3,bug,37.3
T01577,A0443,2024-06-06,P3,access,4.4
T01578,A0443,2024-05-24,P2,how_to,22.7
T01579,A0444,2024-03-31,P3,outage,
T01580,A0444,2024-03-01,P2,access,44.6
T01581,A0444,2024-05-27,P2,access,12.5
T01582,A0445,2024-01-08,P2,outage,
T01583,A0445,2024-01-28,P2,how_to,59.8
T01584,A0445,2024-03-30,P1,how_to,28.7
T01585,A0446,2024-01-14,P3,access,5.0
T01586,A0447,2024-03-20,P3,billing,23.3
T01587,A0447,2024-04-19,P3,bug,7.5
T01588,A0447,2024-06-06,P1,bug,38.0
T01589,A0448,2024-01-24,P1,outage,
T01590,A0448,2024-03-09,P3,how_to,
T01591,A0448,2024-03-18,P2,bug,40.5
T01592,A0448,2024-01-03,P3,how_to,24.3
T01593,A0449,2024-03-22,P1,access,44.4
T01594,A0451,2024-04-23,P3,access,16.0
T01595,A0451,2024-03-21,P1,outage,47.9
T01596,A0451,2024-05-24,P3,bug,41.6
T01597,A0451,2024-02-24,P2,outage,50.8
T01598,A0451,2024-03-06,P1,how_to,48.2
T01599,A0451,2024-05-21,P3,billing,45.4
T01600,A0452,2024-03-09,P1,outage,1.6
T01601,A0452,2024-01-29,P1,bug,62.8
T01602,A0452,2024-04-16,P3,access,69.2
T01603,A0452,2024-01-06,P3,outage,53.4
T01604,A0452,2024-05-24,P2,how_to,45.9
T01605,A0452,2024-04-29,P2,billing,68.5
T01606,A0452,2024-04-23,P2,outage,67.5
T01607,A0453,2024-01-22,P2,how_to,24.5
T01608,A0453,2024-05-06,P2,bug,27.4
T01609,A0453,2024-05-18,P1,billing,26.8
T01610,A0453,2024-02-09,P1,how_to,55.9
T01611,A0454,2024-06-05,P3,outage,1.9
T01612,A0454,2024-05-30,P2,bug,28.7
T01613,A0454,2024-04-16,P1,outage,25.7
T01614,A0454,2024-06-18,P1,billing,43.0
T01615,A0454,2024-01-07,P1,billing,68.9
T01616,A0455,2024-01-07,P2,bug,40.2
T01617,A0455,2024-01-22,P3,billing,36.7
T01618,A0455,2024-01-08,P2,access,52.9
T01619,A0456,2024-05-03,P1,how_to,24.8
T01620,A0456,2024-01-05,P1,how_to,
T01621,A0456,2024-02-24,P3,outage,15.7
T01622,A0457,2024-02-23,P3,access,48.4
T01623,A0457,2024-02-04,P3,access,43.5
T01624,A0458,2024-01-18,P1,access,9.9
T01625,A0458,2024-02-24,P1,how_to,70.2
T01626,A0458,2024-02-12,P3,outage,
T01627,A0458,2024-06-18,P1,access,15.1
T01628,A0458,2024-01-14,P2,outage,14.9
T01629,A0459,2024-02-11,P3,how_to,6.9
T01630,A0459,2024-05-14,P1,how_to,32.5
T01631,A0459,2024-04-18,P1,access,11.7
T01632,A0459,2024-06-12,P2,bug,57.3
T01633,A0459,2024-06-14,P1,billing,
T01634,A0459,2024-04-11,P3,billing,18.1
T01635,A0460,2024-03-21,P3,billing,45.9
T01636,A0461,2024-02-27,P1,bug,19.7
T01637,A0462,2024-06-18,P1,billing,15.0
T01638,A0462,2024-01-23,P2,billing,13.0
T01639,A0462,2024-01-11,P2,billing,12.6
T01640,A0462,2024-04-24,P1,access,49.0
T01641,A0462,2024-02-08,P1,bug,35.2
T01642,A0463,2024-01-11,P3,outage,65.7
T01643,A0463,2024-03-21,P1,access,21.0
T01644,A0463,2024-04-04,P1,billing,46.7
T01645,A0463,2024-06-22,P2,outage,55.4
T01646,A0463,2024-03-16,P1,how_to,50.4
T01647,A0463,2024-05-23,P2,billing,62.3
T01648,A0463,2024-06-20,P1,bug,50.4
T01649,A0463,2024-04-26,P2,bug,58.9
T01650,A0463,2024-03-18,P2,billing,13.2
T01651,A0464,2024-03-25,P3,how_to,19.5
T01652,A0464,2024-01-11,P1,bug,5.3
T01653,A0464,2024-06-12,P2,how_to,24.0
T01654,A0465,2024-01-30,P2,how_to,13.7
T01655,A0466,2024-06-06,P1,bug,11.3
T01656,A0466,2024-06-19,P3,access,25.0
T01657,A0467,2024-01-06,P1,access,65.1
T01658,A0467,2024-04-28,P1,how_to,16.7
T01659,A0467,2024-02-02,P2,outage,68.0
T01660,A0467,2024-01-05,P1,billing,50.3
T01661,A0467,2024-03-24,P1,access,54.1
T01662,A0467,2024-03-17,P2,billing,
T01663,A0467,2024-06-11,P2,bug,40.6
T01664,A0467,2024-05-13,P2,access,
T01665,A0467,2024-02-14,P2,bug,2.7
T01666,A0468,2024-05-06,P2,outage,21.5
T01667,A0468,2024-01-05,P3,bug,17.0
T01668,A0468,2024-05-26,P3,bug,23.9
T01669,A0468,2024-03-30,P3,billing,
T01670,A0468,2024-03-28,P2,billing,34.1
T01671,A0469,2024-01-28,P1,outage,40.6
T01672,A0469,2024-04-15,P1,access,3.3
T01673,A0469,2024-02-12,P2,how_to,41.9
T01674,A0469,2024-04-11,P3,access,38.3
T01675,A0469,2024-04-26,P1,billing,47.9
T01676,A0470,2024-01-05,P3,bug,46.9
T01677,A0470,2024-01-30,P1,outage,
T01678,A0470,2024-05-27,P1,how_to,25.3
T01679,A0470,2024-06-28,P2,billing,66.4
T01680,A0470,2024-05-30,P3,how_to,56.4
T01681,A0470,2024-05-14,P3,how_to,56.7
T01682,A0471,2024-03-31,P2,access,
T01683,A0471,2024-05-25,P1,how_to,25.3
T01684,A0471,2024-04-14,P1,how_to,47.1
T01685,A0471,2024-05-03,P1,billing,2.2
T01686,A0471,2024-03-16,P1,bug,68.0
T01687,A0471,2024-03-12,P1,outage,20.2
T01688,A0471,2024-03-04,P3,how_to,64.5
T01689,A0472,2024-05-23,P1,how_to,49.8
T01690,A0472,2024-03-06,P2,how_to,17.3
T01691,A0472,2024-06-28,P1,bug,47.5
T01692,A0472,2024-05-06,P2,bug,61.2
T01693,A0472,2024-02-14,P2,how_to,18.4
T01694,A0472,2024-05-24,P1,how_to,20.2
T01695,A0473,2024-01-23,P1,billing,10.5
T01696,A0473,2024-05-02,P2,access,69.8
T01697,A0474,2024-01-25,P3,access,66.0
T01698,A0474,2024-04-15,P2,access,9.2
T01699,A0474,2024-01-03,P1,outage,41.4
T01700,A0474,2024-05-21,P2,how_to,
T01701,A0474,2024-04-04,P2,access,12.9
T01702,A0475,2024-04-04,P1,bug,62.7
T01703,A0475,2024-01-06,P1,access,70.7
T01704,A0475,2024-02-15,P1,access,39.2
T01705,A0475,2024-01-11,P3,how_to,42.1
T01706,A0475,2024-05-15,P1,bug,36.7
T01707,A0475,2024-04-22,P2,how_to,1.2
T01708,A0476,2024-01-13,P1,how_to,21.6
T01709,A0476,2024-04-07,P2,billing,71.3
T01710,A0476,2024-05-03,P1,access,71.4
T01711,A0476,2024-05-25,P3,bug,63.0
T01712,A0476,2024-04-17,P1,how_to,45.3
T01713,A0477,2024-02-03,P1,how_to,8.8
T01714,A0477,2024-04-12,P1,billing,
T01715,A0478,2024-04-21,P1,outage,24.0
T01716,A0478,2024-05-24,P3,billing,41.0
T01717,A0478,2024-02-23,P3,how_to,3.9
T01718,A0479,2024-02-28,P1,billing,32.4
T01719,A0479,2024-01-05,P1,access,6.7
T01720,A0479,2024-05-22,P1,billing,60.8
T01721,A0480,2024-04-22,P3,access,9.7
T01722,A0481,2024-02-24,P3,billing,37.8
T01723,A0481,2024-06-02,P1,access,34.5
T01724,A0481,2024-05-18,P1,billing,18.0
T01725,A0482,2024-01-04,P2,bug,55.5
T01726,A0482,2024-01-08,P1,outage,53.2
T01727,A0482,2024-01-31,P3,billing,29.9
T01728,A0482,2024-01-19,P1,billing,66.6
T01729,A0482,2024-04-11,P2,bug,30.0
T01730,A0482,2024-03-22,P2,billing,11.2
T01731,A0482,2024-04-14,P3,billing,27.7
T01732,A0482,2024-03-11,P3,how_to,44.3
T01733,A0483,2024-04-16,P3,access,50.8
T01734,A0483,2024-03-18,P3,bug,67.7
T01735,A0483,2024-03-10,P3,how_to,
T01736,A0483,2024-03-23,P1,access,53.5
T01737,A0483,2024-03-12,P3,access,69.5
T01738,A0483,2024-04-11,P3,access,
T01739,A0483,2024-06-13,P1,access,13.5
T01740,A0483,2024-01-11,P1,access,10.1
T01741,A0483,2024-03-05,P2,outage,50.3
T01742,A0484,2024-02-06,P3,outage,13.8
T01743,A0484,2024-02-27,P1,bug,45.7
T01744,A0484,2024-02-22,P3,access,6.5
T01745,A0485,2024-06-25,P2,access,71.2
T01746,A0485,2024-04-12,P3,access,49.0
T01747,A0486,2024-03-10,P3,how_to,23.4
T01748,A0487,2024-02-04,P3,billing,4.1
T01749,A0487,2024-03-17,P3,how_to,38.0
T01750,A0488,2024-02-29,P1,outage,60.4
T01751,A0488,2024-05-01,P1,bug,8.2
T01752,A0488,2024-01-22,P3,access,46.3
T01753,A0488,2024-01-09,P3,bug,70.6
T01754,A0489,2024-03-14,P1,bug,
T01755,A0489,2024-01-03,P2,outage,29.5
T01756,A0489,2024-02-20,P1,outage,
T01757,A0489,2024-05-14,P1,bug,7.7
T01758,A0490,2024-01-15,P1,billing,14.1
T01759,A0490,2024-05-28,P3,bug,53.6
T01760,A0491,2024-02-16,P2,how_to,51.9
T01761,A0491,2024-03-09,P1,billing,33.9
T01762,A0492,2024-04-13,P2,billing,14.1
T01763,A0492,2024-01-15,P1,how_to,68.0
T01764,A0492,2024-03-19,P2,access,71.4
T01765,A0492,2024-03-15,P1,outage,24.5
T01766,A0492,2024-04-01,P1,access,14.6
T01767,A0492,2024-01-01,P2,how_to,70.2
T01768,A0493,2024-03-24,P3,billing,68.8
T01769,A0493,2024-01-10,P2,how_to,33.3
T01770,A0494,2024-03-28,P2,outage,41.8
T01771,A0494,2024-03-15,P2,billing,24.3
T01772,A0494,2024-04-22,P2,bug,44.5
T01773,A0494,2024-06-04,P1,bug,
T01774,A0494,2024-01-07,P3,billing,36.3
T01775,A0495,2024-05-01,P3,billing,38.9
T01776,A0495,2024-03-04,P3,bug,67.4
T01777,A0496,2024-03-18,P2,billing,39.8
T01778,A0496,2024-06-28,P2,bug,63.6
T01779,A0496,2024-04-10,P2,billing,67.3
T01780,A0496,2024-04-27,P3,access,35.6
T01781,A0497,2024-02-22,P2,how_to,8.3
T01782,A0497,2024-06-10,P3,bug,62.7
T01783,A0497,2024-02-11,P3,how_to,55.3
T01784,A0498,2024-02-16,P1,billing,22.6
T01785,A0498,2024-01-27,P3,outage,67.8
T01786,A0499,2024-05-06,P2,how_to,31.3
T01787,A0499,2024-05-13,P3,how_to,57.8
T01788,A0499,2024-04-28,P3,outage,25.6
T01789,A0499,2024-04-07,P1,how_to,56.8
T01790,A0500,2024-05-17,P3,outage,36.5
T01791,A0500,2024-05-10,P2,billing,50.3
T01792,A0501,2024-06-16,P1,access,33.7
T01793,A0501,2024-03-09,P3,billing,
T01794,A0502,2024-04-07,P2,billing,10.4
T01795,A0502,2024-06-14,P3,billing,9.3
T01796,A0502,2024-01-18,P3,billing,12.1
T01797,A0502,2024-01-27,P2,billing,19.0
T01798,A0502,2024-06-09,P2,access,21.3
T01799,A0504,2024-02-27,P2,outage,30.2
T01800,A0504,2024-05-03,P2,billing,67.0
T01801,A0504,2024-06-28,P3,outage,48.8
T01802,A0504,2024-04-15,P1,billing,43.0
T01803,A0504,2024-06-06,P3,how_to,38.7
T01804,A0504,2024-02-25,P3,billing,10.2
T01805,A0504,2024-04-29,P1,how_to,13.2
T01806,A0505,2024-02-08,P2,outage,28.7
T01807,A0505,2024-06-06,P3,outage,49.1
T01808,A0505,2024-02-08,P1,access,30.8
T01809,A0505,2024-06-26,P1,how_to,21.6
T01810,A0505,2024-04-25,P1,access,15.9
T01811,A0505,2024-06-01,P1,billing,21.9
T01812,A0506,2024-01-03,P2,billing,24.6
T01813,A0506,2024-06-11,P2,bug,46.5
T01814,A0506,2024-04-06,P3,billing,6.3
T01815,A0506,2024-04-16,P3,outage,34.3
T01816,A0506,2024-01-28,P2,outage,11.9
T01817,A0507,2024-02-11,P1,outage,37.4
T01818,A0507,2024-01-15,P3,billing,7.5
T01819,A0507,2024-03-10,P2,access,27.0
T01820,A0507,2024-03-09,P3,access,41.4
T01821,A0507,2024-06-27,P3,outage,30.2
T01822,A0508,2024-04-12,P3,bug,39.0
T01823,A0508,2024-05-15,P3,access,4.6
T01824,A0508,2024-03-27,P2,billing,22.4
T01825,A0509,2024-01-21,P3,bug,62.2
T01826,A0509,2024-06-02,P1,outage,5.8
T01827,A0510,2024-03-07,P3,bug,9.5
T01828,A0510,2024-05-02,P2,outage,1.5
T01829,A0510,2024-03-26,P1,how_to,6.3
T01830,A0510,2024-05-17,P3,access,38.2
T01831,A0510,2024-01-27,P1,access,45.0
T01832,A0511,2024-04-01,P1,bug,19.9
T01833,A0511,2024-03-31,P1,how_to,56.2
T01834,A0511,2024-02-24,P3,outage,59.0
T01835,A0511,2024-06-13,P1,access,26.7
T01836,A0512,2024-04-30,P1,bug,13.0
T01837,A0512,2024-03-11,P3,bug,57.0
T01838,A0513,2024-02-09,P3,access,43.1
T01839,A0513,2024-06-08,P2,how_to,
T01840,A0513,2024-03-17,P3,bug,36.3
T01841,A0513,2024-03-29,P3,outage,
T01842,A0514,2024-01-18,P2,bug,1.8
T01843,A0514,2024-05-14,P2,outage,19.6
T01844,A0514,2024-06-20,P1,access,60.5
T01845,A0514,2024-05-26,P2,outage,22.3
T01846,A0514,2024-03-14,P2,how_to,18.2
T01847,A0515,2024-04-17,P2,outage,38.4
T01848,A0516,2024-06-12,P3,access,20.4
T01849,A0516,2024-06-09,P3,outage,19.5
T01850,A0517,2024-05-08,P2,billing,6.8
T01851,A0517,2024-04-24,P2,how_to,56.3
T01852,A0517,2024-02-20,P2,access,43.0
T01853,A0518,2024-05-21,P2,outage,9.7
T01854,A0518,2024-05-29,P2,outage,62.1
T01855,A0518,2024-05-25,P1,access,12.8
T01856,A0519,2024-05-06,P1,how_to,51.1
T01857,A0520,2024-05-09,P2,billing,47.6
T01858,A0520,2024-05-16,P3,outage,67.2
T01859,A0520,2024-02-10,P3,bug,15.1
T01860,A0521,2024-02-10,P1,access,12.3
T01861,A0522,2024-02-01,P3,outage,60.3
T01862,A0522,2024-01-11,P3,billing,64.5
T01863,A0522,2024-03-14,P1,billing,48.4
T01864,A0522,2024-03-25,P1,billing,42.5
T01865,A0522,2024-04-13,P1,access,25.5
T01866,A0523,2024-03-15,P3,bug,23.3
T01867,A0523,2024-03-12,P3,how_to,32.7
T01868,A0523,2024-05-09,P2,outage,55.2
T01869,A0524,2024-05-13,P2,how_to,1.8
T01870,A0525,2024-01-08,P2,bug,26.3
T01871,A0526,2024-04-02,P2,outage,37.0
T01872,A0526,2024-04-03,P3,access,
T01873,A0527,2024-05-10,P3,billing,4.3
T01874,A0528,2024-03-28,P1,bug,7.7
T01875,A0528,2024-05-11,P3,access,25.0
T01876,A0528,2024-01-25,P2,billing,49.1
T01877,A0528,2024-02-06,P1,access,
T01878,A0529,2024-02-05,P2,access,66.6
T01879,A0529,2024-06-17,P3,how_to,62.6
T01880,A0531,2024-02-12,P2,outage,54.6
T01881,A0532,2024-05-23,P3,bug,
T01882,A0533,2024-01-20,P2,bug,43.8
T01883,A0533,2024-05-23,P1,bug,24.5
T01884,A0533,2024-01-19,P2,how_to,15.0
T01885,A0533,2024-01-13,P2,how_to,13.3
T01886,A0533,2024-05-03,P2,access,39.4
T01887,A0534,2024-06-06,P1,bug,37.8
T01888,A0534,2024-01-20,P3,access,47.0
T01889,A0534,2024-03-18,P1,billing,37.0
T01890,A0534,2024-02-17,P2,outage,29.2
T01891,A0534,2024-06-18,P2,bug,19.9
T01892,A0534,2024-02-02,P2,access,71.6
T01893,A0534,2024-06-16,P3,access,33.8
T01894,A0535,2024-01-29,P3,bug,66.1
T01895,A0535,2024-03-24,P1,billing,43.8
T01896,A0535,2024-03-06,P2,how_to,42.6
T01897,A0536,2024-06-17,P2,access,
T01898,A0536,2024-01-05,P2,access,45.1
T01899,A0536,2024-04-01,P2,bug,49.3
T01900,A0536,2024-05-28,P1,outage,21.8
T01901,A0536,2024-06-04,P1,how_to,45.0
T01902,A0537,2024-03-22,P2,access,1.6
T01903,A0537,2024-02-29,P3,bug,39.0
T01904,A0537,2024-02-20,P2,billing,70.2
T01905,A0537,2024-03-25,P2,access,51.6
T01906,A0537,2024-05-12,P1,access,21.1
T01907,A0537,2024-02-17,P1,outage,46.2
T01908,A0538,2024-03-24,P3,bug,44.2
T01909,A0539,2024-03-09,P3,outage,66.7
T01910,A0539,2024-03-08,P3,access,37.5
T01911,A0539,2024-03-17,P1,bug,21.6
T01912,A0539,2024-01-17,P2,how_to,62.1
T01913,A0539,2024-04-19,P2,outage,
T01914,A0540,2024-04-05,P3,bug,68.6
T01915,A0540,2024-04-22,P3,outage,34.4
T01916,A0540,2024-04-01,P1,access,49.4
T01917,A0540,2024-03-06,P1,bug,19.5
T01918,A0541,2024-04-21,P2,access,2.5
T01919,A0541,2024-03-08,P3,bug,45.2
T01920,A0541,2024-04-14,P1,billing,62.4
T01921,A0542,2024-03-25,P3,how_to,
T01922,A0542,2024-03-03,P3,access,5.3
T01923,A0543,2024-03-23,P2,how_to,25.1
T01924,A0543,2024-05-01,P1,billing,62.3
T01925,A0543,2024-05-26,P1,billing,50.2
T01926,A0543,2024-02-09,P1,bug,36.7
T01927,A0543,2024-03-22,P1,bug,50.2
T01928,A0543,2024-03-19,P1,outage,50.3
T01929,A0543,2024-05-13,P1,billing,18.4
T01930,A0543,2024-03-16,P1,how_to,68.6
T01931,A0543,2024-05-04,P2,how_to,5.9
T01932,A0544,2024-03-27,P3,how_to,41.9
T01933,A0544,2024-02-01,P2,bug,3.8
T01934,A0545,2024-06-24,P1,bug,56.0
T01935,A0545,2024-04-26,P2,how_to,64.4
T01936,A0545,2024-04-28,P3,billing,
T01937,A0545,2024-04-15,P2,access,22.9
T01938,A0547,2024-03-22,P3,access,40.6
T01939,A0547,2024-05-25,P3,access,30.7
T01940,A0547,2024-01-29,P3,bug,35.4
T01941,A0547,2024-02-03,P3,outage,37.0
T01942,A0547,2024-05-25,P2,bug,49.8
T01943,A0547,2024-03-17,P1,bug,56.3
T01944,A0547,2024-03-20,P1,how_to,
T01945,A0550,2024-02-18,P3,billing,37.4
T01946,A0550,2024-01-18,P2,bug,58.6
T01947,A0550,2024-06-12,P3,outage,6.5
T01948,A0550,2024-02-20,P1,outage,46.8
T01949,A0550,2024-03-16,P2,how_to,20.9
T01950,A0550,2024-05-22,P1,outage,57.1
T01951,A0550,2024-01-01,P3,how_to,47.5
T01952,A0550,2024-01-22,P3,outage,68.0
T01953,A0551,2024-02-27,P2,how_to,
T01954,A0551,2024-04-08,P1,outage,2.8
T01955,A0551,2024-03-09,P3,access,17.7
T01956,A0552,2024-03-24,P3,how_to,33.8
T01957,A0552,2024-04-08,P1,billing,19.1
T01958,A0552,2024-03-30,P1,access,30.0
T01959,A0552,2024-06-26,P3,how_to,32.0
T01960,A0552,2024-06-03,P1,bug,17.4
T01961,A0552,2024-04-22,P3,outage,44.1
T01962,A0553,2024-02-22,P1,access,15.9
T01963,A0553,2024-06-25,P2,billing,20.1
T01964,A0553,2024-01-02,P1,access,26.4
T01965,A0554,2024-06-11,P3,billing,
T01966,A0554,2024-06-02,P2,outage,4.2
T01967,A0554,2024-05-05,P3,outage,56.0
T01968,A0554,2024-05-16,P3,access,47.1
T01969,A0555,2024-06-01,P3,how_to,
T01970,A0555,2024-05-25,P3,bug,27.8
T01971,A0556,2024-02-29,P3,billing,31.8
T01972,A0556,2024-06-04,P3,how_to,25.0
T01973,A0557,2024-01-28,P1,billing,8.9
T01974,A0557,2024-05-06,P1,outage,43.7
T01975,A0557,2024-06-23,P2,outage,35.7
T01976,A0557,2024-05-26,P2,outage,70.1
T01977,A0557,2024-02-02,P1,access,11.5
T01978,A0557,2024-06-18,P1,outage,56.1
T01979,A0557,2024-05-13,P2,how_to,32.7
T01980,A0557,2024-03-22,P2,how_to,
T01981,A0558,2024-06-01,P2,outage,11.3
T01982,A0558,2024-04-17,P2,access,
T01983,A0558,2024-01-30,P3,how_to,32.4
T01984,A0558,2024-06-18,P2,outage,39.3
T01985,A0558,2024-04-15,P1,billing,53.9
T01986,A0558,2024-02-19,P2,access,55.8
T01987,A0559,2024-01-11,P3,how_to,2.5
T01988,A0559,2024-01-19,P3,outage,41.0
T01989,A0559,2024-06-12,P3,outage,14.6
T01990,A0561,2024-04-28,P3,how_to,65.0
T01991,A0561,2024-04-04,P3,how_to,26.6
T01992,A0562,2024-06-02,P1,billing,43.1
T01993,A0563,2024-01-23,P3,how_to,19.3
T01994,A0563,2024-05-22,P3,billing,67.4
T01995,A0563,2024-05-15,P2,outage,39.9
T01996,A0564,2024-04-19,P2,access,64.1
T01997,A0564,2024-05-27,P1,billing,12.1
T01998,A0564,2024-06-10,P3,outage,13.3
T01999,A0565,2024-06-07,P1,how_to,64.6
T02000,A0565,2024-04-01,P2,access,27.8
T02001,A0565,2024-06-13,P3,how_to,47.0
T02002,A0565,2024-02-19,P2,outage,57.4
T02003,A0565,2024-04-04,P1,how_to,12.7
T02004,A0565,2024-06-13,P3,billing,5.3
T02005,A0565,2024-05-12,P2,access,34.0
T02006,A0565,2024-04-04,P1,access,61.4
T02007,A0566,2024-06-06,P1,outage,28.9
T02008,A0566,2024-04-05,P3,how_to,5.4
T02009,A0566,2024-06-24,P1,access,
T02010,A0566,2024-01-28,P3,access,53.3
T02011,A0566,2024-03-14,P2,bug,7.3
T02012,A0566,2024-06-11,P1,billing,47.4
T02013,A0566,2024-03-21,P2,outage,59.2
T02014,A0566,2024-02-23,P2,bug,
T02015,A0567,2024-01-25,P3,billing,58.7
T02016,A0567,2024-06-12,P2,access,5.4
T02017,A0567,2024-02-21,P3,how_to,64.8
T02018,A0568,2024-05-10,P1,access,53.7
T02019,A0568,2024-03-31,P1,outage,21.7
T02020,A0568,2024-03-09,P2,how_to,1.3
T02021,A0569,2024-02-09,P2,billing,10.4
T02022,A0569,2024-04-07,P2,outage,10.4
T02023,A0569,2024-02-18,P3,access,38.4
T02024,A0571,2024-01-11,P1,bug,58.9
T02025,A0571,2024-03-24,P2,access,15.2
T02026,A0571,2024-06-22,P2,bug,58.7
T02027,A0571,2024-04-26,P2,how_to,42.8
T02028,A0572,2024-03-27,P2,bug,16.0
T02029,A0572,2024-01-19,P3,billing,
T02030,A0572,2024-05-14,P3,outage,68.1
T02031,A0573,2024-05-06,P2,how_to,29.3
T02032,A0573,2024-01-10,P3,outage,68.3
T02033,A0573,2024-06-07,P2,bug,47.4
T02034,A0574,2024-04-06,P3,bug,15.1
T02035,A0574,2024-04-17,P3,how_to,69.7
T02036,A0574,2024-05-08,P3,outage,21.9
T02037,A0575,2024-01-11,P2,how_to,28.1
T02038,A0576,2024-05-24,P1,access,14.4
T02039,A0576,2024-03-08,P2,bug,11.0
T02040,A0576,2024-02-03,P3,outage,
T02041,A0576,2024-04-29,P2,bug,41.2
T02042,A0576,2024-01-23,P1,outage,3.3
T02043,A0576,2024-05-17,P3,how_to,36.2
T02044,A0576,2024-02-12,P1,access,54.5
T02045,A0577,2024-02-08,P2,how_to,12.4
T02046,A0577,2024-06-12,P1,how_to,40.0
T02047,A0577,2024-02-12,P3,outage,32.4
T02048,A0577,2024-05-02,P1,billing,66.7
T02049,A0577,2024-02-17,P3,how_to,67.5
T02050,A0577,2024-03-13,P1,billing,31.4
T02051,A0577,2024-02-07,P2,outage,49.7
T02052,A0577,2024-02-04,P1,access,1.5
T02053,A0577,2024-02-20,P3,how_to,29.0
T02054,A0578,2024-02-11,P1,outage,31.7
T02055,A0579,2024-01-17,P2,outage,46.1
T02056,A0579,2024-03-14,P1,outage,46.8
T02057,A0579,2024-02-10,P1,outage,3.6
T02058,A0579,2024-03-15,P1,outage,3.0
T02059,A0579,2024-01-22,P3,how_to,29.8
T02060,A0580,2024-05-29,P2,bug,
T02061,A0580,2024-01-12,P2,bug,56.6
T02062,A0580,2024-01-12,P3,how_to,25.1
T02063,A0581,2024-02-21,P2,access,44.3
T02064,A0581,2024-02-05,P2,access,17.1
T02065,A0581,2024-02-23,P1,access,63.7
T02066,A0581,2024-06-05,P3,bug,10.0
T02067,A0581,2024-05-04,P1,billing,
T02068,A0582,2024-02-02,P1,bug,55.1
T02069,A0582,2024-03-21,P3,how_to,67.3
T02070,A0582,2024-05-26,P3,bug,18.8
T02071,A0582,2024-04-06,P2,access,24.9
T02072,A0582,2024-03-06,P3,how_to,50.2
T02073,A0582,2024-02-26,P1,billing,71.1
T02074,A0583,2024-05-22,P3,outage,66.5
T02075,A0583,2024-04-05,P2,outage,67.1
T02076,A0583,2024-01-30,P1,billing,
T02077,A0584,2024-02-05,P2,how_to,
T02078,A0584,2024-04-14,P1,billing,43.6
T02079,A0584,2024-06-05,P1,outage,
T02080,A0584,2024-01-18,P1,bug,17.1
T02081,A0585,2024-05-30,P1,bug,43.5
T02082,A0585,2024-01-21,P3,bug,5.5
T02083,A0585,2024-04-20,P2,bug,
T02084,A0585,2024-02-16,P3,outage,68.4
T02085,A0585,2024-02-17,P1,how_to,71.6
T02086,A0585,2024-02-15,P2,how_to,5.2
T02087,A0586,2024-05-07,P3,bug,8.8
T02088,A0586,2024-06-11,P3,how_to,8.4
T02089,A0586,2024-04-28,P1,access,51.4
T02090,A0586,2024-03-24,P3,outage,41.4
T02091,A0586,2024-03-25,P2,outage,2.9
T02092,A0586,2024-03-05,P1,bug,5.0
T02093,A0586,2024-03-05,P3,access,30.4
T02094,A0587,2024-05-15,P2,bug,
T02095,A0587,2024-01-13,P2,outage,28.1
T02096,A0588,2024-06-23,P2,billing,54.9
T02097,A0588,2024-05-29,P2,how_to,9.6
T02098,A0588,2024-03-02,P1,billing,34.6
T02099,A0588,2024-06-07,P1,access,45.3
T02100,A0588,2024-02-18,P1,how_to,26.2
T02101,A0588,2024-05-27,P1,access,31.3
T02102,A0589,2024-03-01,P2,billing,46.3
T02103,A0589,2024-06-24,P3,outage,17.7
T02104,A0589,2024-02-03,P2,billing,66.9
T02105,A0589,2024-04-23,P1,billing,
T02106,A0589,2024-05-12,P2,bug,62.4
T02107,A0591,2024-01-27,P2,outage,35.1
T02108,A0591,2024-06-27,P2,billing,28.6
T02109,A0591,2024-04-01,P1,billing,24.2
T02110,A0591,2024-05-29,P1,billing,33.0
T02111,A0592,2024-03-31,P3,access,40.9
T02112,A0592,2024-04-17,P1,bug,21.3
T02113,A0593,2024-01-22,P1,how_to,56.2
T02114,A0593,2024-03-12,P1,how_to,20.2
T02115,A0593,2024-06-12,P1,how_to,47.8
T02116,A0594,2024-04-16,P2,how_to,8.3
T02117,A0594,2024-01-16,P2,billing,
T02118,A0594,2024-02-19,P2,access,42.9
T02119,A0594,2024-04-25,P1,outage,12.5
T02120,A0594,2024-06-08,P3,billing,33.2
T02121,A0594,2024-06-19,P2,bug,65.3
T02122,A0594,2024-02-23,P3,outage,
T02123,A0595,2024-03-01,P1,billing,11.5
T02124,A0595,2024-05-04,P2,outage,46.0
T02125,A0596,2024-05-15,P1,outage,15.7
T02126,A0596,2024-03-20,P2,access,36.9
T02127,A0596,2024-02-02,P1,bug,29.0
T02128,A0596,2024-01-29,P3,how_to,12.5
T02129,A0596,2024-05-17,P2,how_to,55.2
T02130,A0596,2024-02-14,P1,billing,55.6
T02131,A0596,2024-04-13,P2,billing,33.6
T02132,A0596,2024-03-30,P2,how_to,33.9
T02133,A0596,2024-05-11,P3,bug,10.5
T02134,A0596,2024-03-26,P2,access,44.6
T02135,A0597,2024-04-26,P2,access,60.0
T02136,A0597,2024-06-18,P1,access,24.8
T02137,A0597,2024-03-16,P1,billing,66.8
T02138,A0598,2024-03-03,P3,bug,27.9
T02139,A0598,2024-04-18,P2,outage,59.3
T02140,A0598,2024-04-01,P3,outage,26.8
T02141,A0599,2024-02-12,P1,outage,39.2
T02142,A0599,2024-05-23,P1,how_to,49.5
T02143,A0599,2024-02-18,P2,billing,41.7
T02144,A0599,2024-06-15,P2,billing,48.3
T02145,A0599,2024-05-11,P1,access,
T02146,A0599,2024-05-26,P1,access,3.7
T02147,A0599,2024-04-17,P2,outage,63.1
T02148,A0599,2024-01-31,P3,billing,12.8
T02149,A0600,2024-01-18,P3,access,60.3
T02150,A0600,2024-03-30,P3,access,14.0
T02151,A0601,2024-02-18,P2,access,21.4
T02152,A0602,2024-05-25,P1,bug,18.7
T02153,A0602,2024-04-16,P2,billing,29.4
T02154,A0602,2024-02-27,P1,access,53.5
T02155,A0602,2024-03-21,P1,access,35.9
T02156,A0602,2024-01-12,P1,billing,38.2
T02157,A0602,2024-03-11,P2,how_to,16.6
T02158,A0602,2024-03-12,P2,billing,16.1
T02159,A0602,2024-06-02,P2,billing,17.4
T02160,A0603,2024-06-15,P3,bug,60.1
T02161,A0603,2024-01-14,P2,how_to,56.4
T02162,A0603,2024-04-05,P3,outage,11.5
T02163,A0603,2024-05-06,P3,how_to,
T02164,A0604,2024-01-01,P3,how_to,2.1
T02165,A0604,2024-06-06,P1,outage,64.8
T02166,A0604,2024-05-17,P2,access,10.5
T02167,A0604,2024-01-05,P3,bug,2.4
T02168,A0604,2024-03-10,P2,how_to,35.0
T02169,A0605,2024-01-21,P2,billing,31.7
T02170,A0605,2024-06-18,P1,how_to,14.7
T02171,A0605,2024-03-05,P1,billing,6.0
T02172,A0605,2024-03-25,P2,access,
T02173,A0605,2024-06-09,P2,outage,
T02174,A0605,2024-05-18,P3,outage,28.2
T02175,A0605,2024-01-25,P1,billing,60.3
T02176,A0605,2024-03-06,P2,bug,52.4
T02177,A0605,2024-05-25,P1,bug,26.1
T02178,A0605,2024-03-05,P2,outage,68.9
T02179,A0605,2024-04-28,P2,access,26.9
T02180,A0606,2024-06-24,P1,billing,20.1
T02181,A0607,2024-06-06,P1,access,57.9
T02182,A0607,2024-02-10,P3,access,16.7
T02183,A0607,2024-04-25,P3,bug,39.9
T02184,A0607,2024-06-12,P1,bug,9.2
T02185,A0607,2024-06-19,P2,how_to,
T02186,A0607,2024-03-10,P1,billing,29.4
T02187,A0608,2024-06-25,P3,bug,32.1
T02188,A0608,2024-02-25,P2,how_to,64.0
T02189,A0608,2024-04-24,P2,outage,
T02190,A0609,2024-04-02,P3,outage,20.5
T02191,A0609,2024-05-01,P1,access,16.7
T02192,A0609,2024-05-11,P3,outage,
T02193,A0610,2024-04-21,P1,access,34.7
T02194,A0610,2024-03-07,P2,how_to,48.4
T02195,A0610,2024-05-06,P3,access,6.9
T02196,A0610,2024-04-08,P3,access,31.5
T02197,A0610,2024-04-07,P3,bug,
T02198,A0612,2024-02-19,P3,bug,
T02199,A0612,2024-03-11,P3,billing,23.9
T02200,A0613,2024-03-18,P3,how_to,24.2
T02201,A0613,2024-01-21,P2,billing,35.4
T02202,A0614,2024-01-06,P2,access,26.3
T02203,A0614,2024-05-19,P3,outage,24.6
T02204,A0614,2024-03-31,P2,bug,41.0
T02205,A0614,2024-03-14,P2,bug,37.5
T02206,A0615,2024-04-19,P2,bug,30.5
T02207,A0615,2024-06-22,P2,billing,54.5
T02208,A0615,2024-05-05,P2,access,41.6
T02209,A0615,2024-01-25,P2,how_to,17.3
T02210,A0615,2024-06-02,P3,outage,47.8
T02211,A0615,2024-03-09,P3,bug,22.3
T02212,A0615,2024-03-16,P3,how_to,15.1
T02213,A0615,2024-03-14,P1,billing,40.8
T02214,A0615,2024-03-23,P1,access,60.3
T02215,A0615,2024-03-14,P2,outage,64.9
T02216,A0615,2024-02-22,P2,access,30.8
T02217,A0615,2024-03-26,P3,outage,52.8
T02218,A0616,2024-04-23,P2,billing,7.4
T02219,A0616,2024-02-10,P1,billing,
T02220,A0616,2024-05-12,P3,access,
T02221,A0616,2024-03-24,P1,billing,23.1
T02222,A0616,2024-03-16,P3,billing,33.6
T02223,A0616,2024-04-01,P2,how_to,14.4
T02224,A0616,2024-03-04,P1,outage,29.4
T02225,A0616,2024-06-03,P3,how_to,12.9
T02226,A0617,2024-02-23,P1,billing,35.8
T02227,A0617,2024-05-11,P2,bug,25.6
T02228,A0617,2024-04-14,P1,access,65.5
T02229,A0617,2024-06-27,P3,how_to,12.0
T02230,A0617,2024-04-24,P1,access,
T02231,A0617,2024-05-01,P3,billing,32.7
T02232,A0617,2024-04-28,P2,outage,51.6
T02233,A0617,2024-02-11,P3,how_to,10.6
T02234,A0617,2024-02-23,P2,how_to,7.0
T02235,A0617,2024-03-03,P1,outage,
T02236,A0618,2024-02-25,P3,billing,36.3
T02237,A0618,2024-06-01,P3,how_to,71.1
T02238,A0618,2024-03-31,P1,billing,29.9
T02239,A0619,2024-04-12,P1,billing,62.5
T02240,A0620,2024-05-01,P2,billing,54.8
T02241,A0620,2024-03-29,P2,outage,41.6
T02242,A0620,2024-01-17,P1,billing,10.0
T02243,A0620,2024-03-15,P1,outage,51.1
T02244,A0620,2024-04-30,P2,billing,26.6
T02245,A0620,2024-04-07,P3,outage,65.2
T02246,A0621,2024-02-08,P1,outage,18.4
T02247,A0621,2024-04-06,P1,outage,53.5
T02248,A0621,2024-01-08,P1,how_to,34.8
T02249,A0621,2024-04-26,P1,billing,65.1
T02250,A0621,2024-06-21,P2,outage,8.2
T02251,A0622,2024-04-28,P2,billing,50.2
T02252,A0622,2024-02-05,P3,bug,6.3
T02253,A0622,2024-02-08,P1,bug,58.4
T02254,A0622,2024-01-21,P3,access,
T02255,A0623,2024-03-13,P3,billing,2.3
T02256,A0623,2024-04-01,P3,outage,4.7
T02257,A0623,2024-02-26,P3,bug,13.7
T02258,A0623,2024-01-06,P3,how_to,66.1
T02259,A0624,2024-03-04,P2,outage,54.1
T02260,A0624,2024-03-09,P2,billing,49.7
T02261,A0624,2024-02-13,P3,outage,27.1
T02262,A0624,2024-05-10,P3,billing,31.2
T02263,A0624,2024-04-08,P1,billing,64.4
T02264,A0625,2024-06-12,P1,access,15.1
T02265,A0625,2024-05-31,P2,bug,48.1
T02266,A0625,2024-04-09,P1,how_to,64.4
T02267,A0625,2024-05-09,P2,access,67.7
T02268,A0625,2024-03-18,P2,outage,14.0
T02269,A0625,2024-02-15,P3,billing,33.1
T02270,A0625,2024-05-02,P2,how_to,19.8
T02271,A0625,2024-04-18,P1,how_to,64.1
T02272,A0625,2024-03-09,P2,how_to,58.2
T02273,A0626,2024-01-08,P1,how_to,64.6
T02274,A0626,2024-01-30,P3,outage,
T02275,A0626,2024-06-08,P1,bug,57.4
T02276,A0626,2024-01-24,P1,bug,
T02277,A0627,2024-02-21,P3,access,69.0
T02278,A0627,2024-01-28,P3,bug,33.0
T02279,A0628,2024-03-24,P1,access,20.0
T02280,A0628,2024-04-09,P1,bug,15.4
T02281,A0629,2024-03-16,P1,billing,15.9
T02282,A0629,2024-06-14,P3,billing,54.2
T02283,A0629,2024-04-29,P3,billing,
T02284,A0629,2024-02-24,P1,billing,41.3
T02285,A0629,2024-03-19,P2,bug,71.6
T02286,A0629,2024-03-28,P2,bug,36.8
T02287,A0630,2024-02-09,P2,bug,55.5
T02288,A0631,2024-05-26,P2,access,
T02289,A0631,2024-04-28,P1,bug,69.9
T02290,A0631,2024-01-24,P2,billing,29.8
T02291,A0631,2024-05-21,P2,access,52.9
T02292,A0631,2024-05-03,P1,outage,16.5
T02293,A0631,2024-01-30,P1,outage,68.9
T02294,A0632,2024-01-03,P3,access,51.2
T02295,A0632,2024-03-14,P1,billing,15.2
T02296,A0632,2024-06-12,P1,bug,58.0
T02297,A0632,2024-01-23,P1,access,60.6
T02298,A0632,2024-03-01,P1,access,50.9
T02299,A0632,2024-01-26,P2,billing,29.7
T02300,A0632,2024-06-09,P2,how_to,36.8
T02301,A0632,2024-01-30,P1,how_to,34.4
T02302,A0632,2024-04-08,P1,how_to,4.5
T02303,A0633,2024-03-16,P2,billing,36.0
T02304,A0634,2024-02-22,P3,access,1.5
T02305,A0634,2024-03-19,P2,access,55.4
T02306,A0634,2024-01-01,P1,how_to,
T02307,A0635,2024-05-19,P2,how_to,
T02308,A0635,2024-01-07,P1,how_to,46.5
T02309,A0635,2024-05-13,P3,outage,17.5
T02310,A0635,2024-05-09,P1,bug,30.2
T02311,A0635,2024-05-05,P2,access,
T02312,A0635,2024-01-31,P1,access,28.0
T02313,A0635,2024-05-01,P2,access,55.7
T02314,A0635,2024-01-29,P2,how_to,47.6
T02315,A0636,2024-02-28,P2,bug,55.1
T02316,A0636,2024-02-10,P3,bug,59.4
T02317,A0636,2024-01-03,P3,billing,60.0
T02318,A0637,2024-06-03,P3,bug,66.8
T02319,A0637,2024-04-17,P3,bug,53.5
T02320,A0639,2024-03-20,P1,how_to,37.7
T02321,A0639,2024-01-07,P1,outage,7.9
T02322,A0639,2024-05-02,P1,how_to,10.0
T02323,A0639,2024-03-01,P3,access,44.8
T02324,A0639,2024-05-15,P3,outage,13.4
T02325,A0639,2024-01-04,P3,billing,18.9
T02326,A0641,2024-04-08,P3,billing,
T02327,A0641,2024-05-28,P2,access,48.3
T02328,A0641,2024-04-09,P2,how_to,31.4
T02329,A0642,2024-02-25,P1,outage,1.6
T02330,A0642,2024-05-02,P1,outage,34.6
T02331,A0642,2024-02-19,P1,bug,46.7
T02332,A0644,2024-05-12,P1,outage,63.4
T02333,A0644,2024-03-27,P1,billing,58.3
T02334,A0644,2024-01-30,P1,how_to,3.5
T02335,A0644,2024-02-24,P3,bug,55.3
T02336,A0644,2024-03-13,P2,access,59.2
T02337,A0644,2024-04-23,P1,access,43.6
T02338,A0644,2024-02-20,P2,outage,23.9
T02339,A0645,2024-04-07,P3,outage,47.4
T02340,A0645,2024-03-14,P3,outage,28.1
T02341,A0645,2024-01-07,P2,how_to,59.6
T02342,A0645,2024-02-12,P2,billing,8.0
T02343,A0645,2024-01-12,P1,how_to,46.5
T02344,A0645,2024-02-09,P1,outage,8.7
T02345,A0645,2024-04-18,P1,how_to,46.8
T02346,A0646,2024-03-29,P3,billing,9.4
T02347,A0646,2024-02-16,P2,billing,50.4
T02348,A0647,2024-06-15,P2,outage,60.8
T02349,A0648,2024-01-13,P3,access,
T02350,A0648,2024-02-19,P1,bug,4.1
T02351,A0648,2024-04-14,P1,outage,67.8
T02352,A0648,2024-04-20,P1,how_to,45.7
T02353,A0649,2024-05-04,P3,how_to,57.0
T02354,A0649,2024-02-03,P3,billing,46.7
T02355,A0650,2024-05-27,P1,how_to,69.5
T02356,A0650,2024-06-28,P2,access,17.1
T02357,A0650,2024-01-09,P1,outage,60.3
T02358,A0650,2024-03-01,P2,billing,29.9
T02359,A0650,2024-05-17,P1,outage,39.9
T02360,A0650,2024-03-08,P2,outage,11.3
T02361,A0650,2024-04-01,P1,how_to,5.9
T02362,A0650,2024-05-17,P1,outage,39.6
T02363,A0650,2024-05-15,P1,how_to,57.3
T02364,A0651,2024-06-03,P3,access,29.5
T02365,A0651,2024-05-10,P2,outage,16.4
T02366,A0651,2024-02-17,P1,outage,
T02367,A0652,2024-03-27,P3,access,32.5
T02368,A0652,2024-01-18,P3,billing,45.3
T02369,A0652,2024-05-20,P3,how_to,31.8
T02370,A0652,2024-06-18,P3,outage,16.4
T02371,A0654,2024-06-27,P3,how_to,70.4
T02372,A0654,2024-04-21,P1,billing,10.0
T02373,A0654,2024-02-19,P3,outage,12.8
T02374,A0655,2024-01-07,P3,how_to,33.4
T02375,A0655,2024-06-19,P1,bug,69.9
T02376,A0655,2024-06-25,P3,access,12.9
T02377,A0655,2024-03-29,P1,outage,39.4
T02378,A0656,2024-02-21,P2,outage,46.5
T02379,A0656,2024-03-16,P1,outage,19.5
T02380,A0656,2024-01-03,P2,bug,14.4
T02381,A0656,2024-06-22,P1,how_to,27.6
T02382,A0656,2024-06-21,P2,how_to,24.7
T02383,A0657,2024-02-01,P2,billing,60.4
T02384,A0657,2024-05-03,P3,access,20.6
T02385,A0660,2024-05-19,P3,access,21.1
T02386,A0660,2024-01-20,P3,how_to,51.6
T02387,A0660,2024-02-08,P2,how_to,6.6
T02388,A0660,2024-01-04,P3,how_to,33.0
T02389,A0661,2024-02-06,P3,how_to,67.6
T02390,A0661,2024-02-23,P3,access,
T02391,A0661,2024-02-07,P2,billing,15.6
T02392,A0663,2024-03-15,P2,how_to,57.6
T02393,A0663,2024-04-30,P3,billing,
T02394,A0663,2024-03-16,P2,billing,
T02395,A0664,2024-01-20,P2,outage,65.6
T02396,A0664,2024-05-13,P3,how_to,56.8
T02397,A0665,2024-06-27,P1,outage,8.2
T02398,A0666,2024-01-29,P3,bug,14.0
T02399,A0666,2024-05-06,P2,billing,18.9
T02400,A0666,2024-06-19,P2,billing,31.1
T02401,A0666,2024-02-02,P3,bug,50.1
T02402,A0667,2024-04-18,P2,how_to,47.7
T02403,A0667,2024-05-28,P2,outage,6.3
T02404,A0667,2024-01-01,P3,access,3.2
T02405,A0667,2024-04-08,P3,how_to,44.9
T02406,A0668,2024-01-06,P3,access,42.4
T02407,A0668,2024-05-25,P3,billing,
T02408,A0670,2024-02-24,P3,access,
T02409,A0670,2024-04-18,P1,bug,
T02410,A0671,2024-03-14,P3,access,51.8
T02411,A0671,2024-06-11,P2,billing,53.0
T02412,A0671,2024-02-04,P2,outage,64.4
T02413,A0671,2024-06-16,P3,billing,16.2
T02414,A0671,2024-01-15,P2,bug,29.5
T02415,A0671,2024-05-10,P2,access,3.8
T02416,A0673,2024-05-09,P2,how_to,48.6
T02417,A0673,2024-02-25,P3,outage,59.2
T02418,A0673,2024-03-11,P3,bug,40.4
T02419,A0673,2024-01-01,P3,access,44.5
T02420,A0673,2024-06-26,P3,access,
T02421,A0673,2024-05-03,P2,access,20.5
T02422,A0673,2024-01-10,P3,billing,29.2
T02423,A0674,2024-01-19,P1,outage,65.3
T02424,A0674,2024-02-25,P2,billing,62.8
T02425,A0674,2024-05-17,P1,how_to,7.9
T02426,A0674,2024-02-07,P1,outage,23.0
T02427,A0674,2024-02-21,P3,access,56.4
T02428,A0674,2024-06-15,P2,how_to,14.4
T02429,A0675,2024-03-11,P3,billing,71.2
T02430,A0676,2024-05-13,P1,outage,27.7
T02431,A0676,2024-03-17,P2,outage,66.9
T02432,A0676,2024-02-10,P2,billing,1.6
T02433,A0676,2024-04-18,P3,access,33.3
T02434,A0676,2024-02-10,P3,outage,48.5
T02435,A0676,2024-02-25,P3,access,70.9
T02436,A0676,2024-06-17,P3,outage,67.3
T02437,A0676,2024-02-23,P1,bug,13.2
T02438,A0678,2024-04-18,P2,access,64.2
T02439,A0678,2024-04-26,P3,billing,50.0
T02440,A0678,2024-06-05,P3,billing,54.9
T02441,A0679,2024-04-25,P2,outage,50.2
T02442,A0679,2024-03-30,P3,how_to,3.4
T02443,A0679,2024-03-10,P2,access,15.1
T02444,A0679,2024-03-03,P2,outage,53.2
T02445,A0679,2024-01-06,P2,outage,40.8
T02446,A0679,2024-02-28,P2,outage,67.5
T02447,A0680,2024-06-08,P2,bug,16.1
T02448,A0680,2024-03-16,P3,bug,6.1
T02449,A0680,2024-04-21,P1,bug,33.9
T02450,A0680,2024-04-27,P1,outage,71.1
T02451,A0680,2024-04-08,P1,billing,45.1
T02452,A0680,2024-05-13,P3,billing,48.8
T02453,A0681,2024-04-24,P2,outage,29.6
T02454,A0682,2024-01-09,P2,outage,40.0
T02455,A0682,2024-04-01,P3,access,2.4
T02456,A0682,2024-06-02,P1,how_to,40.9
T02457,A0682,2024-01-09,P1,how_to,21.4
T02458,A0682,2024-02-19,P2,bug,
T02459,A0682,2024-03-02,P1,bug,54.3
T02460,A0682,2024-02-14,P1,bug,44.3
T02461,A0682,2024-04-08,P2,how_to,29.9
T02462,A0683,2024-06-08,P1,access,40.5
T02463,A0683,2024-03-17,P3,billing,16.9
T02464,A0683,2024-02-26,P3,outage,38.9
T02465,A0684,2024-01-16,P2,outage,
T02466,A0684,2024-01-01,P3,how_to,70.6
T02467,A0685,2024-04-22,P3,access,26.4
T02468,A0685,2024-02-20,P3,bug,57.5
T02469,A0686,2024-02-05,P2,how_to,32.8
T02470,A0686,2024-03-11,P1,access,50.2
T02471,A0686,2024-06-09,P2,how_to,56.0
T02472,A0686,2024-04-17,P1,bug,42.3
T02473,A0686,2024-01-03,P1,outage,3.7
T02474,A0687,2024-01-08,P2,how_to,11.3
T02475,A0687,2024-04-22,P3,bug,28.1
T02476,A0687,2024-05-02,P1,bug,40.6
T02477,A0688,2024-06-07,P3,outage,
T02478,A0688,2024-02-23,P3,how_to,57.0
T02479,A0689,2024-04-04,P3,outage,12.4
T02480,A0689,2024-03-20,P3,access,
T02481,A0689,2024-06-20,P3,access,24.1
T02482,A0691,2024-06-05,P3,bug,
T02483,A0691,2024-04-04,P3,how_to,9.7
T02484,A0691,2024-04-23,P2,outage,54.6
T02485,A0691,2024-06-25,P3,how_to,26.0
T02486,A0692,2024-01-08,P1,outage,8.9
T02487,A0692,2024-02-18,P2,how_to,67.1
T02488,A0692,2024-02-21,P3,how_to,35.7
T02489,A0692,2024-04-30,P3,billing,51.1
T02490,A0692,2024-06-18,P1,how_to,
T02491,A0692,2024-06-11,P1,outage,37.3
T02492,A0692,2024-05-14,P1,access,54.7
T02493,A0692,2024-02-05,P3,access,37.0
T02494,A0693,2024-02-17,P1,access,
T02495,A0694,2024-01-05,P1,how_to,
T02496,A0694,2024-03-10,P3,outage,5.0
T02497,A0694,2024-03-02,P2,how_to,68.7
T02498,A0694,2024-06-06,P1,billing,3.9
T02499,A0694,2024-05-20,P1,access,33.8
T02500,A0694,2024-06-28,P1,bug,56.3
T02501,A0694,2024-05-07,P3,access,70.5
T02502,A0694,2024-02-17,P1,access,6.7
T02503,A0695,2024-05-31,P1,bug,2.9
T02504,A0695,2024-05-12,P3,access,2.1
T02505,A0695,2024-03-01,P2,outage,45.2
T02506,A0695,2024-02-08,P3,bug,14.3
T02507,A0695,2024-01-25,P1,billing,1.3
T02508,A0696,2024-05-24,P3,billing,44.6
T02509,A0696,2024-06-11,P1,bug,57.4
T02510,A0696,2024-04-28,P3,billing,2.8
T02511,A0696,2024-03-30,P2,bug,56.1
T02512,A0697,2024-02-17,P2,how_to,16.1
T02513,A0698,2024-06-03,P3,bug,52.6
T02514,A0698,2024-02-01,P3,bug,39.5
T02515,A0698,2024-01-07,P2,billing,33.4
T02516,A0698,2024-06-20,P2,bug,29.6
T02517,A0699,2024-05-11,P2,outage,
T02518,A0699,2024-03-28,P1,access,54.3
T02519,A0699,2024-03-25,P1,billing,42.0
T02520,A0700,2024-06-03,P3,access,35.6
T02521,A0700,2024-01-10,P2,outage,
T02522,A0700,2024-01-18,P1,billing,39.3
T02523,A0700,2024-05-02,P1,access,21.2
T02524,A0700,2024-04-10,P2,access,64.7
T02525,A0701,2024-02-17,P2,bug,10.8
T02526,A0701,2024-03-19,P1,access,29.7
T02527,A0702,2024-03-18,P3,access,20.0
T02528,A0703,2024-06-13,P2,billing,12.4
T02529,A0703,2024-04-11,P2,billing,66.7
T02530,A0703,2024-06-27,P1,how_to,42.2
T02531,A0703,2024-03-05,P3,billing,
T02532,A0703,2024-06-08,P2,billing,
T02533,A0703,2024-03-05,P3,billing,14.1
T02534,A0704,2024-03-15,P3,billing,66.0
T02535,A0705,2024-03-04,P1,how_to,19.3
T02536,A0705,2024-03-11,P3,bug,20.7
T02537,A0705,2024-05-03,P2,outage,24.0
T02538,A0706,2024-01-08,P1,outage,5.5
T02539,A0706,2024-04-08,P3,access,25.5
T02540,A0706,2024-02-01,P2,bug,59.7
T02541,A0706,2024-06-17,P1,access,19.9
T02542,A0706,2024-01-03,P1,outage,10.7
T02543,A0706,2024-05-01,P1,how_to,
T02544,A0707,2024-05-12,P3,access,6.3
T02545,A0707,2024-02-06,P3,how_to,30.8
T02546,A0707,2024-04-07,P1,how_to,29.0
T02547,A0708,2024-01-02,P2,access,3.7
T02548,A0708,2024-02-27,P1,bug,20.3
T02549,A0708,2024-06-14,P3,how_to,61.0
T02550,A0708,2024-03-30,P1,bug,
T02551,A0709,2024-02-13,P2,outage,52.5
T02552,A0709,2024-06-22,P1,how_to,8.3
T02553,A0709,2024-05-09,P3,outage,18.5
T02554,A0710,2024-03-24,P3,billing,70.4
T02555,A0710,2024-04-02,P3,bug,11.6
T02556,A0711,2024-01-10,P1,bug,26.8
T02557,A0711,2024-02-10,P3,billing,22.0
T02558,A0712,2024-03-12,P2,bug,2.6
T02559,A0713,2024-06-16,P2,outage,25.9
T02560,A0713,2024-01-08,P1,how_to,14.1
T02561,A0713,2024-06-15,P2,bug,24.3
T02562,A0713,2024-04-07,P3,billing,53.4
T02563,A0713,2024-01-17,P2,outage,26.5
T02564,A0713,2024-06-25,P2,outage,2.7
T02565,A0713,2024-04-17,P2,how_to,6.5
T02566,A0713,2024-05-18,P3,bug,17.4
T02567,A0714,2024-04-28,P3,billing,46.8
T02568,A0716,2024-05-14,P3,access,1.0
T02569,A0716,2024-04-07,P1,bug,69.3
T02570,A0716,2024-05-26,P3,how_to,59.0
T02571,A0716,2024-03-14,P3,bug,34.2
T02572,A0716,2024-02-15,P1,outage,66.8
T02573,A0717,2024-02-13,P3,how_to,24.9
T02574,A0717,2024-05-15,P1,billing,59.6
T02575,A0717,2024-05-25,P1,outage,17.9
T02576,A0717,2024-03-03,P2,billing,61.0
T02577,A0718,2024-01-10,P2,outage,68.6
T02578,A0718,2024-02-19,P1,bug,15.4
T02579,A0718,2024-04-22,P3,billing,10.0
T02580,A0718,2024-02-02,P2,outage,51.1
T02581,A0718,2024-06-06,P1,billing,66.8
T02582,A0719,2024-01-22,P2,how_to,18.8
T02583,A0719,2024-04-07,P1,how_to,66.1
T02584,A0719,2024-02-29,P2,how_to,22.4
T02585,A0719,2024-04-23,P3,access,41.7
T02586,A0719,2024-01-11,P1,how_to,19.2
T02587,A0719,2024-03-12,P3,bug,8.0
T02588,A0719,2024-01-01,P2,bug,10.5
T02589,A0719,2024-04-11,P2,bug,47.9
T02590,A0719,2024-06-08,P3,billing,56.8
T02591,A0720,2024-06-11,P3,billing,28.5
T02592,A0720,2024-03-13,P2,billing,24.3
T02593,A0720,2024-02-10,P2,outage,12.3
T02594,A0720,2024-05-12,P1,how_to,23.5
T02595,A0720,2024-01-14,P2,how_to,66.4
T02596,A0721,2024-06-21,P1,how_to,56.8
T02597,A0721,2024-02-14,P1,how_to,46.0
T02598,A0721,2024-02-16,P3,bug,11.9
T02599,A0721,2024-06-04,P1,how_to,16.3
T02600,A0721,2024-01-15,P3,how_to,61.2
T02601,A0721,2024-06-23,P2,access,53.2
T02602,A0722,2024-05-06,P1,access,2.6
T02603,A0722,2024-06-17,P3,access,28.6
T02604,A0722,2024-01-01,P2,bug,19.3
T02605,A0723,2024-01-16,P3,outage,58.3
T02606,A0723,2024-03-25,P2,access,25.6
T02607,A0723,2024-06-05,P2,access,33.7
T02608,A0725,2024-05-28,P2,outage,
T02609,A0725,2024-04-26,P2,how_to,5.3
T02610,A0725,2024-02-04,P1,access,
T02611,A0725,2024-06-05,P3,outage,1.8
T02612,A0725,2024-01-29,P1,how_to,68.1
T02613,A0725,2024-03-07,P2,access,25.3
T02614,A0725,2024-06-11,P3,bug,18.8
T02615,A9999,2024-04-21,P1,outage,70.7
T02616,A0725,2024-06-14,P1,billing,61.8
T02617,A0725,2024-04-17,P3,how_to,62.0
T02618,A0726,2024-06-15,P1,bug,66.0
T02619,A0726,2024-04-30,P3,billing,57.4
T02620,A0726,2024-02-17,P1,how_to,30.1
T02621,A0726,2024-03-16,P1,how_to,48.6
T02622,A0726,2024-01-23,P1,how_to,37.9
T02623,A0726,2024-06-05,P1,bug,36.4
T02624,A0727,2024-05-12,P3,access,9.8
T02625,A0727,2024-03-18,P2,outage,9.6
T02626,A0728,2024-01-21,P2,outage,11.9
T02627,A0728,2024-06-24,P3,access,12.2
T02628,A0728,2024-06-27,P2,bug,57.2
T02629,A0728,2024-02-11,P3,outage,48.3
T02630,A0728,2024-04-29,P3,how_to,6.8
T02631,A0728,2024-04-05,P2,billing,49.5
T02632,A0729,2024-06-03,P3,outage,58.2
T02633,A0729,2024-06-03,P2,how_to,70.3
T02634,A0729,2024-06-19,P1,access,70.2
T02635,A0729,2024-03-04,P3,how_to,59.9
T02636,A0729,2024-04-04,P3,how_to,51.2
T02637,A0729,2024-01-21,P1,bug,12.7
T02638,A0729,2024-06-07,P3,access,25.1
T02639,A0730,2024-05-25,P3,access,41.7
T02640,A0730,2024-05-15,P1,outage,47.9
T02641,A0730,2024-04-21,P1,billing,47.0
T02642,A0730,2024-06-09,P2,billing,
T02643,A0730,2024-05-06,P2,how_to,
T02644,A0730,2024-06-15,P2,billing,9.9
T02645,A0730,2024-02-26,P1,how_to,63.2
T02646,A0731,2024-03-10,P1,access,48.5
T02647,A0731,2024-05-02,P3,billing,9.3
T02648,A0731,2024-02-15,P3,outage,29.8
T02649,A0731,2024-04-24,P3,how_to,64.6
T02650,A0731,2024-05-22,P3,billing,57.4
T02651,A0731,2024-01-06,P1,outage,70.4
T02652,A0732,2024-01-12,P1,billing,63.6
T02653,A0732,2024-02-01,P1,how_to,25.1
T02654,A0732,2024-03-23,P1,billing,19.6
T02655,A0732,2024-06-21,P1,how_to,26.4
T02656,A0733,2024-02-06,P1,bug,6.6
T02657,A0733,2024-02-05,P1,outage,27.9
T02658,A0733,2024-06-25,P1,outage,37.1
T02659,A0733,2024-03-08,P2,billing,34.6
T02660,A0733,2024-01-12,P2,billing,
T02661,A0733,2024-01-16,P1,how_to,
T02662,A0733,2024-03-22,P2,bug,
T02663,A0734,2024-02-14,P2,bug,52.9
T02664,A0734,2024-02-10,P3,access,51.2
T02665,A0734,2024-04-01,P1,bug,30.8
T02666,A0734,2024-03-20,P2,outage,1.1
T02667,A0736,2024-04-19,P1,how_to,7.4
T02668,A0736,2024-06-27,P3,access,6.0
T02669,A0736,2024-06-02,P1,bug,43.0
T02670,A0737,2024-05-18,P2,outage,54.2
T02671,A0737,2024-03-26,P3,billing,9.5
T02672,A0737,2024-03-29,P3,access,12.6
T02673,A0738,2024-06-06,P1,access,12.3
T02674,A0738,2024-06-18,P2,bug,55.8
T02675,A0738,2024-06-14,P3,billing,12.9
T02676,A0738,2024-04-09,P2,outage,6.4
T02677,A0738,2024-02-20,P2,bug,20.4
T02678,A0738,2024-04-15,P2,outage,16.0
T02679,A0738,2024-02-16,P3,bug,46.0
T02680,A0739,2024-02-27,P1,outage,28.5
T02681,A0739,2024-03-07,P2,outage,46.4
T02682,A0739,2024-01-26,P3,billing,13.3
T02683,A0739,2024-03-12,P3,bug,4.1
T02684,A0739,2024-01-10,P2,bug,33.4
T02685,A0739,2024-01-25,P1,access,17.1
T02686,A0739,2024-03-09,P2,bug,33.1
T02687,A0739,2024-03-03,P3,outage,26.6
T02688,A0739,2024-01-12,P1,outage,15.1
T02689,A0740,2024-03-13,P3,billing,48.5
T02690,A0740,2024-04-14,P2,how_to,70.3
T02691,A0740,2024-01-02,P1,bug,13.0
T02692,A0740,2024-05-26,P2,access,53.1
T02693,A0741,2024-06-06,P3,billing,44.1
T02694,A0742,2024-05-02,P3,access,18.0
T02695,A0742,2024-05-20,P3,outage,4.3
T02696,A0743,2024-03-10,P1,how_to,60.7
T02697,A0743,2024-03-21,P3,how_to,49.6
T02698,A0743,2024-03-25,P1,billing,
T02699,A0743,2024-01-04,P1,how_to,51.2
T02700,A0743,2024-03-07,P2,access,40.6
T02701,A0743,2024-04-01,P2,how_to,38.8
T02702,A0744,2024-01-11,P3,outage,51.0
T02703,A0744,2024-04-09,P2,outage,54.2
T02704,A0744,2024-03-15,P2,bug,69.3
T02705,A0744,2024-02-07,P1,outage,51.1
T02706,A0744,2024-05-18,P3,billing,40.6
T02707,A0744,2024-06-04,P3,bug,16.4
T02708,A0744,2024-03-19,P3,access,39.7
T02709,A0744,2024-01-02,P1,access,
T02710,A0745,2024-01-13,P3,access,44.6
T02711,A0745,2024-05-15,P2,access,43.6
T02712,A0745,2024-03-03,P3,bug,69.8
T02713,A0745,2024-01-02,P2,outage,53.2
T02714,A0745,2024-01-06,P3,outage,41.1
T02715,A0745,2024-02-16,P3,bug,52.5
T02716,A0745,2024-05-12,P3,access,69.0
T02717,A0745,2024-02-16,P1,access,
T02718,A0746,2024-04-13,P1,how_to,35.0
T02719,A0746,2024-03-16,P1,outage,50.0
T02720,A0746,2024-01-15,P1,billing,54.9
T02721,A0746,2024-05-23,P3,access,68.0
T02722,A0746,2024-01-01,P1,bug,22.6
T02723,A0747,2024-02-20,P3,access,28.3
T02724,A0747,2024-03-27,P2,billing,62.5
T02725,A0747,2024-04-01,P2,how_to,70.5
T02726,A0747,2024-01-29,P2,bug,
T02727,A0748,2024-06-03,P3,billing,22.9
T02728,A0748,2024-01-07,P2,bug,33.3
T02729,A0748,2024-01-25,P2,billing,69.7
T02730,A0748,2024-05-22,P3,how_to,9.7
T02731,A0748,2024-04-26,P1,outage,31.2
T02732,A0750,2024-06-16,P3,billing,6.9
T02733,A0750,2024-03-21,P3,how_to,6.8
T02734,A0751,2024-04-02,P2,access,10.4
T02735,A0751,2024-01-23,P1,billing,9.5
T02736,A0751,2024-04-28,P1,how_to,41.0
T02737,A0751,2024-01-31,P1,bug,1.0
T02738,A0751,2024-01-06,P1,bug,28.6
T02739,A0751,2024-05-20,P3,bug,68.2
T02740,A0751,2024-03-09,P1,outage,58.6
T02741,A0752,2024-01-16,P3,billing,20.3
T02742,A0752,2024-03-11,P3,outage,43.4
T02743,A0752,2024-05-05,P3,how_to,13.5
T02744,A0753,2024-04-13,P2,how_to,19.7
T02745,A0754,2024-03-05,P2,bug,8.4
T02746,A0754,2024-02-26,P1,how_to,27.1
T02747,A0755,2024-05-17,P2,how_to,51.4
T02748,A0755,2024-04-23,P1,billing,23.0
T02749,A0755,2024-04-17,P3,access,1.2
T02750,A0756,2024-02-17,P3,outage,20.1
T02751,A0756,2024-04-26,P3,access,50.6
T02752,A0756,2024-04-30,P2,how_to,15.9
T02753,A0756,2024-06-25,P1,bug,26.0
T02754,A0756,2024-03-19,P3,bug,48.9
T02755,A0756,2024-04-06,P3,billing,
T02756,A0757,2024-02-27,P3,bug,2.7
T02757,A0757,2024-02-12,P2,billing,33.0
T02758,A0757,2024-02-22,P2,access,62.2
T02759,A0757,2024-06-02,P1,access,36.2
T02760,A0757,2024-02-01,P2,outage,47.8
T02761,A0758,2024-04-16,P3,billing,44.6
T02762,A0758,2024-05-14,P3,billing,52.0
T02763,A0758,2024-01-15,P2,bug,40.0
T02764,A0758,2024-01-23,P3,outage,63.4
T02765,A0758,2024-02-23,P3,billing,27.4
T02766,A0759,2024-02-05,P2,billing,10.7
T02767,A0759,2024-03-28,P3,how_to,65.6
T02768,A0760,2024-01-13,P3,billing,14.9
T02769,A0761,2024-05-07,P2,how_to,23.1
T02770,A0761,2024-06-10,P3,billing,53.0
T02771,A0762,2024-04-03,P2,outage,35.1
T02772,A0762,2024-05-23,P2,access,26.8
T02773,A0762,2024-05-20,P1,access,
T02774,A0762,2024-01-17,P2,access,34.6
T02775,A0762,2024-05-20,P1,outage,20.2
T02776,A0762,2024-06-28,P3,access,5.9
T02777,A0762,2024-01-25,P1,outage,28.5
T02778,A0763,2024-06-18,P3,access,26.7
T02779,A0763,2024-01-12,P2,access,26.9
T02780,A0764,2024-02-19,P2,billing,20.1
T02781,A0764,2024-06-24,P2,bug,
T02782,A0764,2024-03-14,P3,outage,55.9
T02783,A0765,2024-04-23,P2,how_to,59.6
T02784,A0766,2024-04-14,P2,how_to,68.7
T02785,A0766,2024-02-28,P1,access,12.6
T02786,A0766,2024-03-11,P3,bug,
T02787,A0766,2024-04-26,P1,how_to,47.8
T02788,A0767,2024-05-22,P1,access,7.0
T02789,A0767,2024-03-16,P3,billing,5.4
T02790,A0767,2024-04-12,P3,access,66.7
T02791,A0768,2024-06-01,P1,outage,45.5
T02792,A0768,2024-05-17,P3,billing,13.7
T02793,A0769,2024-04-23,P3,outage,21.8
T02794,A0769,2024-02-03,P3,outage,65.3
T02795,A0769,2024-01-06,P1,billing,5.3
T02796,A0770,2024-02-13,P2,how_to,39.3
T02797,A0770,2024-01-14,P2,outage,54.3
T02798,A0770,2024-01-28,P3,billing,58.2
T02799,A0770,2024-05-08,P2,bug,17.6
T02800,A0770,2024-05-10,P1,bug,63.6
T02801,A0770,2024-01-15,P3,access,16.8
T02802,A0770,2024-04-06,P1,how_to,25.6
T02803,A0770,2024-02-24,P1,billing,30.3
T02804,A0771,2024-01-28,P3,access,48.4
T02805,A0773,2024-04-06,P2,billing,62.7
T02806,A0774,2024-04-27,P3,outage,31.9
T02807,A0774,2024-03-09,P3,access,59.9
T02808,A0774,2024-03-31,P3,access,71.2
T02809,A0774,2024-05-27,P2,outage,25.8
T02810,A0774,2024-03-13,P1,outage,
T02811,A0774,2024-04-07,P2,how_to,49.8
T02812,A0774,2024-04-11,P1,how_to,46.6
T02813,A0774,2024-03-08,P1,how_to,19.4
T02814,A0775,2024-05-15,P1,access,55.9
T02815,A0775,2024-05-28,P1,outage,
T02816,A0775,2024-05-16,P1,bug,50.9
T02817,A0775,2024-03-15,P1,outage,41.3
T02818,A0775,2024-04-22,P2,billing,68.4
T02819,A0776,2024-06-05,P1,access,30.9
T02820,A0776,2024-06-03,P1,billing,19.9
T02821,A0776,2024-05-16,P2,outage,43.1
T02822,A0776,2024-01-25,P2,access,62.5
T02823,A0776,2024-06-08,P2,how_to,29.5
T02824,A0776,2024-01-30,P2,billing,16.6
T02825,A0778,2024-01-28,P2,bug,44.7
T02826,A0778,2024-06-06,P1,how_to,52.2
T02827,A0778,2024-06-19,P1,billing,42.4
T02828,A0778,2024-01-04,P1,bug,11.0
T02829,A0778,2024-03-02,P2,access,30.8
T02830,A0779,2024-01-02,P2,bug,48.9
T02831,A0780,2024-01-09,P1,bug,11.2
T02832,A0780,2024-02-04,P3,outage,57.1
T02833,A0781,2024-05-06,P2,how_to,8.5
T02834,A0782,2024-05-31,P1,bug,36.1
T02835,A0782,2024-03-04,P1,bug,57.6
T02836,A0782,2024-03-05,P3,access,20.6
T02837,A0782,2024-03-04,P2,how_to,46.1
T02838,A0784,2024-02-16,P2,outage,35.9
T02839,A0784,2024-06-13,P2,bug,40.5
T02840,A0784,2024-03-02,P1,bug,21.7
T02841,A0785,2024-06-12,P2,billing,12.3
T02842,A0785,2024-04-21,P2,billing,66.7
T02843,A0785,2024-05-12,P1,billing,5.8
T02844,A0785,2024-02-06,P2,how_to,8.8
T02845,A0785,2024-04-12,P3,bug,8.5
T02846,A0785,2024-02-14,P2,billing,60.5
T02847,A0785,2024-01-18,P1,access,53.4
T02848,A0786,2024-04-06,P1,access,37.6
T02849,A0786,2024-04-29,P1,bug,15.0
T02850,A0786,2024-02-05,P1,outage,19.0
T02851,A0786,2024-04-16,P2,bug,64.9
T02852,A0786,2024-03-02,P2,bug,47.5
T02853,A0787,2024-02-24,P1,how_to,23.8
T02854,A0788,2024-06-16,P3,how_to,60.0
T02855,A0789,2024-02-24,P1,outage,31.2
T02856,A0789,2024-01-25,P3,outage,41.4
T02857,A0789,2024-01-22,P3,how_to,55.7
T02858,A0789,2024-04-20,P1,how_to,60.5
T02859,A0789,2024-02-28,P3,outage,45.6
T02860,A0789,2024-06-08,P3,how_to,
T02861,A0789,2024-04-05,P1,access,30.5
T02862,A0790,2024-02-11,P2,outage,
T02863,A0791,2024-02-18,P3,bug,
T02864,A0792,2024-04-20,P3,bug,11.1
T02865,A0792,2024-04-17,P2,billing,58.1
T02866,A0792,2024-01-29,P2,how_to,6.2
T02867,A0793,2024-04-04,P1,billing,25.7
T02868,A0793,2024-03-06,P3,billing,27.8
T02869,A0793,2024-03-20,P3,billing,56.8
T02870,A0794,2024-01-07,P1,billing,71.2
T02871,A0794,2024-03-24,P1,access,5.3
T02872,A0794,2024-01-12,P1,outage,47.2
T02873,A0794,2024-02-04,P2,billing,51.6
T02874,A0794,2024-06-09,P3,billing,9.4
T02875,A0795,2024-05-23,P3,billing,71.0
T02876,A0795,2024-05-13,P3,billing,26.7
T02877,A0795,2024-03-04,P2,bug,58.4
T02878,A0795,2024-04-04,P3,access,33.9
T02879,A0795,2024-05-14,P2,bug,17.9
T02880,A0795,2024-02-21,P1,outage,22.2
T02881,A0795,2024-05-06,P1,billing,52.1
T02882,A0796,2024-03-23,P1,how_to,41.3
T02883,A0797,2024-02-02,P3,bug,39.9
T02884,A0798,2024-04-29,P2,outage,29.7
T02885,A0798,2024-02-29,P2,how_to,57.4
T02886,A0800,2024-03-26,P3,billing,55.2
T02887,A0800,2024-04-25,P3,access,16.7
T02888,A0800,2024-05-02,P1,access,66.9
T02889,A0800,2024-06-01,P3,access,12.8
T02890,A0801,2024-04-13,P3,outage,8.3
T02891,A0801,2024-06-05,P3,outage,62.9
T02892,A0801,2024-06-16,P1,outage,27.7
T02893,A0803,2024-05-07,P1,billing,11.0
T02894,A0803,2024-01-07,P3,access,19.1
T02895,A0803,2024-02-06,P1,access,25.8
T02896,A0803,2024-04-29,P3,how_to,49.8
T02897,A0803,2024-05-28,P2,access,7.3
T02898,A0803,2024-01-14,P1,outage,33.2
T02899,A0804,2024-02-26,P3,access,61.5
T02900,A0804,2024-04-04,P3,outage,6.5
T02901,A0804,2024-05-27,P3,access,19.7
T02902,A0805,2024-03-04,P2,access,
T02903,A0805,2024-05-05,P3,access,58.6
T02904,A0806,2024-01-28,P3,bug,19.5
T02905,A0806,2024-04-24,P1,how_to,61.2
T02906,A0806,2024-05-05,P3,how_to,
T02907,A0806,2024-05-08,P1,access,17.1
T02908,A0807,2024-02-13,P3,bug,47.1
T02909,A0807,2024-04-25,P1,how_to,33.6
T02910,A0807,2024-06-28,P2,bug,9.1
T02911,A0807,2024-01-16,P3,access,4.4
T02912,A0807,2024-03-23,P1,how_to,39.6
T02913,A0807,2024-06-06,P3,billing,3.9
T02914,A0807,2024-01-02,P2,outage,4.8
T02915,A0807,2024-03-21,P1,billing,46.8
T02916,A0808,2024-04-01,P3,bug,42.9
T02917,A0808,2024-02-27,P1,access,61.3
T02918,A0808,2024-04-25,P2,bug,
T02919,A0808,2024-05-24,P2,access,60.8
T02920,A0808,2024-01-03,P3,billing,12.2
T02921,A0809,2024-01-06,P1,bug,6.0
T02922,A0809,2024-03-11,P1,how_to,70.2
T02923,A0809,2024-03-09,P1,billing,35.4
T02924,A0810,2024-06-16,P1,outage,39.9
T02925,A0810,2024-05-17,P3,billing,11.2
T02926,A0811,2024-05-31,P1,outage,
T02927,A0811,2024-01-24,P1,how_to,26.8
T02928,A0811,2024-01-06,P2,bug,
T02929,A0811,2024-02-23,P2,access,64.0
T02930,A0811,2024-06-04,P2,outage,43.0
T02931,A0812,2024-02-19,P3,access,69.7
T02932,A0813,2024-05-28,P3,how_to,62.9
T02933,A0814,2024-02-12,P2,outage,63.0
T02934,A0814,2024-01-26,P3,outage,39.0
T02935,A0814,2024-04-07,P3,access,37.8
T02936,A0815,2024-01-09,P2,access,49.9
T02937,A0815,2024-03-21,P2,bug,44.1
T02938,A0815,2024-03-17,P1,billing,2.2
T02939,A0816,2024-05-17,P3,billing,69.2
T02940,A0816,2024-02-03,P3,access,25.2
T02941,A0816,2024-03-20,P2,bug,64.5
T02942,A0816,2024-06-18,P1,billing,28.2
T02943,A0816,2024-05-16,P2,access,56.5
T02944,A0816,2024-05-31,P1,bug,65.3
T02945,A0817,2024-06-14,P1,how_to,13.8
T02946,A0817,2024-04-03,P1,access,19.4
T02947,A0817,2024-02-22,P3,access,19.0
T02948,A0819,2024-01-28,P1,billing,32.0
T02949,A0819,2024-06-19,P1,outage,58.1
T02950,A0819,2024-04-02,P2,outage,35.4
T02951,A0819,2024-04-03,P2,access,41.8
T02952,A0820,2024-02-09,P2,how_to,42.5
T02953,A0820,2024-02-10,P2,bug,38.8
T02954,A0821,2024-01-31,P2,billing,19.2
T02955,A0821,2024-05-28,P1,bug,34.2
T02956,A0822,2024-03-05,P3,bug,51.3
T02957,A0822,2024-06-18,P3,bug,71.3
T02958,A0822,2024-01-06,P1,outage,36.8
T02959,A0823,2024-04-12,P1,bug,4.4
T02960,A0823,2024-04-16,P1,outage,30.0
T02961,A0823,2024-06-24,P2,bug,4.1
T02962,A0823,2024-03-21,P1,outage,30.8
T02963,A0823,2024-04-11,P2,how_to,
T02964,A0824,2024-02-06,P3,outage,44.2
T02965,A0825,2024-02-15,P2,outage,34.8
T02966,A0827,2024-03-09,P2,billing,57.7
T02967,A0827,2024-05-30,P3,how_to,
T02968,A0827,2024-04-14,P2,outage,49.4
T02969,A0827,2024-03-18,P1,bug,53.0
T02970,A0828,2024-01-19,P3,billing,58.1
T02971,A0828,2024-06-19,P2,billing,35.7
T02972,A0828,2024-05-20,P2,billing,9.4
T02973,A0830,2024-05-02,P1,access,35.2
T02974,A0830,2024-01-15,P3,access,1.1
T02975,A0830,2024-06-07,P2,outage,
T02976,A0832,2024-05-09,P3,bug,29.1
T02977,A0832,2024-02-15,P3,access,14.0
T02978,A0833,2024-02-26,P3,bug,
T02979,A0833,2024-01-31,P2,outage,26.1
T02980,A0834,2024-01-24,P3,outage,63.6
T02981,A0834,2024-02-13,P3,how_to,26.2
T02982,A0835,2024-03-26,P1,billing,3.6
T02983,A0835,2024-02-19,P3,outage,5.3
T02984,A0836,2024-01-21,P1,bug,24.1
T02985,A0836,2024-06-23,P1,billing,49.4
T02986,A0836,2024-06-07,P2,access,45.9
T02987,A0837,2024-01-04,P1,bug,35.5
T02988,A0837,2024-01-27,P2,access,26.7
T02989,A0837,2024-06-01,P2,outage,30.1
T02990,A0837,2024-03-09,P1,access,10.6
T02991,A0837,2024-02-13,P3,billing,17.6
T02992,A0838,2024-02-22,P3,how_to,10.6
T02993,A0838,2024-03-18,P3,billing,37.3
T02994,A0838,2024-05-09,P1,bug,13.1
T02995,A0838,2024-05-08,P1,how_to,59.8
T02996,A0839,2024-02-04,P3,how_to,67.7
T02997,A0840,2024-02-29,P2,bug,1.7
T02998,A0840,2024-01-07,P3,bug,13.5
T02999,A0840,2024-02-08,P2,bug,63.2
T03000,A0840,2024-01-24,P2,how_to,55.7
T03001,A0840,2024-02-09,P1,how_to,29.9
T03002,A0841,2024-01-23,P3,billing,42.6
T03003,A0841,2024-04-20,P1,how_to,13.8
T03004,A0841,2024-01-17,P3,outage,
T03005,A0842,2024-04-24,P3,access,60.1
T03006,A0843,2024-01-08,P3,how_to,14.3
T03007,A0843,2024-03-21,P2,how_to,69.8
T03008,A0844,2024-04-09,P3,billing,35.6
T03009,A0844,2024-03-23,P3,bug,36.4
T03010,A0845,2024-06-10,P1,bug,69.9
T03011,A0845,2024-06-25,P2,bug,
T03012,A0846,2024-02-20,P2,bug,27.3
T03013,A0846,2024-02-14,P2,access,2.8
T03014,A0846,2024-05-16,P1,bug,9.6
T03015,A0847,2024-02-25,P2,bug,67.9
T03016,A0848,2024-02-17,P1,bug,8.4
T03017,A0848,2024-03-18,P3,billing,
T03018,A0849,2024-04-23,P1,outage,7.3
T03019,A0849,2024-04-29,P3,access,15.8
T03020,A0849,2024-02-28,P2,bug,52.3
T03021,A0849,2024-05-14,P2,outage,13.4
T03022,A0849,2024-03-08,P3,billing,42.7
T03023,A0849,2024-02-21,P2,billing,37.9
T03024,A0850,2024-03-29,P2,how_to,57.2
T03025,A0850,2024-01-05,P2,access,32.1
T03026,A0850,2024-06-18,P2,how_to,59.2
T03027,A0850,2024-04-07,P3,access,60.4
T03028,A0850,2024-06-20,P1,how_to,34.1
T03029,A0851,2024-02-27,P1,billing,3.8
T03030,A0851,2024-04-24,P3,billing,60.5
T03031,A0851,2024-06-02,P1,billing,48.7
T03032,A0851,2024-04-22,P1,access,57.6
T03033,A0852,2024-06-27,P3,outage,22.9
T03034,A0852,2024-01-03,P3,access,17.6
T03035,A0852,2024-06-10,P3,access,64.8
T03036,A0853,2024-06-16,P1,access,51.2
T03037,A0853,2024-06-17,P3,how_to,3.1
T03038,A0854,2024-06-03,P1,how_to,13.9
T03039,A0854,2024-02-21,P1,access,7.9
T03040,A0854,2024-01-07,P2,access,61.7
T03041,A0854,2024-06-09,P2,how_to,52.6
T03042,A0855,2024-06-26,P2,bug,32.1
T03043,A0855,2024-03-29,P2,outage,24.3
T03044,A0855,2024-02-01,P3,outage,49.9
T03045,A0855,2024-02-08,P1,access,45.4
T03046,A0855,2024-03-12,P1,billing,39.6
T03047,A0855,2024-01-11,P3,access,
T03048,A0856,2024-06-12,P1,bug,42.0
T03049,A0856,2024-04-23,P2,bug,41.5
T03050,A0857,2024-04-25,P3,billing,43.1
T03051,A0857,2024-02-24,P1,billing,30.5
T03052,A0858,2024-05-20,P1,access,32.7
T03053,A0858,2024-05-13,P1,access,71.9
T03054,A0858,2024-01-29,P1,billing,9.8
T03055,A0859,2024-02-02,P1,access,71.1
T03056,A0860,2024-01-24,P1,how_to,
T03057,A0860,2024-04-20,P2,billing,40.1
T03058,A0860,2024-03-22,P3,billing,58.2
T03059,A0860,2024-01-24,P2,bug,5.1
T03060,A0860,2024-05-16,P1,outage,33.4
T03061,A0860,2024-06-24,P1,access,1.4
T03062,A0860,2024-06-19,P1,outage,29.4
T03063,A0860,2024-04-20,P1,how_to,67.8
T03064,A0861,2024-01-12,P1,how_to,11.5
T03065,A0861,2024-05-13,P3,access,8.2
T03066,A0861,2024-02-11,P3,bug,64.2
T03067,A0862,2024-06-27,P2,outage,57.1
T03068,A0862,2024-01-11,P3,bug,49.1
T03069,A0862,2024-02-11,P2,billing,18.1
T03070,A0862,2024-06-11,P2,bug,3.6
T03071,A0862,2024-04-22,P1,access,
T03072,A0862,2024-01-06,P1,bug,38.7
T03073,A0863,2024-06-13,P2,billing,38.0
T03074,A0863,2024-05-03,P3,billing,51.0
T03075,A0863,2024-06-04,P1,outage,43.0
T03076,A0863,2024-02-21,P1,billing,24.2
T03077,A0863,2024-03-14,P1,bug,31.7
T03078,A0864,2024-01-23,P2,access,39.1
T03079,A0864,2024-03-02,P1,outage,8.9
T03080,A0864,2024-05-02,P1,outage,29.3
T03081,A0864,2024-05-21,P1,access,66.1
T03082,A0864,2024-05-31,P1,how_to,34.3
T03083,A0864,2024-02-28,P2,bug,
T03084,A0865,2024-04-14,P3,outage,55.8
T03085,A0865,2024-05-18,P3,bug,46.6
T03086,A0866,2024-05-25,P3,billing,25.1
T03087,A0866,2024-01-22,P2,billing,22.8
T03088,A0866,2024-01-04,P3,billing,28.7
T03089,A0866,2024-02-08,P1,billing,15.9
T03090,A0866,2024-02-24,P3,bug,71.9
T03091,A0866,2024-02-24,P1,access,46.1
T03092,A0866,2024-03-02,P3,bug,32.9
T03093,A0866,2024-06-26,P3,billing,10.6
T03094,A0867,2024-04-11,P3,how_to,57.3
T03095,A0867,2024-06-10,P3,how_to,65.2
T03096,A0868,2024-04-10,P3,access,
T03097,A0869,2024-05-08,P3,access,67.9
T03098,A0869,2024-04-11,P1,bug,61.5
T03099,A0869,2024-04-08,P2,bug,4.5
T03100,A0869,2024-05-01,P2,access,4.4
T03101,A0869,2024-01-19,P2,access,57.7
T03102,A0869,2024-06-14,P1,access,19.3
T03103,A0869,2024-01-14,P1,billing,5.5
T03104,A0870,2024-05-15,P1,access,42.5
T03105,A0870,2024-04-14,P2,billing,32.9
T03106,A0870,2024-04-30,P3,bug,67.3
T03107,A0870,2024-01-28,P2,outage,18.8
T03108,A0870,2024-04-10,P1,bug,4.9
T03109,A0870,2024-02-02,P3,billing,56.2
T03110,A0871,2024-06-17,P2,bug,
T03111,A0871,2024-06-12,P1,billing,57.7
T03112,A0872,2024-03-03,P2,bug,3.4
T03113,A0872,2024-01-07,P3,billing,35.2
T03114,A0873,2024-02-02,P2,outage,2.8
T03115,A0874,2024-05-29,P1,bug,8.7
T03116,A0874,2024-03-07,P1,bug,21.9
T03117,A0874,2024-03-02,P2,outage,58.8
T03118,A0874,2024-02-24,P3,billing,52.2
T03119,A0874,2024-03-19,P2,billing,34.4
T03120,A0874,2024-04-20,P1,how_to,66.3
T03121,A0874,2024-03-11,P1,outage,47.8
T03122,A0874,2024-02-21,P1,access,57.6
T03123,A0874,2024-02-21,P2,access,45.3
T03124,A0875,2024-03-25,P1,bug,29.1
T03125,A0875,2024-02-23,P1,billing,32.0
T03126,A0875,2024-03-29,P1,access,39.4
T03127,A0876,2024-04-27,P2,how_to,54.6
T03128,A0876,2024-04-28,P2,outage,35.4
T03129,A0876,2024-03-16,P1,access,12.1
T03130,A0876,2024-03-05,P2,access,13.4
T03131,A0876,2024-01-30,P1,access,33.0
T03132,A0876,2024-02-23,P3,access,7.8
T03133,A0876,2024-05-15,P2,access,41.4
T03134,A0876,2024-06-07,P2,bug,14.4
T03135,A0876,2024-06-23,P1,bug,9.6
T03136,A0877,2024-05-17,P3,how_to,10.8
T03137,A0877,2024-01-03,P1,access,29.6
T03138,A0877,2024-06-22,P2,how_to,3.9
T03139,A0878,2024-03-25,P1,outage,29.3
T03140,A0878,2024-03-18,P2,access,62.7
T03141,A0878,2024-05-18,P2,bug,20.7
T03142,A0878,2024-02-27,P1,how_to,7.0
T03143,A0878,2024-03-10,P1,billing,
T03144,A0878,2024-05-01,P2,access,44.8
T03145,A0879,2024-04-01,P2,how_to,
T03146,A0880,2024-02-15,P2,bug,33.8
T03147,A0880,2024-03-02,P2,how_to,59.7
T03148,A0881,2024-01-08,P2,outage,26.0
T03149,A0881,2024-01-09,P3,billing,59.4
T03150,A0881,2024-05-19,P3,outage,24.3
T03151,A0882,2024-04-15,P3,outage,69.4
T03152,A0882,2024-01-17,P1,access,39.8
T03153,A0882,2024-04-01,P3,billing,61.8
T03154,A0882,2024-04-05,P2,bug,56.0
T03155,A0882,2024-05-31,P1,how_to,
T03156,A0883,2024-01-02,P2,outage,3.7
T03157,A0883,2024-04-23,P3,bug,4.1
T03158,A0883,2024-03-22,P3,billing,66.7
T03159,A0883,2024-04-02,P2,outage,58.8
T03160,A0883,2024-05-10,P1,bug,59.5
T03161,A0883,2024-05-13,P2,how_to,18.2
T03162,A0884,2024-01-16,P3,access,68.2
T03163,A0884,2024-01-14,P1,billing,47.0
T03164,A0885,2024-06-09,P2,billing,27.8
T03165,A0885,2024-05-07,P1,outage,12.3
T03166,A0885,2024-02-28,P2,outage,7.7
T03167,A0885,2024-01-12,P1,access,14.8
T03168,A0885,2024-02-20,P1,access,66.0
T03169,A0885,2024-06-04,P2,bug,31.4
T03170,A0886,2024-06-09,P3,access,34.4
T03171,A0886,2024-02-28,P3,outage,
T03172,A0887,2024-05-25,P1,how_to,54.7
T03173,A0887,2024-04-10,P1,billing,13.1
T03174,A0887,2024-04-05,P1,outage,26.7
T03175,A0887,2024-06-20,P1,access,2.3
T03176,A0888,2024-03-12,P3,bug,68.0
T03177,A0889,2024-01-25,P3,billing,69.0
T03178,A0889,2024-06-08,P2,access,49.2
T03179,A0890,2024-04-04,P1,how_to,39.0
T03180,A0890,2024-03-10,P2,outage,20.1
T03181,A0890,2024-03-26,P3,how_to,60.2
T03182,A0891,2024-06-12,P3,how_to,22.7
T03183,A0891,2024-04-24,P2,outage,64.1
T03184,A0891,2024-01-13,P3,access,69.4
T03185,A0892,2024-03-04,P2,access,15.7
T03186,A0892,2024-06-04,P3,outage,18.3
T03187,A0892,2024-01-09,P2,outage,
T03188,A0892,2024-02-02,P3,access,17.1
T03189,A0892,2024-06-02,P1,outage,13.4
T03190,A0893,2024-03-18,P1,bug,23.6
T03191,A0893,2024-06-16,P2,billing,55.5
T03192,A0894,2024-04-12,P3,outage,44.7
T03193,A0895,2024-01-24,P1,outage,29.2
T03194,A0895,2024-06-04,P2,access,70.8
T03195,A0896,2024-03-06,P3,billing,52.4
T03196,A0896,2024-04-24,P1,access,38.0
T03197,A0897,2024-01-20,P2,bug,21.1
T03198,A0897,2024-02-18,P1,outage,53.2
T03199,A0897,2024-03-17,P3,bug,29.3
T03200,A0897,2024-04-22,P3,bug,52.9
T03201,A0897,2024-05-25,P3,bug,
T03202,A0897,2024-01-25,P3,billing,35.9
T03203,A0897,2024-05-26,P2,how_to,34.7
T03204,A0897,2024-06-20,P2,outage,15.6
T03205,A0898,2024-02-08,P3,billing,33.4
T03206,A0898,2024-06-05,P2,outage,
T03207,A0899,2024-02-17,P3,bug,54.7
T03208,A0899,2024-02-21,P3,outage,60.5
T03209,A0900,2024-03-06,P2,billing,46.2
T03210,A0900,2024-04-15,P2,billing,1.4
T03211,A0900,2024-04-11,P2,outage,45.7
T03212,A0900,2024-01-07,P1,billing,42.9
T03213,A0901,2024-05-04,P1,billing,10.0
T03214,A0901,2024-03-12,P1,outage,34.5
T03215,A0901,2024-01-28,P2,access,39.0
T03216,A0901,2024-06-01,P2,billing,56.5
T03217,A0901,2024-06-07,P3,bug,58.1
T03218,A0901,2024-04-28,P2,outage,42.0
T03219,A0902,2024-04-17,P3,access,24.8
T03220,A0903,2024-04-25,P2,billing,57.7
T03221,A0903,2024-06-26,P3,access,7.0
T03222,A0903,2024-03-01,P3,billing,13.7
T03223,A0903,2024-02-08,P3,outage,12.5
T03224,A0904,2024-01-24,P2,outage,5.3
T03225,A0904,2024-01-02,P3,bug,6.9
T03226,A0904,2024-01-08,P3,bug,8.1
T03227,A0905,2024-03-13,P3,outage,66.0
T03228,A0905,2024-04-09,P3,billing,26.4
T03229,A0905,2024-05-06,P1,bug,66.2
T03230,A0905,2024-02-26,P2,access,27.0
T03231,A0905,2024-06-13,P2,access,4.0
T03232,A0905,2024-02-20,P3,billing,55.4
T03233,A0905,2024-04-19,P1,access,22.3
T03234,A0905,2024-04-13,P1,billing,70.0
T03235,A0905,2024-02-07,P2,how_to,
T03236,A0905,2024-03-07,P2,billing,41.5
T03237,A0905,2024-03-10,P1,bug,60.8
T03238,A0906,2024-03-04,P3,billing,69.1
T03239,A0907,2024-03-15,P2,bug,39.4
T03240,A0907,2024-01-18,P1,how_to,53.2
T03241,A0907,2024-03-04,P2,billing,65.4
T03242,A0907,2024-02-11,P3,bug,47.4
T03243,A0907,2024-05-24,P2,billing,11.7
T03244,A0907,2024-02-07,P3,how_to,59.3
T03245,A0908,2024-03-16,P3,access,31.4
T03246,A0908,2024-05-10,P1,outage,48.5
T03247,A0909,2024-04-05,P2,billing,55.9
T03248,A0909,2024-01-05,P2,access,65.3
T03249,A0909,2024-05-13,P2,access,37.2
T03250,A0909,2024-04-23,P2,access,50.5
T03251,A0910,2024-01-03,P3,outage,20.9
T03252,A0910,2024-03-24,P2,billing,1.9
T03253,A0910,2024-02-14,P1,bug,
T03254,A0910,2024-01-30,P3,access,23.4
T03255,A0911,2024-06-16,P3,outage,9.6
T03256,A0911,2024-03-01,P3,billing,16.8
T03257,A0911,2024-03-31,P2,how_to,58.5
T03258,A0911,2024-03-29,P3,billing,70.3
T03259,A0912,2024-02-27,P1,access,13.6
T03260,A0912,2024-05-04,P3,access,10.5
T03261,A0912,2024-04-25,P1,bug,
T03262,A0912,2024-02-20,P3,billing,32.1
T03263,A0912,2024-03-05,P1,billing,
T03264,A0912,2024-02-11,P1,bug,7.5
T03265,A0912,2024-05-01,P2,how_to,23.2
T03266,A0913,2024-03-16,P2,bug,43.6
T03267,A0914,2024-05-16,P3,how_to,4.3
T03268,A0914,2024-02-26,P1,outage,32.6
T03269,A0914,2024-03-27,P1,bug,48.7
T03270,A0914,2024-04-13,P2,billing,15.2
T03271,A0914,2024-02-23,P2,billing,46.2
T03272,A0914,2024-03-25,P1,billing,35.9
T03273,A0914,2024-03-15,P1,outage,11.4
T03274,A0914,2024-05-09,P2,how_to,1.2
T03275,A0915,2024-01-06,P1,bug,48.7
T03276,A0915,2024-04-15,P3,bug,19.8
T03277,A0915,2024-03-21,P1,bug,
T03278,A0915,2024-06-13,P1,access,21.6
T03279,A0915,2024-04-16,P3,how_to,63.2
T03280,A0916,2024-01-11,P2,how_to,7.6
T03281,A0916,2024-02-23,P3,outage,27.0
T03282,A0916,2024-01-10,P3,how_to,17.1
T03283,A0916,2024-03-29,P3,billing,61.5
T03284,A0917,2024-06-26,P1,bug,65.4
T03285,A0917,2024-04-16,P3,access,63.9
T03286,A0917,2024-01-07,P1,access,48.3
T03287,A0917,2024-04-21,P1,access,13.1
T03288,A0917,2024-03-28,P1,access,44.6
T03289,A0917,2024-04-29,P3,access,24.0
T03290,A0917,2024-02-25,P1,outage,69.4
T03291,A0917,2024-02-11,P3,how_to,32.5
T03292,A0918,2024-02-12,P1,access,43.1
T03293,A0918,2024-06-02,P1,outage,31.0
T03294,A0918,2024-05-01,P1,bug,52.7
T03295,A0918,2024-02-09,P2,access,46.2
T03296,A0918,2024-06-13,P3,access,51.8
T03297,A0918,2024-05-07,P2,how_to,41.5
T03298,A0918,2024-06-05,P1,bug,18.3
T03299,A0919,2024-04-25,P2,outage,22.9
T03300,A0919,2024-02-18,P2,outage,30.0
T03301,A0919,2024-01-15,P2,access,49.8
T03302,A0919,2024-02-18,P2,how_to,
T03303,A0920,2024-03-18,P3,outage,67.8
T03304,A0920,2024-06-09,P2,bug,62.5
T03305,A0921,2024-01-13,P2,bug,30.8
T03306,A0923,2024-01-11,P1,billing,54.4
T03307,A0923,2024-05-10,P2,bug,51.1
T03308,A0923,2024-01-16,P1,access,71.5
T03309,A0924,2024-01-01,P3,access,51.3
T03310,A0924,2024-04-16,P1,bug,
T03311,A0924,2024-03-03,P3,outage,44.8
T03312,A0925,2024-02-11,P1,bug,44.1
T03313,A0925,2024-06-15,P3,billing,43.3
T03314,A0925,2024-01-16,P2,bug,3.1
T03315,A0925,2024-04-24,P1,outage,22.6
T03316,A0925,2024-04-04,P1,how_to,58.5
T03317,A0925,2024-03-17,P2,access,50.1
T03318,A0925,2024-04-08,P1,outage,28.6
T03319,A0926,2024-04-19,P2,billing,71.2
T03320,A0926,2024-05-28,P2,access,28.3
T03321,A0926,2024-05-15,P2,access,1.8
T03322,A0926,2024-05-04,P3,access,3.6
T03323,A0926,2024-04-18,P1,bug,63.0
T03324,A0926,2024-04-24,P2,bug,41.2
T03325,A0926,2024-01-09,P2,how_to,18.6
T03326,A0927,2024-05-14,P1,billing,
T03327,A0927,2024-03-24,P3,bug,23.1
T03328,A0927,2024-04-23,P1,outage,62.7
T03329,A0927,2024-01-04,P1,bug,67.0
T03330,A0927,2024-01-21,P1,outage,36.7
T03331,A0927,2024-02-20,P1,outage,63.3
T03332,A0927,2024-02-07,P3,how_to,70.3
T03333,A0927,2024-06-03,P1,bug,8.6
T03334,A0927,2024-01-21,P2,how_to,12.5
T03335,A0927,2024-04-30,P1,access,6.7
T03336,A0928,2024-02-04,P2,bug,4.4
T03337,A0928,2024-05-23,P3,how_to,49.4
T03338,A0929,2024-01-13,P1,how_to,58.6
T03339,A0929,2024-03-05,P1,bug,
T03340,A0929,2024-03-29,P2,outage,61.2
T03341,A0929,2024-03-22,P2,outage,57.3
T03342,A0929,2024-03-05,P1,outage,55.0
T03343,A0930,2024-06-07,P3,how_to,25.7
T03344,A0930,2024-04-01,P3,bug,45.2
T03345,A0930,2024-01-20,P2,access,
T03346,A0930,2024-02-07,P3,how_to,59.4
T03347,A0930,2024-04-14,P3,access,57.2
T03348,A0930,2024-03-24,P2,access,47.7
T03349,A0931,2024-01-01,P2,billing,24.9
T03350,A0931,2024-01-31,P1,billing,57.1
T03351,A0931,2024-05-20,P2,how_to,
T03352,A0931,2024-05-11,P3,how_to,20.3
T03353,A0931,2024-02-17,P2,billing,21.7
T03354,A0932,2024-03-19,P3,outage,25.7
T03355,A0932,2024-03-31,P1,bug,58.0
T03356,A0933,2024-03-07,P3,billing,14.1
T03357,A0933,2024-02-05,P3,outage,3.0
T03358,A0934,2024-04-26,P1,how_to,52.2
T03359,A0935,2024-01-25,P2,how_to,12.0
T03360,A0935,2024-02-16,P2,outage,50.2
T03361,A0935,2024-01-25,P3,outage,28.1
T03362,A0935,2024-06-24,P2,access,30.5
T03363,A0935,2024-05-29,P2,access,
T03364,A0936,2024-06-07,P3,access,27.1
T03365,A0936,2024-04-10,P3,bug,
T03366,A0937,2024-04-19,P1,billing,46.5
T03367,A0937,2024-01-21,P2,how_to,58.0
T03368,A0937,2024-05-24,P3,bug,
T03369,A0937,2024-03-05,P2,bug,66.7
T03370,A0937,2024-03-08,P1,billing,52.0
T03371,A0937,2024-05-06,P2,billing,37.2
T03372,A0938,2024-05-18,P3,access,55.4
T03373,A0938,2024-06-21,P3,billing,40.6
T03374,A0938,2024-05-16,P2,billing,29.7
T03375,A0939,2024-03-22,P3,bug,12.2
T03376,A0939,2024-03-07,P3,how_to,
T03377,A0939,2024-05-12,P1,bug,61.0
T03378,A0939,2024-03-11,P2,bug,53.9
T03379,A0940,2024-06-18,P1,bug,9.7
T03380,A0940,2024-05-29,P3,bug,18.3
T03381,A0941,2024-05-18,P1,bug,23.3
T03382,A0941,2024-05-24,P3,access,48.0
T03383,A0941,2024-03-28,P1,access,66.6
T03384,A0941,2024-06-11,P3,access,30.9
T03385,A9999,2024-05-26,P3,bug,54.0
T03386,A0944,2024-02-15,P2,billing,31.6
T03387,A0944,2024-03-08,P2,billing,57.8
T03388,A0944,2024-05-09,P1,bug,8.0
T03389,A0944,2024-02-16,P2,outage,50.9
T03390,A0944,2024-03-05,P2,billing,8.6
T03391,A0944,2024-02-12,P2,outage,
T03392,A0944,2024-05-13,P1,outage,59.1
T03393,A0944,2024-03-14,P1,access,23.0
T03394,A0945,2024-05-30,P2,bug,
T03395,A0945,2024-04-08,P1,bug,56.4
T03396,A0945,2024-02-09,P3,billing,
T03397,A0945,2024-05-09,P3,outage,50.4
T03398,A0946,2024-01-14,P3,bug,59.2
T03399,A0946,2024-06-27,P3,billing,57.5
T03400,A0947,2024-04-09,P2,outage,7.2
T03401,A0947,2024-02-21,P1,access,53.6
T03402,A0947,2024-02-05,P1,how_to,63.5
T03403,A0947,2024-04-27,P1,outage,
T03404,A0947,2024-03-24,P2,how_to,
T03405,A0948,2024-02-27,P2,billing,67.3
T03406,A0948,2024-01-20,P3,billing,19.3
T03407,A0949,2024-03-31,P2,outage,38.0
T03408,A0949,2024-06-18,P2,outage,55.8
T03409,A0949,2024-02-19,P2,how_to,18.7
T03410,A0949,2024-05-23,P1,outage,5.5
T03411,A0949,2024-04-14,P2,billing,64.2
T03412,A0949,2024-05-05,P3,bug,19.4
T03413,A0949,2024-02-16,P1,how_to,24.7
T03414,A0949,2024-02-14,P3,bug,25.2
T03415,A0950,2024-04-11,P1,how_to,5.1
T03416,A0950,2024-06-16,P1,outage,62.2
T03417,A0950,2024-02-12,P3,bug,43.8
T03418,A0950,2024-05-09,P3,access,21.3
T03419,A0951,2024-04-20,P1,access,11.1
T03420,A0951,2024-03-24,P2,bug,25.3
T03421,A0951,2024-05-08,P2,outage,42.2
T03422,A0951,2024-06-23,P1,bug,61.5
T03423,A0952,2024-02-16,P2,billing,24.5
T03424,A0952,2024-04-30,P2,bug,46.1
T03425,A0952,2024-03-30,P3,billing,37.3
T03426,A0952,2024-02-09,P1,bug,20.0
T03427,A0952,2024-04-22,P2,bug,52.0
T03428,A0954,2024-06-01,P2,bug,47.1
T03429,A0954,2024-02-02,P2,bug,10.9
T03430,A0954,2024-01-04,P3,access,28.3
T03431,A0955,2024-05-02,P1,billing,9.3
T03432,A0955,2024-05-29,P1,access,26.7
T03433,A0956,2024-05-01,P2,bug,45.9
T03434,A0956,2024-03-20,P2,bug,8.1
T03435,A0956,2024-01-15,P1,billing,69.9
T03436,A0956,2024-01-14,P3,billing,44.8
T03437,A0956,2024-06-18,P1,bug,62.0
T03438,A0956,2024-06-17,P3,access,
T03439,A0956,2024-05-20,P1,how_to,16.1
T03440,A0956,2024-04-23,P2,outage,51.0
T03441,A0957,2024-03-14,P1,how_to,39.4
T03442,A0958,2024-06-22,P2,bug,24.6
T03443,A0958,2024-02-19,P2,bug,20.2
T03444,A0958,2024-02-25,P1,access,58.2
T03445,A0958,2024-02-24,P2,bug,28.2
T03446,A0958,2024-06-05,P1,billing,64.0
T03447,A0958,2024-05-26,P2,access,8.2
T03448,A0959,2024-04-17,P3,bug,10.9
T03449,A0959,2024-06-09,P1,billing,46.0
T03450,A0959,2024-04-27,P1,outage,22.9
T03451,A0959,2024-05-03,P3,how_to,42.3
T03452,A0959,2024-01-05,P3,how_to,
T03453,A0960,2024-05-07,P3,bug,
T03454,A0960,2024-02-03,P2,bug,63.5
T03455,A0960,2024-05-06,P1,how_to,39.0
T03456,A0960,2024-05-30,P1,billing,17.6
T03457,A0961,2024-06-06,P3,bug,60.0
T03458,A0961,2024-05-28,P3,bug,3.8
T03459,A0961,2024-02-26,P1,access,18.0
T03460,A0961,2024-06-14,P1,bug,70.2
T03461,A0961,2024-05-03,P2,access,62.8
T03462,A0961,2024-05-20,P2,access,49.1
T03463,A0962,2024-02-05,P2,how_to,
T03464,A0962,2024-05-25,P1,outage,37.9
T03465,A0962,2024-03-19,P2,bug,11.1
T03466,A0963,2024-02-05,P2,outage,28.0
T03467,A0963,2024-02-23,P3,how_to,42.4
T03468,A0964,2024-01-09,P3,how_to,57.3
T03469,A0964,2024-01-16,P3,bug,
T03470,A0965,2024-01-08,P2,access,59.2
T03471,A0965,2024-04-16,P2,outage,64.4
T03472,A0965,2024-03-05,P2,bug,38.3
T03473,A0965,2024-05-14,P1,outage,70.8
T03474,A0966,2024-03-25,P3,billing,50.7
T03475,A0966,2024-04-14,P1,outage,8.1
T03476,A0966,2024-03-28,P3,outage,65.9
T03477,A0967,2024-06-18,P3,outage,17.0
T03478,A0967,2024-04-06,P3,access,55.8
T03479,A0968,2024-03-09,P2,billing,
T03480,A0968,2024-03-10,P3,bug,67.1
T03481,A0968,2024-01-26,P1,access,63.6
T03482,A0968,2024-06-02,P1,billing,71.2
T03483,A0969,2024-03-03,P1,bug,1.5
T03484,A0969,2024-04-07,P2,bug,66.5
T03485,A0969,2024-04-04,P3,billing,30.2
T03486,A0969,2024-04-09,P2,how_to,18.3
T03487,A0969,2024-02-24,P1,outage,70.5
T03488,A0971,2024-05-14,P2,bug,63.9
T03489,A0971,2024-01-27,P2,billing,56.9
T03490,A0971,2024-03-07,P3,how_to,47.2
T03491,A0971,2024-06-14,P3,access,21.5
T03492,A0971,2024-06-25,P3,billing,20.5
T03493,A0972,2024-02-17,P2,outage,48.7
T03494,A0972,2024-03-16,P2,outage,8.6
T03495,A0972,2024-05-28,P2,billing,54.7
T03496,A0972,2024-04-02,P1,bug,7.0
T03497,A0972,2024-01-30,P1,bug,35.6
T03498,A0972,2024-04-17,P2,bug,68.6
T03499,A0972,2024-02-11,P1,bug,21.9
T03500,A0972,2024-01-29,P2,outage,63.4
T03501,A0972,2024-01-23,P2,billing,45.2
T03502,A0973,2024-04-11,P1,bug,35.7
T03503,A0973,2024-05-28,P3,access,5.2
T03504,A0973,2024-04-11,P1,billing,50.0
T03505,A0973,2024-03-27,P1,access,66.2
T03506,A0973,2024-06-16,P3,outage,58.0
T03507,A0973,2024-01-11,P1,outage,45.5
T03508,A0974,2024-04-26,P2,billing,47.4
T03509,A0974,2024-06-19,P1,how_to,9.3
T03510,A0974,2024-02-07,P1,outage,7.9
T03511,A0974,2024-06-21,P2,billing,
T03512,A0974,2024-05-07,P2,how_to,
T03513,A0975,2024-06-10,P3,access,67.7
T03514,A0975,2024-01-20,P2,bug,70.0
T03515,A0975,2024-05-03,P1,bug,9.2
T03516,A0976,2024-03-30,P3,outage,40.5
T03517,A0977,2024-04-17,P1,how_to,2.0
T03518,A0977,2024-03-01,P1,how_to,3.3
T03519,A0977,2024-02-12,P1,bug,21.4
T03520,A0977,2024-05-02,P2,how_to,39.4
T03521,A0978,2024-05-23,P1,access,39.5
T03522,A0978,2024-05-05,P1,how_to,38.0
T03523,A0978,2024-03-03,P3,outage,20.2
T03524,A0980,2024-05-29,P1,outage,21.0
T03525,A0980,2024-06-08,P1,access,
T03526,A0980,2024-04-11,P1,outage,33.8
T03527,A0980,2024-04-11,P1,outage,59.0
T03528,A0981,2024-05-06,P2,access,37.0
T03529,A0981,2024-05-19,P1,billing,
T03530,A0981,2024-01-01,P2,how_to,9.3
T03531,A0981,2024-02-01,P1,how_to,68.7
T03532,A0981,2024-01-20,P2,how_to,46.3
T03533,A0983,2024-02-20,P2,access,59.5
T03534,A0984,2024-02-28,P3,access,32.7
T03535,A0984,2024-06-19,P3,bug,55.9
T03536,A0985,2024-05-13,P3,how_to,69.9
T03537,A0985,2024-01-08,P2,outage,50.5
T03538,A0985,2024-06-11,P3,access,42.1
T03539,A0986,2024-01-22,P2,how_to,61.2
T03540,A0987,2024-04-23,P3,access,33.2
T03541,A0988,2024-04-09,P1,billing,
T03542,A0988,2024-04-01,P3,billing,64.9
T03543,A0988,2024-03-20,P2,bug,8.9
T03544,A0988,2024-01-28,P1,bug,29.4
T03545,A0989,2024-04-03,P3,access,53.3
T03546,A0989,2024-01-14,P1,how_to,21.7
T03547,A0989,2024-01-15,P2,access,65.8
T03548,A0989,2024-02-29,P2,access,62.5
T03549,A0990,2024-02-06,P2,bug,37.1
T03550,A0990,2024-06-10,P3,access,63.6
T03551,A0990,2024-03-27,P1,bug,33.2
T03552,A0990,2024-01-29,P1,access,60.1
T03553,A0990,2024-02-20,P1,how_to,46.9
T03554,A0990,2024-05-22,P2,outage,53.3
T03555,A0990,2024-02-16,P3,bug,63.7
T03556,A0990,2024-02-07,P3,access,12.0
T03557,A0990,2024-04-19,P1,billing,9.1
T03558,A0991,2024-04-03,P2,billing,50.6
T03559,A0991,2024-05-01,P2,billing,37.2
T03560,A0992,2024-01-17,P3,outage,32.3
T03561,A0992,2024-05-05,P3,bug,27.3
T03562,A0992,2024-06-26,P1,billing,28.1
T03563,A0993,2024-06-19,P2,bug,67.5
T03564,A0993,2024-03-16,P1,bug,28.9
T03565,A0993,2024-02-07,P3,bug,26.9
T03566,A0993,2024-02-28,P1,outage,8.6
T03567,A0993,2024-01-30,P3,how_to,71.4
T03568,A0993,2024-03-01,P1,access,38.7
T03569,A0994,2024-03-17,P1,access,6.7
T03570,A0994,2024-04-20,P1,how_to,33.8
T03571,A0994,2024-01-23,P3,billing,1.7
T03572,A0994,2024-01-17,P1,outage,
T03573,A0994,2024-01-22,P1,bug,20.7
T03574,A0995,2024-04-14,P1,bug,56.0
T03575,A0996,2024-01-20,P2,access,9.1
T03576,A0996,2024-05-09,P1,access,16.1
T03577,A0996,2024-01-12,P3,outage,7.9
T03578,A0997,2024-03-16,P1,how_to,69.0
T03579,A0997,2024-03-03,P2,billing,50.4
T03580,A0997,2024-01-29,P2,access,
T03581,A0997,2024-06-15,P2,outage,8.5
T03582,A0997,2024-02-21,P1,bug,63.5
T03583,A0997,2024-02-03,P2,how_to,41.6
T03584,A0997,2024-05-18,P2,how_to,60.7
T03585,A0997,2024-04-15,P3,how_to,15.9
T03586,A0998,2024-05-13,P2,billing,56.2
T03587,A0998,2024-06-24,P1,access,
T03588,A0998,2024-02-01,P3,bug,49.3
T03589,A0998,2024-03-27,P3,outage,62.6
T03590,A0998,2024-05-05,P2,bug,27.7
T03591,A0999,2024-01-21,P2,outage,1.7
T03592,A0999,2024-05-16,P3,billing,37.7
T03593,A0999,2024-05-21,P1,bug,5.8
T03594,A0999,2024-04-03,P2,how_to,54.8
T03595,A1000,2024-05-09,P2,how_to,9.1
T03596,A1000,2024-05-20,P1,outage,33.9
T03597,A1001,2024-01-25,P3,outage,59.1
T03598,A1001,2024-03-08,P2,access,43.4
T03599,A1002,2024-01-10,P1,outage,17.0
T03600,A1003,2024-02-04,P2,access,63.7
T03601,A1005,2024-06-01,P1,outage,22.3
T03602,A1005,2024-05-30,P2,billing,40.8
T03603,A1005,2024-01-15,P1,how_to,39.5
T03604,A1005,2024-06-28,P3,billing,68.5
T03605,A1005,2024-01-11,P3,bug,56.5
T03606,A1006,2024-01-09,P2,how_to,2.2
T03607,A1006,2024-04-18,P3,access,55.6
T03608,A1006,2024-01-16,P1,outage,60.5
T03609,A1006,2024-05-14,P1,how_to,1.9
T03610,A1006,2024-02-14,P1,outage,30.0
T03611,A1006,2024-01-27,P2,how_to,8.4
T03612,A1006,2024-04-10,P1,bug,29.1
T03613,A1008,2024-04-28,P3,billing,45.9
T03614,A1008,2024-04-24,P1,billing,35.4
T03615,A1008,2024-04-23,P2,how_to,24.3
T03616,A1008,2024-06-17,P2,billing,36.9
T03617,A1009,2024-02-15,P1,bug,46.8
T03618,A1009,2024-03-09,P2,bug,36.7
T03619,A1009,2024-06-28,P2,bug,55.5
T03620,A1009,2024-01-01,P2,access,1.2
T03621,A1010,2024-03-10,P3,bug,26.5
T03622,A1010,2024-03-13,P3,bug,
T03623,A1010,2024-06-12,P3,how_to,
T03624,A1011,2024-01-21,P2,how_to,38.9
T03625,A1011,2024-06-14,P3,bug,67.2
T03626,A1011,2024-05-29,P2,access,37.1
T03627,A1011,2024-03-26,P1,billing,
T03628,A1011,2024-05-23,P2,outage,48.8
T03629,A1011,2024-05-05,P1,billing,71.9
T03630,A1011,2024-02-09,P2,outage,50.1
T03631,A1011,2024-06-04,P1,bug,70.6
T03632,A1012,2024-02-13,P2,bug,
T03633,A1012,2024-03-18,P1,bug,1.8
T03634,A1012,2024-06-06,P2,billing,19.4
T03635,A1012,2024-03-07,P2,billing,19.5
T03636,A1012,2024-05-14,P3,billing,22.1
T03637,A1012,2024-05-29,P2,how_to,51.4
T03638,A1013,2024-01-27,P1,bug,54.7
T03639,A1013,2024-05-19,P1,access,
T03640,A1013,2024-06-23,P3,outage,22.7
T03641,A1013,2024-02-29,P2,outage,26.5
T03642,A1013,2024-04-30,P1,how_to,38.1
T03643,A1013,2024-01-10,P2,bug,3.1
T03644,A1014,2024-06-25,P3,billing,31.7
T03645,A1014,2024-03-04,P2,billing,21.6
T03646,A1015,2024-05-19,P2,how_to,44.1
T03647,A1016,2024-03-08,P2,access,14.1
T03648,A1016,2024-01-10,P1,outage,10.1
T03649,A1016,2024-03-25,P3,billing,
T03650,A1018,2024-06-13,P2,bug,34.4
T03651,A1018,2024-02-03,P3,how_to,
T03652,A1019,2024-02-27,P3,access,40.6
T03653,A1019,2024-06-16,P2,how_to,32.1
T03654,A1019,2024-05-12,P2,how_to,54.9
T03655,A1020,2024-04-20,P3,billing,27.6
T03656,A1020,2024-05-29,P1,how_to,62.5
T03657,A1020,2024-04-11,P1,access,35.8
T03658,A1020,2024-04-06,P1,billing,20.5
T03659,A1021,2024-04-14,P2,how_to,47.7
T03660,A1021,2024-05-03,P3,billing,45.4
T03661,A1022,2024-01-13,P3,access,50.8
T03662,A1022,2024-02-17,P1,access,21.7
T03663,A1022,2024-03-18,P2,bug,
T03664,A1022,2024-05-04,P2,how_to,56.7
T03665,A1023,2024-01-04,P3,outage,60.1
T03666,A1024,2024-02-14,P1,bug,2.8
T03667,A1024,2024-03-11,P3,outage,17.7
T03668,A1024,2024-05-30,P2,access,34.7
T03669,A1024,2024-06-13,P3,billing,23.9
T03670,A1025,2024-04-07,P1,billing,26.3
T03671,A1025,2024-03-22,P1,access,36.7
T03672,A1025,2024-05-10,P1,outage,61.4
T03673,A1025,2024-03-20,P3,outage,3.8
T03674,A1025,2024-05-10,P2,billing,
T03675,A1025,2024-03-22,P1,bug,33.8
T03676,A1027,2024-03-08,P1,access,4.0
T03677,A1027,2024-04-27,P2,how_to,8.0
T03678,A1027,2024-01-13,P1,outage,
T03679,A1027,2024-05-23,P2,bug,26.9
T03680,A1028,2024-06-09,P2,how_to,61.3
T03681,A1028,2024-04-14,P3,outage,2.1
T03682,A1028,2024-06-10,P1,access,8.4
T03683,A1029,2024-01-14,P1,how_to,60.6
T03684,A1029,2024-05-13,P1,outage,56.9
T03685,A1030,2024-02-01,P2,access,64.0
T03686,A1030,2024-02-26,P1,how_to,
T03687,A1030,2024-05-03,P1,bug,17.4
T03688,A1031,2024-03-18,P2,outage,45.8
T03689,A1031,2024-04-24,P3,billing,45.9
T03690,A1031,2024-01-03,P2,outage,11.9
T03691,A1031,2024-03-20,P1,outage,24.1
T03692,A1032,2024-03-01,P3,billing,59.2
T03693,A1033,2024-05-03,P1,bug,48.3
T03694,A1033,2024-03-14,P2,access,57.1
T03695,A1033,2024-04-03,P1,how_to,
T03696,A1033,2024-01-13,P2,access,56.5
T03697,A1033,2024-06-04,P3,outage,50.4
T03698,A1033,2024-01-09,P1,billing,60.7
T03699,A1033,2024-02-07,P1,outage,69.6
T03700,A1034,2024-01-23,P2,bug,21.7
T03701,A1034,2024-05-02,P1,bug,23.2
T03702,A1034,2024-04-06,P3,billing,59.9
T03703,A1034,2024-05-16,P2,access,37.6
T03704,A1034,2024-06-24,P2,billing,4.1
T03705,A1034,2024-02-20,P2,bug,59.4
T03706,A1035,2024-02-11,P3,bug,14.2
T03707,A1036,2024-05-22,P1,access,54.7
T03708,A1036,2024-01-31,P2,how_to,60.1
T03709,A1036,2024-04-07,P1,billing,10.2
T03710,A1036,2024-01-15,P3,outage,4.7
T03711,A1037,2024-06-22,P1,how_to,52.5
T03712,A1037,2024-01-21,P2,access,
T03713,A1037,2024-06-10,P3,access,15.7
T03714,A1037,2024-02-27,P2,outage,5.0
T03715,A1037,2024-06-28,P2,bug,16.3
T03716,A1037,2024-05-16,P3,outage,35.6
T03717,A1038,2024-02-12,P3,billing,
T03718,A1038,2024-02-17,P3,billing,16.1
T03719,A1039,2024-05-17,P1,access,38.6
T03720,A1039,2024-05-25,P1,access,46.4
T03721,A1039,2024-02-09,P1,access,55.7
T03722,A1039,2024-05-13,P3,outage,38.6
T03723,A1039,2024-06-27,P2,outage,15.6
T03724,A1039,2024-06-28,P1,outage,57.8
T03725,A1039,2024-04-29,P1,access,10.3
T03726,A1040,2024-03-11,P2,access,54.6
T03727,A1040,2024-03-14,P3,access,11.7
T03728,A1041,2024-01-07,P1,how_to,34.6
T03729,A1041,2024-05-16,P2,how_to,47.0
T03730,A1041,2024-06-25,P1,billing,2.7
T03731,A1041,2024-04-20,P3,bug,54.3
T03732,A1042,2024-04-22,P3,how_to,15.7
T03733,A1044,2024-05-10,P3,how_to,22.6
T03734,A1044,2024-02-05,P2,access,17.8
T03735,A1044,2024-06-15,P3,bug,24.9
T03736,A1045,2024-02-14,P1,bug,19.5
T03737,A1045,2024-04-27,P3,outage,70.9
T03738,A1045,2024-03-18,P2,how_to,26.6
T03739,A1045,2024-06-10,P2,access,27.2
T03740,A1045,2024-03-20,P3,how_to,11.8
T03741,A1045,2024-03-09,P2,how_to,39.2
T03742,A1045,2024-03-18,P1,how_to,24.5
T03743,A1046,2024-06-28,P3,access,13.1
T03744,A1046,2024-05-22,P3,access,
T03745,A1046,2024-03-23,P3,access,54.7
T03746,A1046,2024-03-28,P2,outage,40.2
T03747,A1047,2024-06-01,P1,access,47.6
T03748,A1048,2024-01-15,P2,outage,
T03749,A1048,2024-06-05,P3,outage,63.0
T03750,A1048,2024-06-01,P2,access,8.2
T03751,A1048,2024-02-19,P2,bug,30.0
T03752,A1050,2024-04-24,P2,billing,51.8
T03753,A1051,2024-04-17,P1,access,
T03754,A1051,2024-05-16,P1,outage,51.7
T03755,A1051,2024-05-23,P3,how_to,64.8
T03756,A1051,2024-01-20,P1,outage,28.5
T03757,A1051,2024-04-30,P2,how_to,16.4
T03758,A1051,2024-03-04,P3,billing,17.1
T03759,A1051,2024-04-13,P2,outage,66.2
T03760,A1052,2024-06-05,P2,billing,24.4
T03761,A1052,2024-05-12,P2,access,53.3
T03762,A1052,2024-04-01,P1,bug,
T03763,A1052,2024-04-18,P1,how_to,21.9
T03764,A1052,2024-01-19,P1,how_to,26.1
T03765,A1053,2024-06-25,P1,billing,62.5
T03766,A1053,2024-06-27,P3,bug,55.4
T03767,A1053,2024-04-24,P1,billing,50.2
T03768,A1054,2024-06-07,P1,access,58.9
T03769,A1054,2024-03-19,P3,billing,62.8
T03770,A1054,2024-02-17,P3,outage,21.8
T03771,A1055,2024-06-23,P2,access,71.4
T03772,A1055,2024-04-07,P3,how_to,27.7
T03773,A1055,2024-01-25,P3,access,51.4
T03774,A1055,2024-05-06,P2,how_to,17.0
T03775,A1055,2024-05-30,P3,outage,64.1
T03776,A1056,2024-04-23,P2,how_to,43.9
T03777,A1056,2024-01-15,P2,outage,44.4
T03778,A1056,2024-02-19,P1,outage,57.1
T03779,A1056,2024-05-18,P1,how_to,32.0
T03780,A1056,2024-01-23,P2,how_to,64.4
T03781,A1056,2024-06-16,P1,access,1.5
T03782,A1057,2024-01-10,P1,outage,65.1
T03783,A1057,2024-03-31,P3,how_to,25.7
T03784,A1058,2024-06-27,P3,billing,29.6
T03785,A1058,2024-05-30,P3,access,44.0
T03786,A1059,2024-03-22,P3,bug,44.9
T03787,A1060,2024-04-26,P3,bug,56.2
T03788,A1060,2024-06-13,P2,access,61.1
T03789,A1060,2024-03-11,P3,access,21.6
T03790,A1061,2024-02-03,P2,outage,7.9
T03791,A1061,2024-05-30,P3,access,31.3
T03792,A1061,2024-06-12,P3,how_to,
T03793,A1061,2024-03-11,P2,access,13.6
T03794,A1061,2024-03-07,P3,access,65.4
T03795,A1061,2024-06-04,P3,billing,25.5
T03796,A1061,2024-02-29,P1,access,48.9
T03797,A1061,2024-01-16,P2,access,60.9
T03798,A1061,2024-02-14,P2,access,38.7
T03799,A1061,2024-03-17,P1,access,
T03800,A1061,2024-05-18,P1,bug,71.0
T03801,A1062,2024-04-30,P2,billing,64.7
T03802,A1062,2024-02-25,P1,bug,13.6
T03803,A1062,2024-03-05,P3,access,59.5
T03804,A1063,2024-06-06,P3,how_to,17.5
T03805,A1063,2024-01-08,P1,outage,55.3
T03806,A1063,2024-04-23,P2,outage,70.7
T03807,A1063,2024-05-16,P2,how_to,59.6
T03808,A1064,2024-01-26,P2,access,40.4
T03809,A1064,2024-05-26,P3,outage,10.9
T03810,A1064,2024-06-04,P3,outage,58.3
T03811,A1064,2024-04-19,P2,how_to,26.3
T03812,A1065,2024-05-05,P3,outage,32.1
T03813,A1065,2024-06-18,P3,access,40.2
T03814,A1065,2024-04-26,P3,billing,39.6
T03815,A1066,2024-04-11,P3,billing,37.1
T03816,A1067,2024-01-17,P2,how_to,55.3
T03817,A1067,2024-02-29,P1,how_to,36.7
T03818,A1067,2024-01-25,P1,billing,60.0
T03819,A1067,2024-02-03,P2,bug,68.3
T03820,A1067,2024-01-07,P3,bug,37.3
T03821,A1067,2024-02-07,P2,bug,4.3
T03822,A1067,2024-03-04,P3,how_to,61.3
T03823,A1069,2024-06-13,P1,bug,24.8
T03824,A1069,2024-05-03,P2,access,9.6
T03825,A1069,2024-03-07,P2,access,1.5
T03826,A1069,2024-05-13,P1,how_to,30.2
T03827,A1069,2024-04-29,P1,outage,21.1
T03828,A1070,2024-04-20,P2,outage,62.9
T03829,A1070,2024-01-02,P3,how_to,50.3
T03830,A1070,2024-04-06,P2,access,21.0
T03831,A1070,2024-03-19,P2,outage,41.1
T03832,A1071,2024-01-14,P2,outage,19.4
T03833,A1071,2024-02-08,P3,access,20.1
T03834,A1072,2024-04-13,P2,access,31.8
T03835,A1072,2024-06-03,P3,bug,
T03836,A1072,2024-03-18,P3,bug,66.1
T03837,A1073,2024-03-17,P2,billing,55.6
T03838,A1073,2024-01-20,P2,how_to,
T03839,A1073,2024-01-27,P2,outage,36.9
T03840,A1074,2024-06-09,P3,how_to,58.2
T03841,A1074,2024-05-02,P3,bug,7.8
T03842,A1074,2024-01-17,P1,how_to,27.6
T03843,A1075,2024-02-05,P3,outage,17.6
T03844,A1075,2024-01-01,P2,outage,8.3
T03845,A1075,2024-02-24,P1,billing,23.3
T03846,A1076,2024-04-12,P3,billing,65.8
T03847,A1076,2024-04-21,P1,outage,6.7
T03848,A1076,2024-01-16,P1,bug,67.8
T03849,A1076,2024-03-06,P2,bug,65.9
T03850,A1076,2024-01-03,P3,billing,30.0
T03851,A1076,2024-03-09,P3,access,59.8
T03852,A1077,2024-01-21,P2,billing,47.3
T03853,A1077,2024-04-05,P3,billing,18.8
T03854,A1077,2024-02-18,P3,access,64.2
T03855,A1077,2024-04-17,P3,access,65.6
T03856,A1077,2024-03-11,P3,how_to,57.4
T03857,A1077,2024-05-29,P2,how_to,64.3
T03858,A1077,2024-03-04,P1,access,23.8
T03859,A1078,2024-03-12,P3,access,50.9
T03860,A1078,2024-06-19,P1,bug,41.6
T03861,A1078,2024-02-05,P2,access,33.7
T03862,A1078,2024-03-20,P3,access,
T03863,A1078,2024-04-10,P2,billing,48.3
T03864,A1079,2024-05-01,P3,how_to,67.1
T03865,A1079,2024-03-24,P3,bug,7.6
T03866,A1079,2024-04-24,P1,how_to,20.2
T03867,A1079,2024-04-20,P3,billing,20.2
T03868,A1079,2024-02-10,P1,billing,
T03869,A1080,2024-03-27,P3,bug,39.4
T03870,A1080,2024-02-25,P1,how_to,5.0
T03871,A1080,2024-06-15,P3,access,
T03872,A1081,2024-05-15,P1,how_to,38.0
T03873,A1081,2024-05-04,P1,outage,65.5
T03874,A1081,2024-05-12,P2,billing,40.1
T03875,A1081,2024-03-06,P1,outage,46.1
T03876,A1081,2024-06-16,P1,how_to,53.1
T03877,A1081,2024-03-18,P2,bug,70.5
T03878,A1081,2024-03-08,P3,bug,16.3
T03879,A1081,2024-06-15,P1,bug,57.5
T03880,A1082,2024-03-21,P2,how_to,33.2
T03881,A1082,2024-02-17,P2,billing,52.3
T03882,A1082,2024-06-16,P1,how_to,54.6
T03883,A1082,2024-01-06,P2,how_to,56.3
T03884,A1082,2024-05-26,P1,how_to,24.6
T03885,A1082,2024-05-02,P2,bug,5.8
T03886,A1083,2024-01-08,P3,access,56.0
T03887,A1083,2024-03-05,P2,how_to,61.7
T03888,A1084,2024-02-18,P2,bug,62.6
T03889,A1084,2024-02-28,P3,bug,33.7
T03890,A1085,2024-04-16,P3,how_to,28.7
T03891,A1085,2024-06-09,P3,outage,24.7
T03892,A1085,2024-05-08,P1,bug,1.7
T03893,A1086,2024-06-25,P3,billing,57.6
T03894,A1086,2024-02-28,P2,how_to,71.9
T03895,A1086,2024-01-30,P2,bug,29.4
T03896,A1087,2024-06-28,P2,billing,55.9
T03897,A1087,2024-02-04,P3,bug,63.0
T03898,A1087,2024-04-18,P1,how_to,13.6
T03899,A1087,2024-05-08,P3,how_to,70.6
T03900,A1087,2024-01-11,P1,access,41.9
T03901,A1087,2024-04-16,P1,outage,60.1
T03902,A1088,2024-01-11,P1,billing,35.5
T03903,A1088,2024-03-31,P2,bug,61.0
T03904,A1088,2024-03-28,P1,bug,1.9
T03905,A1088,2024-05-29,P1,access,12.4
T03906,A1088,2024-03-02,P1,access,41.1
T03907,A1088,2024-06-05,P1,outage,51.6
T03908,A1090,2024-03-16,P1,billing,52.2
T03909,A1090,2024-05-16,P3,billing,40.7
T03910,A1091,2024-02-13,P2,outage,45.5
T03911,A1091,2024-06-24,P3,access,
T03912,A1091,2024-02-02,P3,billing,25.2
T03913,A1091,2024-02-13,P2,bug,35.0
T03914,A1092,2024-03-24,P3,billing,1.8
T03915,A1092,2024-03-06,P3,billing,42.3
T03916,A1092,2024-04-13,P2,bug,8.1
T03917,A1092,2024-03-08,P1,access,43.0
T03918,A1092,2024-03-06,P2,access,34.6
T03919,A1092,2024-06-23,P2,bug,20.9
T03920,A1093,2024-01-10,P3,bug,2.1
T03921,A1093,2024-05-17,P2,access,46.5
T03922,A1094,2024-06-02,P3,how_to,46.2
T03923,A1094,2024-01-01,P3,bug,
T03924,A1095,2024-04-01,P1,outage,9.5
T03925,A1095,2024-06-23,P1,billing,60.5
T03926,A1095,2024-03-22,P3,bug,6.9
T03927,A1096,2024-04-02,P1,outage,7.4
T03928,A1096,2024-01-15,P2,access,24.7
T03929,A1097,2024-01-14,P1,bug,35.6
T03930,A1097,2024-02-22,P1,access,31.1
T03931,A1097,2024-03-19,P1,billing,24.6
T03932,A1097,2024-02-09,P2,outage,35.9
T03933,A1099,2024-06-01,P2,access,39.0
T03934,A1099,2024-02-11,P3,access,33.1
T03935,A1099,2024-05-23,P2,outage,20.3
T03936,A1099,2024-04-20,P3,access,69.2
T03937,A1099,2024-02-16,P3,billing,52.4
T03938,A1099,2024-02-04,P3,how_to,50.3
T03939,A1100,2024-01-19,P2,bug,65.5
T03940,A1100,2024-01-10,P2,how_to,22.1
T03941,A1100,2024-01-27,P1,outage,52.8
T03942,A1100,2024-04-11,P1,billing,62.3
T03943,A1100,2024-05-28,P2,bug,13.1
T03944,A1101,2024-06-22,P2,access,48.0
T03945,A1101,2024-04-14,P1,access,66.0
T03946,A1101,2024-04-30,P2,bug,62.6
T03947,A1101,2024-03-07,P1,access,31.0
T03948,A1101,2024-03-01,P2,how_to,57.3
T03949,A1101,2024-04-11,P2,outage,27.1
T03950,A1101,2024-01-03,P1,bug,40.8
T03951,A1102,2024-02-24,P2,outage,48.4
T03952,A1102,2024-02-28,P1,billing,24.9
T03953,A1103,2024-02-20,P3,access,42.7
T03954,A1103,2024-04-16,P2,how_to,70.1
T03955,A1103,2024-03-26,P3,access,36.7
T03956,A1103,2024-05-18,P2,bug,11.2
T03957,A1103,2024-02-18,P3,billing,65.0
T03958,A1104,2024-06-08,P3,outage,18.4
T03959,A1106,2024-02-08,P3,bug,23.3
T03960,A1107,2024-03-20,P1,how_to,16.8
T03961,A1107,2024-01-12,P1,access,43.8
T03962,A1107,2024-03-08,P1,how_to,50.9
T03963,A1107,2024-06-15,P3,billing,54.2
T03964,A1108,2024-06-23,P2,bug,46.5
T03965,A1108,2024-03-03,P3,bug,25.8
T03966,A1109,2024-02-24,P3,how_to,61.4
T03967,A1109,2024-02-04,P3,access,58.2
T03968,A1109,2024-02-16,P1,access,42.6
T03969,A1110,2024-02-14,P3,access,64.8
T03970,A1111,2024-01-17,P3,bug,4.9
T03971,A1111,2024-05-12,P2,how_to,53.1
T03972,A1112,2024-02-17,P1,outage,24.4
T03973,A1112,2024-01-01,P1,bug,12.9
T03974,A1112,2024-06-02,P1,billing,34.6
T03975,A1112,2024-03-20,P3,how_to,56.0
T03976,A1112,2024-05-09,P1,bug,62.9
T03977,A1112,2024-03-06,P2,outage,
T03978,A1113,2024-01-01,P3,access,53.6
T03979,A1113,2024-05-20,P3,bug,41.6
T03980,A1114,2024-06-21,P1,outage,13.7
T03981,A1114,2024-03-13,P1,bug,10.5
T03982,A1114,2024-01-14,P3,billing,12.7
T03983,A1114,2024-06-26,P3,how_to,13.9
T03984,A1115,2024-01-08,P3,how_to,48.3
T03985,A1115,2024-01-23,P3,bug,59.1
T03986,A1115,2024-02-01,P1,billing,60.8
T03987,A1115,2024-05-17,P1,bug,25.7
T03988,A1116,2024-03-13,P1,outage,
T03989,A1116,2024-05-24,P3,access,14.6
T03990,A1116,2024-05-18,P2,bug,33.1
T03991,A1117,2024-02-24,P1,billing,57.3
T03992,A1117,2024-06-07,P3,bug,57.7
T03993,A1117,2024-05-02,P2,billing,19.7
T03994,A1117,2024-02-21,P1,access,44.2
T03995,A1117,2024-01-04,P3,outage,21.6
T03996,A1117,2024-04-08,P1,bug,63.8
T03997,A1117,2024-04-14,P3,outage,63.0
T03998,A1117,2024-05-06,P1,bug,4.2
T03999,A1118,2024-06-16,P1,bug,28.7
T04000,A1118,2024-03-12,P2,billing,
T04001,A1118,2024-03-07,P1,billing,20.5
T04002,A1118,2024-05-08,P3,outage,60.7
T04003,A1120,2024-04-06,P2,how_to,2.7
T04004,A1120,2024-04-07,P1,billing,10.3
T04005,A1120,2024-02-16,P2,how_to,67.9
T04006,A1121,2024-02-18,P1,how_to,
T04007,A1121,2024-03-31,P2,bug,
T04008,A1121,2024-05-22,P2,access,30.3
T04009,A1122,2024-03-22,P3,outage,14.5
T04010,A1122,2024-04-25,P3,access,62.3
T04011,A1122,2024-03-25,P3,bug,6.6
T04012,A1123,2024-01-26,P3,access,65.9
T04013,A1123,2024-05-06,P2,outage,
T04014,A1123,2024-03-03,P3,bug,71.3
T04015,A1123,2024-01-23,P1,bug,57.7
T04016,A1123,2024-02-13,P3,access,52.3
T04017,A1124,2024-03-04,P3,access,13.1
T04018,A1124,2024-02-07,P2,billing,59.9
T04019,A1124,2024-03-16,P2,outage,11.3
T04020,A1124,2024-02-05,P2,bug,65.0
T04021,A1125,2024-04-30,P3,billing,10.9
T04022,A1125,2024-04-04,P3,how_to,
T04023,A1125,2024-05-27,P3,bug,49.5
T04024,A1126,2024-04-12,P1,billing,15.0
T04025,A1126,2024-06-14,P2,access,7.7
T04026,A1126,2024-02-26,P2,outage,22.5
T04027,A1126,2024-01-29,P3,bug,28.3
T04028,A1126,2024-06-26,P2,how_to,15.2
T04029,A1127,2024-03-16,P1,billing,39.7
T04030,A1127,2024-04-04,P1,access,70.2
T04031,A1127,2024-01-10,P2,how_to,22.9
T04032,A1128,2024-05-18,P3,billing,52.5
T04033,A1129,2024-06-25,P2,outage,31.1
T04034,A1129,2024-02-11,P2,billing,51.0
T04035,A1130,2024-06-25,P3,bug,
T04036,A1130,2024-06-18,P2,access,67.1
T04037,A1131,2024-04-07,P1,how_to,36.8
T04038,A1131,2024-04-30,P2,bug,21.4
T04039,A1131,2024-06-17,P2,bug,71.3
T04040,A1131,2024-03-28,P2,billing,46.8
T04041,A1131,2024-03-15,P3,outage,10.3
T04042,A1131,2024-03-20,P2,outage,35.5
T04043,A1131,2024-02-26,P2,access,31.3
T04044,A1131,2024-03-21,P1,access,51.4
T04045,A1131,2024-05-11,P1,access,55.6
T04046,A1132,2024-05-11,P2,billing,54.1
T04047,A1132,2024-06-21,P1,outage,67.5
T04048,A1132,2024-04-15,P1,billing,68.1
T04049,A1132,2024-01-21,P3,billing,3.4
T04050,A1133,2024-04-08,P2,bug,68.3
T04051,A1133,2024-03-06,P1,outage,56.0
T04052,A1133,2024-04-29,P3,outage,38.8
T04053,A1133,2024-04-21,P1,how_to,6.4
T04054,A1133,2024-05-03,P3,access,62.5
T04055,A1133,2024-06-04,P2,bug,70.7
T04056,A1133,2024-06-03,P1,access,29.5
T04057,A1133,2024-04-15,P2,how_to,19.2
T04058,A1133,2024-04-05,P1,billing,53.9
T04059,A1133,2024-04-27,P1,access,5.1
T04060,A1133,2024-01-11,P3,how_to,34.8
T04061,A1134,2024-05-12,P3,bug,14.5
T04062,A1134,2024-03-23,P2,access,11.7
T04063,A1134,2024-01-04,P3,outage,
T04064,A1135,2024-03-21,P1,outage,13.2
T04065,A1135,2024-04-23,P2,bug,15.1
T04066,A1135,2024-04-26,P1,outage,62.6
T04067,A1135,2024-02-27,P2,access,54.0
T04068,A1135,2024-03-01,P2,bug,30.0
T04069,A1135,2024-01-02,P3,billing,1.3
T04070,A1136,2024-03-06,P2,bug,14.3
T04071,A1136,2024-05-13,P3,how_to,51.4
T04072,A1137,2024-04-04,P2,how_to,
T04073,A1138,2024-03-03,P1,outage,67.5
T04074,A1138,2024-04-23,P1,bug,22.7
T04075,A1138,2024-03-03,P1,how_to,56.7
T04076,A1139,2024-01-06,P2,bug,
T04077,A1140,2024-06-03,P2,access,13.6
T04078,A1140,2024-03-16,P3,bug,57.7
T04079,A1140,2024-01-01,P1,billing,2.9
T04080,A1140,2024-06-06,P3,how_to,68.0
T04081,A1140,2024-06-26,P3,how_to,10.1
T04082,A1140,2024-04-02,P1,how_to,
T04083,A1140,2024-03-28,P1,billing,23.2
T04084,A1140,2024-04-18,P1,outage,17.7
T04085,A1140,2024-05-03,P2,how_to,54.3
T04086,A1140,2024-05-15,P3,how_to,33.1
T04087,A1141,2024-04-02,P1,how_to,52.3
T04088,A1141,2024-06-04,P3,how_to,68.2
T04089,A1141,2024-04-11,P3,how_to,27.9
T04090,A1141,2024-06-17,P2,billing,32.0
T04091,A1142,2024-04-17,P3,bug,34.1
T04092,A1142,2024-01-17,P3,outage,13.4
T04093,A1143,2024-02-28,P2,outage,
T04094,A1143,2024-06-27,P1,outage,37.8
T04095,A1143,2024-06-17,P1,billing,7.0
T04096,A1143,2024-02-23,P1,billing,39.3
T04097,A1144,2024-05-08,P2,bug,
T04098,A1144,2024-05-18,P2,billing,31.6
T04099,A1144,2024-02-18,P1,bug,17.2
T04100,A1144,2024-05-20,P1,bug,51.8
T04101,A1144,2024-04-03,P1,billing,44.8
T04102,A1145,2024-04-06,P3,how_to,65.2
T04103,A1145,2024-01-10,P1,access,60.9
T04104,A1145,2024-06-16,P1,billing,9.7
T04105,A1145,2024-01-13,P2,billing,
T04106,A1145,2024-04-03,P2,billing,15.1
T04107,A1146,2024-04-13,P3,bug,28.5
T04108,A1146,2024-02-03,P1,bug,12.3
T04109,A1146,2024-04-19,P3,outage,63.2
T04110,A1147,2024-05-02,P3,bug,29.5
T04111,A1148,2024-05-31,P3,outage,8.2
T04112,A1148,2024-05-08,P2,billing,60.5
T04113,A1148,2024-05-06,P3,bug,9.1
T04114,A1148,2024-04-22,P1,billing,45.0
T04115,A1148,2024-04-10,P1,bug,6.3
T04116,A1149,2024-03-29,P3,bug,69.7
T04117,A1149,2024-01-27,P2,outage,63.7
T04118,A1149,2024-02-13,P1,billing,42.3
T04119,A1149,2024-04-15,P1,bug,
T04120,A1149,2024-04-27,P2,access,58.6
T04121,A1149,2024-04-19,P2,outage,
T04122,A1150,2024-03-06,P2,how_to,60.6
T04123,A1150,2024-01-14,P2,how_to,61.4
T04124,A1150,2024-04-21,P3,outage,16.9
T04125,A1151,2024-03-17,P3,how_to,47.7
T04126,A1151,2024-03-01,P1,billing,34.6
T04127,A1151,2024-02-02,P1,billing,41.9
T04128,A1151,2024-04-17,P1,access,25.8
T04129,A1152,2024-01-06,P1,billing,31.4
T04130,A1152,2024-04-01,P1,how_to,18.8
T04131,A1152,2024-04-10,P3,outage,
T04132,A1152,2024-02-05,P2,bug,13.0
T04133,A1152,2024-05-17,P2,how_to,19.1
T04134,A1152,2024-05-22,P3,how_to,55.1
T04135,A1152,2024-01-13,P1,how_to,41.0
T04136,A1152,2024-02-27,P1,bug,43.8
T04137,A1153,2024-06-02,P2,billing,21.5
T04138,A1153,2024-04-11,P2,access,13.8
T04139,A1153,2024-05-17,P3,outage,7.4
T04140,A1154,2024-01-20,P3,billing,2.3
T04141,A1154,2024-01-06,P1,bug,29.2
T04142,A1154,2024-01-29,P2,outage,62.5
T04143,A1154,2024-06-25,P3,bug,8.9
T04144,A1155,2024-02-16,P2,how_to,39.1
T04145,A1155,2024-02-04,P3,access,
T04146,A1155,2024-04-02,P1,billing,48.4
T04147,A1155,2024-05-20,P2,billing,59.5
T04148,A1156,2024-03-18,P2,how_to,29.9
T04149,A1156,2024-01-03,P1,bug,20.7
T04150,A1156,2024-03-24,P3,bug,3.5
T04151,A1156,2024-03-06,P2,outage,
T04152,A1156,2024-05-10,P1,outage,19.1
T04153,A1156,2024-04-21,P3,bug,27.3
T04154,A1156,2024-04-26,P1,access,36.3
T04155,A1159,2024-04-27,P3,how_to,24.2
T04156,A1160,2024-02-02,P2,how_to,48.7
T04157,A1160,2024-01-25,P3,outage,38.6
T04158,A1160,2024-05-17,P1,outage,67.6
T04159,A1160,2024-01-01,P3,outage,18.2
T04160,A1160,2024-01-24,P2,bug,4.8
T04161,A1160,2024-01-07,P1,how_to,37.8
T04162,A1161,2024-06-26,P3,billing,50.0
T04163,A1161,2024-02-21,P3,how_to,4.7
T04164,A1162,2024-03-15,P3,access,60.3
T04165,A1162,2024-03-21,P2,billing,27.1
T04166,A1163,2024-01-01,P2,access,53.8
T04167,A1164,2024-02-16,P3,billing,46.4
T04168,A1164,2024-06-15,P1,outage,66.7
T04169,A1164,2024-02-25,P1,bug,27.5
T04170,A1164,2024-04-24,P1,billing,8.4
T04171,A1166,2024-01-01,P2,access,70.5
T04172,A1166,2024-01-21,P1,outage,50.0
T04173,A1166,2024-03-30,P1,how_to,26.2
T04174,A1166,2024-04-11,P3,outage,57.3
T04175,A1166,2024-06-02,P1,bug,40.9
T04176,A1166,2024-06-01,P2,bug,52.8
T04177,A1167,2024-01-06,P3,how_to,59.8
T04178,A1168,2024-01-07,P1,how_to,54.8
T04179,A1168,2024-06-03,P2,bug,69.7
T04180,A1168,2024-01-30,P3,billing,
T04181,A1168,2024-03-13,P1,outage,38.3
T04182,A1168,2024-02-03,P1,outage,67.1
T04183,A1169,2024-01-12,P2,access,23.5
T04184,A1169,2024-02-07,P1,how_to,21.0
T04185,A1169,2024-03-02,P3,bug,
T04186,A1169,2024-01-27,P1,billing,36.9
T04187,A1170,2024-02-20,P3,billing,67.4
T04188,A1170,2024-04-03,P3,bug,21.9
T04189,A1170,2024-01-15,P3,access,37.6
T04190,A1170,2024-04-19,P2,billing,17.5
T04191,A1170,2024-01-10,P3,access,32.5
T04192,A1170,2024-01-17,P3,access,11.8
T04193,A1170,2024-02-29,P3,outage,35.2
T04194,A1171,2024-04-23,P2,access,60.8
T04195,A1171,2024-02-23,P2,how_to,
T04196,A1171,2024-06-01,P3,how_to,33.7
T04197,A1171,2024-06-13,P1,outage,38.7
T04198,A1171,2024-05-31,P3,billing,44.0
T04199,A1171,2024-06-15,P2,bug,65.0
T04200,A1172,2024-03-01,P1,how_to,38.5
T04201,A1173,2024-05-29,P3,access,59.3
T04202,A1173,2024-02-10,P1,bug,36.1
T04203,A1173,2024-01-30,P1,outage,29.7
T04204,A1173,2024-03-07,P2,outage,22.3
T04205,A1173,2024-03-31,P2,access,24.9
T04206,A1174,2024-05-01,P2,how_to,20.7
T04207,A1175,2024-06-02,P3,access,33.0
T04208,A1176,2024-04-10,P3,bug,17.5
T04209,A1176,2024-02-12,P3,billing,16.0
T04210,A1177,2024-05-28,P2,billing,
T04211,A1178,2024-05-17,P3,outage,38.2
T04212,A1180,2024-04-30,P2,bug,62.1
T04213,A1180,2024-01-14,P2,billing,26.7
T04214,A1180,2024-03-30,P1,billing,42.9
T04215,A1180,2024-05-10,P2,outage,47.3
T04216,A1180,2024-03-02,P2,how_to,
T04217,A1181,2024-05-10,P2,access,30.9
T04218,A1181,2024-01-06,P3,access,25.3
T04219,A1183,2024-05-15,P2,billing,18.8
T04220,A1183,2024-05-26,P1,bug,
T04221,A1183,2024-06-17,P2,billing,19.8
T04222,A1183,2024-01-01,P3,access,54.9
T04223,A1183,2024-03-26,P2,outage,71.6
T04224,A1184,2024-02-24,P2,how_to,43.3
T04225,A1184,2024-04-02,P1,how_to,15.9
T04226,A1184,2024-05-25,P2,billing,3.3
T04227,A1184,2024-01-05,P2,access,42.3
T04228,A1184,2024-02-26,P1,outage,68.8
T04229,A1184,2024-01-22,P3,how_to,28.7
T04230,A1184,2024-02-26,P2,how_to,39.2
T04231,A1184,2024-03-20,P1,outage,40.5
T04232,A1184,2024-02-19,P2,access,40.3
T04233,A1185,2024-04-20,P3,access,68.5
T04234,A1186,2024-03-17,P2,access,21.8
T04235,A1186,2024-06-10,P2,access,13.6
T04236,A1187,2024-05-07,P1,bug,6.2
T04237,A1187,2024-04-01,P3,billing,30.0
T04238,A1187,2024-02-19,P2,access,38.6
T04239,A1188,2024-02-02,P1,outage,58.1
T04240,A1188,2024-03-19,P2,how_to,55.7
T04241,A1188,2024-03-11,P2,access,25.9
T04242,A1188,2024-01-11,P1,bug,
T04243,A1188,2024-01-27,P1,bug,5.3
T04244,A1188,2024-05-20,P1,how_to,24.7
T04245,A1189,2024-02-20,P2,outage,32.2
T04246,A1189,2024-04-22,P3,how_to,58.2
T04247,A1189,2024-05-21,P3,how_to,55.7
T04248,A1189,2024-03-17,P3,billing,
T04249,A1189,2024-01-21,P1,access,49.9
T04250,A1189,2024-06-23,P2,access,
T04251,A1189,2024-06-13,P1,bug,65.1
T04252,A1189,2024-04-23,P1,billing,22.5
T04253,A1189,2024-06-02,P1,access,48.4
T04254,A1190,2024-01-20,P2,how_to,42.0
T04255,A1190,2024-03-26,P3,bug,59.5
T04256,A1190,2024-04-26,P1,outage,10.9
T04257,A1190,2024-01-09,P2,outage,1.1
T04258,A1191,2024-03-26,P3,how_to,63.8
T04259,A1191,2024-01-18,P1,bug,61.1
T04260,A1191,2024-01-12,P2,billing,63.8
T04261,A1191,2024-03-06,P1,outage,7.5
T04262,A1191,2024-06-19,P1,access,63.4
T04263,A1192,2024-05-25,P3,billing,60.2
T04264,A1193,2024-02-24,P3,outage,
T04265,A1193,2024-02-13,P3,billing,22.2
T04266,A1193,2024-02-19,P2,outage,
T04267,A1193,2024-03-07,P3,billing,
T04268,A1194,2024-06-04,P3,outage,52.7
T04269,A1194,2024-06-25,P1,bug,37.4
T04270,A1194,2024-02-12,P3,how_to,18.2
T04271,A1194,2024-01-26,P1,billing,69.7
T04272,A1195,2024-04-26,P2,outage,11.3
T04273,A1195,2024-06-04,P1,bug,40.4
T04274,A1195,2024-04-02,P3,billing,48.1
T04275,A1196,2024-06-07,P2,access,46.9
T04276,A1196,2024-03-06,P2,how_to,58.1
T04277,A1196,2024-01-07,P1,bug,52.2
T04278,A1196,2024-04-18,P2,outage,8.5
T04279,A1196,2024-03-11,P1,billing,70.4
T04280,A1196,2024-02-05,P1,how_to,
T04281,A1196,2024-04-06,P2,how_to,4.5
T04282,A1196,2024-01-24,P2,outage,41.2
T04283,A1197,2024-03-06,P3,bug,3.7
T04284,A1197,2024-04-23,P1,how_to,43.7
T04285,A1197,2024-05-27,P2,outage,43.2
T04286,A1197,2024-04-01,P3,how_to,67.1
T04287,A1197,2024-04-18,P3,bug,33.7
T04288,A1197,2024-04-20,P2,how_to,47.2
T04289,A1198,2024-01-29,P1,billing,42.3
T04290,A1198,2024-02-19,P2,outage,9.1
T04291,A1198,2024-01-11,P3,how_to,56.6
T04292,A1199,2024-05-26,P2,how_to,
T04293,A1199,2024-01-17,P2,access,51.9
T04294,A1199,2024-05-09,P2,how_to,25.2
T04295,A1199,2024-02-18,P1,bug,7.5
T04296,A9999,2024-05-09,P2,access,
T04297,A1199,2024-02-17,P1,billing,59.7
T04298,A1200,2024-01-18,P2,how_to,
T04299,A1200,2024-04-30,P2,billing,37.6
