account_id,month,active_users,events,feature_adoption_score
A0001,2024-01,42,751,0.785
A0001,2024-02,58,1017,0.467
A0001,2024-03,41,853,0.392
A0001,2024-04,62,649,0.252
A0001,2024-05,58,1248,0.542
A0001,2024-06,74,1470,0.444
A0002,2024-01,67,974,0.303
A0002,2024-02,57,726,0.452
A0002,2024-03,30,485,0.541
A0002,2024-04,24,569,0.392
A0002,2024-05,14,345,0.388
A0002,2024-06,1,17,0.345
A0003,2024-01,164,1358,0.409
A0003,2024-02,131,1602,0.627
A0003,2024-03,152,2271,0.59
A0003,2024-04,136,2915,0.374
A0003,2024-05,144,3106,0.061
A0003,2024-06,145,3468,0.518
A0004,2024-01,178,2983,0.624
A0004,2024-02,188,4443,0.592
A0004,2024-03,189,4304,0.863
A0004,2024-04,202,3406,0.338
A0004,2024-05,201,2568,0.63
A0004,2024-06,174,4314,0.334
A0005,2024-01,195,1570,0.286
A0005,2024-02,216,3661,0.521
A0005,2024-03,173,3693,0.311
A0005,2024-04,173,2617,0.458
A0005,2024-05,152,3232,0.215
A0005,2024-06,135,2431,0.098
A0006,2024-01,152,2069,0.459
A0006,2024-02,127,1199,0.24
A0006,2024-03,103,2478,0.573
A0006,2024-04,95,2247,0.391
A0006,2024-05,86,1553,0.211
A0006,2024-06,16,272,0.217
A0007,2024-01,301,6660,0.612
A0007,2024-02,287,2886,0.557
A0007,2024-03,271,5065,0.157
A0007,2024-04,265,4412,0.534
A0007,2024-05,211,5166,0.0
A0007,2024-06,195,3664,0.419
A0008,2024-01,47,935,0.534
A0008,2024-02,70,1431,0.281
A0008,2024-03,9,181,0.461
A0008,2024-04,6,86,0.21
A0008,2024-05,1,20,0.086
A0008,2024-06,1,20,0.445
A0009,2024-01,344,5960,0.699
A0009,2024-02,344,3377,0.562
A0009,2024-03,341,5709,0.589
A0009,2024-04,358,3819,0.647
A0009,2024-05,326,3964,0.581
A0009,2024-06,340,7845,0.326
A0010,2024-01,278,3220,0.147
A0010,2024-02,254,2389,0.412
A0010,2024-03,228,3790,0.483
A0010,2024-04,207,3432,0.551
A0010,2024-05,188,1768,0.593
A0010,2024-06,182,2422,0.505
A0011,2024-01,106,1364,0.421
A0011,2024-02,125,2999,0.31
A0011,2024-03,110,2531,0.121
A0011,2024-04,95,1594,0.514
A0011,2024-05,45,756,0.426
A0011,2024-06,43,512,0.0
A0012,2024-01,83,1820,0.489
A0012,2024-02,69,715,0.423
A0012,2024-03,61,1145,0.635
A0012,2024-04,8,91,0.498
A0012,2024-05,1,16,0.551
A0012,2024-06,9,175,0.212
A0013,2024-01,136,2797,0.65
A0013,2024-02,152,1945,0.62
A0013,2024-03,150,2399,0.759
A0013,2024-04,154,1559,0.439
A0013,2024-05,144,2062,0.247
A0013,2024-06,155,1391,0.426
A0014,2024-01,384,4207,0.387
A0014,2024-02,399,5627,0.593
A0014,2024-03,387,4371,0.608
A0014,2024-04,384,9236,0.634
A0014,2024-05,388,4922,0.479
A0014,2024-06,377,5536,0.524
A0015,2024-01,205,4815,0.14
A0015,2024-02,198,4495,0.194
A0015,2024-03,188,2137,0.497
A0015,2024-04,156,2592,0.308
A0015,2024-05,142,1649,0.34
A0015,2024-06,139,1158,0.141
A0016,2024-01,387,6694,0.652
A0016,2024-02,391,3524,0.557
A0016,2024-03,390,5258,0.763
A0016,2024-04,371,3137,0.523
A0016,2024-05,397,7428,0.551
A0016,2024-06,384,6781,0.55
A0017,2024-01,125,1002,0.328
A0017,2024-02,111,1746,0.372
A0017,2024-03,86,1083,0.403
A0017,2024-04,73,746,0.585
A0017,2024-05,55,1022,0.357
A0017,2024-06,43,373,0.56
A0018,2024-01,78,1820,0.515
A0018,2024-02,77,976,0.781
A0018,2024-03,98,2031,0.714
A0018,2024-04,88,1796,0.633
A0018,2024-05,111,2278,0.426
A0018,2024-06,117,1903,0.453
A0019,2024-01,325,2859,0.138
A0019,2024-02,317,5780,0.544
A0019,2024-03,299,4160,0.45
A0019,2024-04,271,4836,0.386
A0019,2024-05,256,5726,0.211
A0019,2024-06,263,5890,0.319
A0020,2024-01,219,4031,0.827
A0020,2024-02,197,4693,0.455
A0020,2024-03,233,5650,0.568
A0020,2024-04,230,4412,0.613
A0020,2024-05,238,5064,0.435
A0020,2024-06,224,3933,0.567
A0021,2024-01,155,3688,0.593
A0021,2024-02,171,2286,0.504
A0021,2024-03,156,1723,0.666
A0021,2024-04,156,3466,0.176
A0021,2024-05,161,1687,0.547
A0021,2024-06,153,1847,0.762
A0022,2024-01,283,3932,0.645
A0022,2024-02,312,4345,0.651
A0022,2024-03,303,7308,0.426
A0022,2024-04,308,7288,0.813
A0022,2024-05,301,5789,0.26
A0022,2024-06,326,3994,0.496
A0023,2024-01,116,1210,0.844
A0023,2024-02,129,1498,0.48
A0023,2024-03,122,2275,0.926
A0023,2024-04,132,2526,0.426
A0023,2024-05,107,1874,0.907
A0023,2024-06,151,1389,0.498
A0024,2024-01,263,4536,0.548
A0024,2024-02,259,5372,0.24
A0024,2024-03,284,6032,0.596
A0024,2024-04,282,3510,0.418
A0024,2024-05,282,2771,0.717
A0024,2024-06,307,7481,0.334
A0025,2024-01,246,4680,0.33
A0025,2024-02,256,2445,0.448
A0025,2024-03,238,4289,0.454
A0025,2024-04,270,3387,0.492
A0025,2024-05,250,3591,0.611
A0025,2024-06,246,4055,0.292
A0026,2024-01,198,4756,0.549
A0026,2024-02,197,2801,0.7
A0026,2024-03,208,2321,0.781
A0026,2024-04,217,4542,0.782
A0026,2024-05,216,3699,0.515
A0026,2024-06,213,2350,0.436
A0027,2024-01,156,3317,0.224
A0027,2024-02,150,2190,0.357
A0027,2024-03,157,2324,0.441
A0027,2024-04,120,2758,0.391
A0027,2024-05,93,1757,0.262
A0027,2024-06,69,1583,0.054
A0028,2024-01,286,3500,0.569
A0028,2024-02,244,4740,0.512
A0028,2024-03,208,3744,0.286
A0028,2024-04,234,3978,0.486
A0028,2024-05,186,3438,0.273
A0028,2024-06,184,4536,0.411
A0029,2024-01,152,3794,0.511
A0029,2024-02,136,2396,0.403
A0029,2024-03,139,2255,0.0
A0029,2024-04,114,2676,0.525
A0029,2024-05,95,2286,0.309
A0029,2024-06,59,1018,0.08
A0030,2024-01,86,1430,0.63
A0030,2024-02,102,2030,0.408
A0030,2024-03,98,1676,0.541
A0030,2024-04,83,1156,0.465
A0030,2024-05,104,1264,0.599
A0030,2024-06,109,1002,0.476
A0031,2024-01,339,8306,0.606
A0031,2024-02,318,7368,0.206
A0031,2024-03,291,5081,0.261
A0031,2024-04,268,6245,0.604
A0031,2024-05,272,2843,0.502
A0031,2024-06,247,4089,0.335
A0032,2024-01,106,1771,0.241
A0032,2024-02,71,1531,0.414
A0032,2024-03,58,550,0.538
A0032,2024-04,57,1168,0.551
A0032,2024-05,24,301,0.521
A0032,2024-06,28,319,0.386
A0033,2024-01,281,3314,0.551
A0033,2024-02,278,4651,0.266
A0033,2024-03,262,4241,0.383
A0033,2024-04,249,4997,0.135
A0033,2024-05,240,4311,0.326
A0033,2024-06,217,5161,0.311
A0034,2024-01,180,2814,0.592
A0034,2024-02,205,1659,0.521
A0034,2024-03,221,3871,0.762
A0034,2024-04,218,4419,0.488
A0034,2024-05,219,5347,0.677
A0034,2024-06,224,4920,0.519
A0035,2024-01,256,5711,0.235
A0035,2024-02,205,3296,0.266
A0035,2024-03,197,3657,0.205
A0035,2024-04,209,3671,0.139
A0035,2024-05,184,3667,0.323
A0035,2024-06,150,1974,0.371
A0036,2024-01,279,6930,0.828
A0036,2024-02,286,2672,0.592
A0036,2024-03,295,7039,0.171
A0036,2024-04,327,5206,0.52
A0036,2024-05,281,5704,0.624
A0036,2024-06,291,4573,0.533
A0037,2024-01,380,6533,0.394
A0037,2024-02,370,5109,0.23
A0037,2024-03,336,5026,0.291
A0037,2024-04,333,7683,0.076
A0037,2024-05,294,5494,0.356
A0037,2024-06,288,4375,0.329
A0038,2024-01,153,2740,0.307
A0038,2024-02,149,3492,0.474
A0038,2024-03,118,1403,0.451
A0038,2024-04,106,1892,0.249
A0038,2024-05,61,819,0.462
A0038,2024-06,69,864,0.223
A0039,2024-01,214,2379,0.449
A0039,2024-02,232,5301,0.405
A0039,2024-03,231,2397,0.458
A0039,2024-04,214,5129,0.352
A0039,2024-05,227,4755,0.643
A0039,2024-06,221,3369,0.243
A0040,2024-01,108,1254,0.406
A0040,2024-02,66,1511,0.591
A0040,2024-03,74,1640,0.477
A0040,2024-04,69,828,0.421
A0040,2024-05,13,251,0.589
A0040,2024-06,9,201,0.224
A0041,2024-01,351,5793,0.495
A0041,2024-02,347,3653,0.599
A0041,2024-03,362,6768,0.66
A0041,2024-04,359,5660,0.402
A0041,2024-05,387,3587,0.497
A0041,2024-06,360,6136,0.64
A0042,2024-01,51,866,0.033
A0042,2024-02,47,559,0.137
A0042,2024-03,12,155,0.558
A0042,2024-04,17,160,0.098
A0042,2024-05,1,21,0.371
A0042,2024-06,1,23,0.622
A0043,2024-01,159,3123,0.327
A0043,2024-02,124,2901,0.452
A0043,2024-03,100,972,0.238
A0043,2024-04,93,2209,0.282
A0043,2024-05,98,1505,0.304
A0043,2024-06,46,370,0.335
A0044,2024-01,207,4122,0.504
A0044,2024-02,194,2016,0.296
A0044,2024-03,170,1979,0.117
A0044,2024-04,150,3622,0.286
A0044,2024-05,136,2081,0.537
A0044,2024-06,111,2346,0.34
A0045,2024-01,266,6315,0.546
A0045,2024-02,291,3583,0.294
A0045,2024-03,283,4272,0.555
A0045,2024-04,276,4993,0.258
A0045,2024-05,304,7227,0.695
A0045,2024-06,269,6551,0.652
A0046,2024-01,185,3470,0.372
A0046,2024-02,158,2357,0.171
A0046,2024-03,160,1900,0.194
A0046,2024-04,112,2127,0.401
A0046,2024-05,105,1783,0.343
A0046,2024-06,88,1021,0.271
A0047,2024-01,344,4155,0.555
A0047,2024-02,333,6926,0.391
A0047,2024-03,350,8693,0.726
A0047,2024-04,337,8073,0.603
A0047,2024-05,364,6047,0.618
A0047,2024-06,342,7975,0.649
A0048,2024-01,317,5503,0.402
A0048,2024-02,301,6548,0.213
A0048,2024-03,275,6301,0.272
A0048,2024-04,261,4756,0.528
A0048,2024-05,257,6342,0.176
A0048,2024-06,218,4561,0.314
A0049,2024-01,163,3204,0.902
A0049,2024-02,156,1799,0.463
A0049,2024-03,161,1675,0.679
A0049,2024-04,150,2716,0.326
A0049,2024-05,162,1672,0.397
A0049,2024-06,172,2429,0.239
A0050,2024-01,322,4899,0.577
A0050,2024-02,312,6544,0.692
A0050,2024-03,289,2604,0.267
A0050,2024-04,275,6494,0.289
A0050,2024-05,239,4114,0.321
A0050,2024-06,208,2368,0.289
A0051,2024-01,360,3956,0.747
A0051,2024-02,359,4535,0.714
A0051,2024-03,389,9138,0.669
A0051,2024-04,366,6308,0.556
A0051,2024-05,348,5981,0.7
A0051,2024-06,372,6551,0.578
A0052,2024-01,371,6342,0.702
A0052,2024-02,365,9064,0.493
A0052,2024-03,340,3793,0.684
A0052,2024-04,372,8448,0.695
A0052,2024-05,341,2770,0.338
A0052,2024-06,355,7255,0.714
A0053,2024-01,101,2398,0.378
A0053,2024-02,99,2404,0.112
A0053,2024-03,69,1082,0.471
A0053,2024-04,41,666,0.473
A0053,2024-05,38,880,0.679
A0053,2024-06,21,413,0.428
A0054,2024-01,101,1528,0.334
A0054,2024-02,99,1852,0.396
A0054,2024-03,96,1434,0.549
A0054,2024-04,81,1388,0.48
A0054,2024-05,101,1466,0.488
A0054,2024-06,94,1360,0.694
A0055,2024-01,291,4543,0.575
A0055,2024-02,273,5546,0.177
A0055,2024-03,246,3428,0.56
A0055,2024-04,211,2683,0.361
A0055,2024-05,224,4467,0.235
A0055,2024-06,162,2696,0.69
A0056,2024-01,227,2817,0.605
A0056,2024-02,228,4002,0.536
A0056,2024-03,236,3318,0.745
A0056,2024-04,234,3078,0.663
A0056,2024-05,226,3031,0.531
A0056,2024-06,221,5365,0.707
A0057,2024-01,317,7104,0.858
A0057,2024-02,313,6325,0.582
A0057,2024-03,329,4537,0.85
A0057,2024-04,317,6535,0.791
A0057,2024-05,339,5020,0.462
A0057,2024-06,342,8484,0.578
A0058,2024-01,161,3247,0.43
A0058,2024-02,132,2707,0.548
A0058,2024-03,149,3507,0.559
A0058,2024-04,139,1203,0.298
A0058,2024-05,147,3294,0.483
A0058,2024-06,136,2259,0.623
A0059,2024-01,265,3751,0.456
A0059,2024-02,254,5618,0.244
A0059,2024-03,259,3060,0.367
A0059,2024-04,211,3152,0.282
A0059,2024-05,187,4161,0.169
A0059,2024-06,190,2510,0.293
A0060,2024-01,63,1398,0.648
A0060,2024-02,81,690,0.491
A0060,2024-03,70,803,0.288
A0060,2024-04,71,1624,0.688
A0060,2024-05,75,1085,0.815
A0060,2024-06,54,1147,0.57
A0061,2024-01,340,7315,0.387
A0061,2024-02,319,2632,0.229
A0061,2024-03,321,4414,0.412
A0061,2024-04,330,6232,0.026
A0061,2024-05,294,5557,0.185
A0061,2024-06,277,4296,0.25
A0062,2024-01,184,2031,0.327
A0062,2024-02,184,3222,0.435
A0062,2024-03,178,2216,0.472
A0062,2024-04,146,1677,0.272
A0062,2024-05,129,2108,0.268
A0062,2024-06,132,2713,0.429
A0063,2024-01,301,4705,0.719
A0063,2024-02,318,4907,0.633
A0063,2024-03,316,2941,0.42
A0063,2024-04,329,4773,0.778
A0063,2024-05,326,4395,0.766
A0063,2024-06,346,4320,0.316
A0064,2024-01,146,2111,0.274
A0064,2024-02,160,2502,0.176
A0064,2024-03,126,2860,0.0
A0064,2024-04,84,1966,0.553
A0064,2024-05,109,2607,0.324
A0064,2024-06,59,1286,0.579
A0065,2024-01,293,4837,0.757
A0065,2024-02,297,5450,0.496
A0065,2024-03,298,3631,0.585
A0065,2024-04,307,5581,0.35
A0065,2024-05,309,6109,0.628
A0065,2024-06,287,4005,0.565
A0066,2024-01,351,7685,0.29
A0066,2024-02,317,6066,0.422
A0066,2024-03,326,4147,0.574
A0066,2024-04,291,6193,0.582
A0066,2024-05,262,3252,0.534
A0066,2024-06,283,5602,0.453
A0067,2024-01,200,2250,0.608
A0067,2024-02,211,2653,0.615
A0067,2024-03,239,2389,0.627
A0067,2024-04,225,4768,0.651
A0067,2024-05,212,2844,0.56
A0067,2024-06,228,2755,0.212
A0068,2024-01,69,604,0.454
A0068,2024-02,84,1210,0.797
A0068,2024-03,98,840,0.745
A0068,2024-04,87,1028,0.685
A0068,2024-05,109,911,0.484
A0068,2024-06,92,1449,0.412
A0069,2024-01,361,3378,0.423
A0069,2024-02,333,6069,0.316
A0069,2024-03,319,4218,0.604
A0069,2024-04,292,2824,0.393
A0069,2024-05,304,4246,0.443
A0069,2024-06,294,4637,0.327
A0070,2024-01,178,2708,0.631
A0070,2024-02,178,2054,0.663
A0070,2024-03,198,1926,0.704
A0070,2024-04,148,2755,0.301
A0070,2024-05,129,1066,0.35
A0070,2024-06,110,2163,0.28
A0071,2024-01,68,1339,0.529
A0071,2024-02,79,763,0.525
A0071,2024-03,105,1767,0.537
A0071,2024-04,100,1786,0.601
A0071,2024-05,115,2598,0.347
A0071,2024-06,94,2212,0.758
A0072,2024-01,90,1046,0.247
A0072,2024-02,72,1588,0.502
A0072,2024-03,50,458,0.448
A0072,2024-04,31,320,0.401
A0072,2024-05,29,647,0.37
A0072,2024-06,17,352,0.25
A0073,2024-01,341,4964,0.641
A0073,2024-02,328,6980,0.439
A0073,2024-03,343,3253,0.34
A0073,2024-04,344,5336,0.573
A0073,2024-05,363,6058,0.532
A0073,2024-06,370,8841,0.673
A0074,2024-01,298,4253,0.426
A0074,2024-02,315,6784,0.834
A0074,2024-03,280,3282,0.664
A0074,2024-04,292,3771,0.533
A0074,2024-05,293,6904,0.577
A0074,2024-06,302,2886,0.52
A0075,2024-01,385,8273,0.265
A0075,2024-02,347,6702,0.585
A0075,2024-03,374,5003,0.524
A0075,2024-04,394,6993,0.562
A0075,2024-05,395,4701,0.537
A0075,2024-06,386,7767,0.293
A0076,2024-01,281,2676,0.664
A0076,2024-02,275,4751,0.52
A0076,2024-03,279,3621,0.543
A0076,2024-04,283,6911,0.657
A0076,2024-05,294,6692,0.655
A0076,2024-06,275,3631,0.62
A0077,2024-01,259,5188,0.828
A0077,2024-02,286,6269,0.514
A0077,2024-03,280,6096,0.645
A0077,2024-04,289,5628,0.685
A0077,2024-05,290,5746,0.675
A0077,2024-06,303,5651,0.775
A0078,2024-01,153,2292,0.557
A0078,2024-02,155,1256,0.526
A0078,2024-03,137,2557,0.369
A0078,2024-04,108,1758,0.367
A0078,2024-05,107,1612,0.478
A0078,2024-06,70,1167,0.383
A0079,2024-01,79,933,0.507
A0079,2024-02,65,1620,0.57
A0079,2024-03,95,860,0.608
A0079,2024-04,79,638,0.453
A0079,2024-05,88,1347,0.206
A0079,2024-06,92,847,0.602
A0080,2024-01,143,3385,0.533
A0080,2024-02,149,2875,0.934
A0080,2024-03,143,3059,0.667
A0080,2024-04,140,3353,0.46
A0080,2024-05,161,2408,0.515
A0080,2024-06,162,2192,0.537
A0081,2024-01,254,5537,0.469
A0081,2024-02,219,1808,0.158
A0081,2024-03,212,2890,0.302
A0081,2024-04,180,2001,0.108
A0081,2024-05,163,3346,0.133
A0081,2024-06,164,3768,0.27
A0082,2024-01,336,8362,0.492
A0082,2024-02,326,6510,0.632
A0082,2024-03,307,4500,0.288
A0082,2024-04,340,3541,0.497
A0082,2024-05,356,7584,0.434
A0082,2024-06,347,7979,0.318
A0083,2024-01,318,5381,0.461
A0083,2024-02,359,6159,0.478
A0083,2024-03,321,5300,0.591
A0083,2024-04,321,5837,0.591
A0083,2024-05,341,6582,0.586
A0083,2024-06,327,7961,0.567
A0084,2024-01,259,4892,0.673
A0084,2024-02,256,2122,0.578
A0084,2024-03,269,3214,0.411
A0084,2024-04,247,4086,0.415
A0084,2024-05,257,3483,0.49
A0084,2024-06,249,4054,0.622
A0085,2024-01,115,1737,0.436
A0085,2024-02,147,3538,0.599
A0085,2024-03,164,2507,0.459
A0085,2024-04,166,3840,0.513
A0085,2024-05,181,2832,0.521
A0085,2024-06,155,2809,0.581
A0086,2024-01,228,2521,0.432
A0086,2024-02,213,4576,0.433
A0086,2024-03,175,1684,0.165
A0086,2024-04,170,2009,0.335
A0086,2024-05,141,3266,0.401
A0086,2024-06,118,953,0.559
A0087,2024-01,278,2512,0.362
A0087,2024-02,272,4238,0.231
A0087,2024-03,246,5781,0.298
A0087,2024-04,250,2456,0.171
A0087,2024-05,200,4478,0.258
A0087,2024-06,194,1876,0.311
A0088,2024-01,213,2517,0.501
A0088,2024-02,217,4461,0.648
A0088,2024-03,227,3849,0.659
A0088,2024-04,216,4232,0.855
A0088,2024-05,205,3147,0.746
A0088,2024-06,207,3743,0.462
A0089,2024-01,88,725,0.476
A0089,2024-02,51,1236,0.45
A0089,2024-03,62,808,0.434
A0089,2024-04,54,437,0.199
A0089,2024-05,30,490,0.217
A0089,2024-06,2,49,0.367
A0090,2024-01,404,5659,0.159
A0090,2024-02,360,4164,0.225
A0090,2024-03,366,5138,0.374
A0090,2024-04,348,7597,0.371
A0090,2024-05,317,5646,0.334
A0090,2024-06,307,7169,0.515
A0091,2024-01,219,2111,0.348
A0091,2024-02,244,3092,0.563
A0091,2024-03,282,4767,0.836
A0091,2024-04,275,4948,0.496
A0091,2024-05,261,4010,0.548
A0091,2024-06,273,5918,0.613
A0092,2024-01,92,843,0.315
A0092,2024-02,80,1358,0.44
A0092,2024-03,81,1222,0.154
A0092,2024-04,49,762,0.483
A0092,2024-05,42,1016,0.609
A0092,2024-06,14,222,0.311
A0093,2024-01,301,4945,0.205
A0093,2024-02,260,3140,0.482
A0093,2024-03,281,2917,0.478
A0093,2024-04,256,5440,0.346
A0093,2024-05,218,4275,0.481
A0093,2024-06,208,3079,0.342
A0094,2024-01,310,2891,0.443
A0094,2024-02,290,2668,0.259
A0094,2024-03,289,4215,0.167
A0094,2024-04,255,5139,0.062
A0094,2024-05,233,4582,0.398
A0094,2024-06,199,3655,0.378
A0095,2024-01,85,1279,0.563
A0095,2024-02,68,1688,0.243
A0095,2024-03,35,429,0.296
A0095,2024-04,43,635,0.166
A0095,2024-05,1,11,0.325
A0095,2024-06,1,9,0.213
A0096,2024-01,397,4087,0.316
A0096,2024-02,413,3455,0.608
A0096,2024-03,411,3863,0.595
A0096,2024-04,423,4743,0.658
A0096,2024-05,424,7743,0.548
A0096,2024-06,413,9435,0.72
A0097,2024-01,258,5054,0.299
A0097,2024-02,234,2909,0.17
A0097,2024-03,268,2690,0.735
A0097,2024-04,265,3883,0.648
A0097,2024-05,263,3058,0.591
A0097,2024-06,276,6389,0.529
A0098,2024-01,368,7177,0.257
A0098,2024-02,343,2807,0.215
A0098,2024-03,346,3660,0.235
A0098,2024-04,321,3590,0.109
A0098,2024-05,293,6123,0.428
A0098,2024-06,284,3079,0.203
A0099,2024-01,111,1093,0.282
A0099,2024-02,61,642,0.285
A0099,2024-03,63,950,0.154
A0099,2024-04,31,248,0.461
A0099,2024-05,49,451,0.198
A0099,2024-06,1,10,0.272
A0100,2024-01,203,4420,0.279
A0100,2024-02,211,3390,0.161
A0100,2024-03,197,3644,0.376
A0100,2024-04,156,3748,0.318
A0100,2024-05,152,3206,0.293
A0100,2024-06,126,1048,0.26
A0101,2024-01,79,1420,0.318
A0101,2024-02,45,737,0.679
A0101,2024-03,45,498,0.604
A0101,2024-04,35,556,0.237
A0101,2024-05,1,22,0.336
A0101,2024-06,1,11,0.394
A0102,2024-01,338,6812,0.675
A0102,2024-02,329,6286,0.554
A0102,2024-03,362,6525,0.584
A0102,2024-04,346,4553,0.364
A0102,2024-05,363,4672,0.421
A0102,2024-06,353,4524,0.385
A0103,2024-01,243,4465,0.496
A0103,2024-02,248,4247,0.758
A0103,2024-03,265,3645,0.456
A0103,2024-04,240,5232,0.757
A0103,2024-05,268,3857,0.659
A0103,2024-06,265,5554,0.579
A0104,2024-01,215,5132,0.31
A0104,2024-02,228,1837,0.664
A0104,2024-03,245,2263,0.763
A0104,2024-04,223,2589,0.69
A0104,2024-05,252,5617,0.623
A0104,2024-06,214,3691,0.633
A0105,2024-01,208,1860,0.396
A0105,2024-02,210,3415,0.771
A0105,2024-03,190,1620,0.598
A0105,2024-04,214,3221,0.241
A0105,2024-05,217,1974,0.717
A0105,2024-06,220,3746,0.356
A0106,2024-01,138,2598,0.131
A0106,2024-02,104,958,0.452
A0106,2024-03,107,2073,0.428
A0106,2024-04,97,1121,0.73
A0106,2024-05,107,1087,0.381
A0106,2024-06,110,1404,0.517
A0107,2024-01,294,6553,0.529
A0107,2024-02,270,3303,0.413
A0107,2024-03,278,6176,0.384
A0107,2024-04,228,4552,0.43
A0107,2024-05,220,4700,0.475
A0107,2024-06,201,3977,0.204
A0108,2024-01,175,2480,0.497
A0108,2024-02,150,2826,0.617
A0108,2024-03,129,2503,0.293
A0108,2024-04,93,1532,0.411
A0108,2024-05,105,1344,0.522
A0108,2024-06,84,1359,0.439
A0109,2024-01,215,4354,0.362
A0109,2024-02,197,4587,0.562
A0109,2024-03,203,2124,0.359
A0109,2024-04,151,2732,0.505
A0109,2024-05,159,2600,0.356
A0109,2024-06,131,3258,0.282
A0110,2024-01,279,6678,0.264
A0110,2024-02,255,5657,0.471
A0110,2024-03,248,2562,0.574
A0110,2024-04,196,2812,0.673
A0110,2024-05,205,2690,0.344
A0110,2024-06,179,3826,0.343
A0111,2024-01,358,7484,0.327
A0111,2024-02,355,5854,0.615
A0111,2024-03,329,7768,0.613
A0111,2024-04,320,4349,0.328
A0111,2024-05,346,4805,0.367
A0111,2024-06,351,6266,0.451
A0112,2024-01,154,1505,0.581
A0112,2024-02,148,2615,0.372
A0112,2024-03,115,987,0.203
A0112,2024-04,103,1538,0.613
A0112,2024-05,121,2696,0.261
A0112,2024-06,83,1509,0.025
A0113,2024-01,41,826,0.149
A0113,2024-02,22,271,0.501
A0113,2024-03,15,171,0.354
A0113,2024-04,1,16,0.454
A0113,2024-05,1,16,0.211
A0113,2024-06,1,13,0.535
A0114,2024-01,380,6790,0.483
A0114,2024-02,394,3665,0.858
A0114,2024-03,379,4220,0.534
A0114,2024-04,397,5911,0.678
A0114,2024-05,397,6266,0.822
A0114,2024-06,409,5285,0.326
A0115,2024-01,340,5476,0.41
A0115,2024-02,331,2858,0.682
A0115,2024-03,285,2502,0.31
A0115,2024-04,290,3616,0.31
A0115,2024-05,277,6370,0.153
A0115,2024-06,262,5938,0.269
A0116,2024-01,402,4344,0.555
A0116,2024-02,407,3863,0.671
A0116,2024-03,388,7249,0.636
A0116,2024-04,406,6737,0.465
A0116,2024-05,416,5520,0.409
A0116,2024-06,382,6827,0.737
A0117,2024-01,386,9078,0.348
A0117,2024-02,354,8828,0.556
A0117,2024-03,355,7221,0.316
A0117,2024-04,324,3445,0.396
A0117,2024-05,310,7000,0.67
A0117,2024-06,299,5040,0.287
A0118,2024-01,347,7405,0.686
A0118,2024-02,365,7950,0.821
A0118,2024-03,365,7348,0.624
A0118,2024-04,342,2789,0.42
A0118,2024-05,372,7925,0.641
A0118,2024-06,385,9380,0.793
A0119,2024-01,109,2477,0.501
A0119,2024-02,108,2476,0.341
A0119,2024-03,64,1546,0.333
A0119,2024-04,60,924,0.734
A0119,2024-05,48,1156,0.386
A0119,2024-06,40,345,0.537
A0120,2024-01,174,1510,0.324
A0120,2024-02,169,2666,0.445
A0120,2024-03,160,2105,0.363
A0120,2024-04,110,1728,0.423
A0120,2024-05,106,1604,0.447
A0120,2024-06,114,1735,0.398
A0121,2024-01,371,6366,0.257
A0121,2024-02,370,8140,0.473
A0121,2024-03,338,7678,0.233
A0121,2024-04,321,3974,0.415
A0121,2024-05,290,3786,0.073
A0121,2024-06,276,6272,0.474
A0122,2024-01,386,3722,0.641
A0122,2024-02,377,5454,0.746
A0122,2024-03,409,9582,0.675
A0122,2024-04,395,8937,0.587
A0122,2024-05,395,7286,0.78
A0122,2024-06,398,3381,0.517
A0123,2024-01,160,2796,0.572
A0123,2024-02,164,3954,0.349
A0123,2024-03,158,1410,0.454
A0123,2024-04,160,2828,0.535
A0123,2024-05,173,4115,0.396
A0123,2024-06,187,1797,0.263
A0124,2024-01,223,5449,0.672
A0124,2024-02,223,4366,0.787
A0124,2024-03,200,4241,0.442
A0124,2024-04,213,2536,0.809
A0124,2024-05,217,3584,1.0
A0124,2024-06,214,4581,0.4
A0125,2024-01,380,5094,0.557
A0125,2024-02,385,7441,0.33
A0125,2024-03,359,5620,0.218
A0125,2024-04,348,4606,0.223
A0125,2024-05,345,3111,0.201
A0125,2024-06,318,7294,0.411
A0126,2024-01,75,1851,0.161
A0126,2024-02,52,1017,0.753
A0126,2024-03,45,859,0.166
A0126,2024-04,1,15,0.146
A0126,2024-05,1,12,0.37
A0126,2024-06,1,24,0.488
A0127,2024-01,112,1817,0.727
A0127,2024-02,112,1256,0.297
A0127,2024-03,101,1967,0.534
A0127,2024-04,120,2100,0.779
A0127,2024-05,151,3404,0.484
A0127,2024-06,153,1364,0.429
A0128,2024-01,66,1159,0.619
A0128,2024-02,57,1033,0.505
A0128,2024-03,47,442,0.783
A0128,2024-04,62,1105,0.708
A0128,2024-05,87,1040,0.528
A0128,2024-06,77,1668,0.608
A0129,2024-01,54,438,0.127
A0129,2024-02,17,306,0.239
A0129,2024-03,50,1237,0.274
A0129,2024-04,34,615,0.253
A0129,2024-05,1,20,0.355
A0129,2024-06,1,12,0.178
A0130,2024-01,181,2358,0.322
A0130,2024-02,186,2250,0.688
A0130,2024-03,177,1530,0.875
A0130,2024-04,182,2345,0.638
A0130,2024-05,164,2585,0.699
A0130,2024-06,192,3112,0.511
A0131,2024-01,407,7144,0.408
A0131,2024-02,361,8733,0.311
A0131,2024-03,379,4256,0.426
A0131,2024-04,334,5454,0.441
A0131,2024-05,339,4299,0.343
A0131,2024-06,311,3778,0.503
A0132,2024-01,246,5405,0.134
A0132,2024-02,251,2223,0.137
A0132,2024-03,237,3230,0.303
A0132,2024-04,223,5491,0.479
A0132,2024-05,189,3970,0.422
A0132,2024-06,195,4421,0.0
A0133,2024-01,276,3345,0.51
A0133,2024-02,283,5494,0.549
A0133,2024-03,283,4329,0.556
A0133,2024-04,294,3758,0.756
A0133,2024-05,291,5669,0.381
A0133,2024-06,289,4014,0.426
A0134,2024-01,199,3219,0.409
A0134,2024-02,172,2283,0.466
A0134,2024-03,157,3208,0.43
A0134,2024-04,145,1927,0.388
A0134,2024-05,119,2422,0.297
A0134,2024-06,124,2229,0.492
A0135,2024-01,144,2545,0.414
A0135,2024-02,135,1233,0.712
A0135,2024-03,129,1323,0.49
A0135,2024-04,140,3329,0.761
A0135,2024-05,141,2973,0.584
A0135,2024-06,128,1035,0.709
A0136,2024-01,250,4927,0.359
A0136,2024-02,260,3814,0.452
A0136,2024-03,212,4711,0.021
A0136,2024-04,209,3839,0.55
A0136,2024-05,211,2614,0.123
A0136,2024-06,179,4358,0.421
A0137,2024-01,193,2807,0.261
A0137,2024-02,237,4552,0.68
A0137,2024-03,210,4307,0.764
A0137,2024-04,208,2776,0.616
A0137,2024-05,229,4150,0.528
A0137,2024-06,222,3058,0.636
A0138,2024-01,168,1689,0.155
A0138,2024-02,139,2615,0.311
A0138,2024-03,152,1929,0.354
A0138,2024-04,127,2610,0.666
A0138,2024-05,106,1593,0.38
A0138,2024-06,54,665,0.514
A0139,2024-01,241,4236,0.515
A0139,2024-02,237,3607,0.303
A0139,2024-03,174,2363,0.427
A0139,2024-04,185,2021,0.495
A0139,2024-05,163,3044,0.342
A0139,2024-06,153,2010,0.434
A0140,2024-01,85,1692,0.683
A0140,2024-02,75,702,0.755
A0140,2024-03,78,1822,0.701
A0140,2024-04,92,946,0.643
A0140,2024-05,78,727,0.312
A0140,2024-06,76,1514,0.637
A0141,2024-01,269,4629,0.036
A0141,2024-02,250,4901,0.617
A0141,2024-03,233,2476,0.419
A0141,2024-04,231,3730,0.386
A0141,2024-05,218,4081,0.437
A0141,2024-06,154,1740,0.307
A0142,2024-01,159,3770,0.425
A0142,2024-02,189,4174,0.491
A0142,2024-03,176,4336,0.681
A0142,2024-04,195,4667,0.562
A0142,2024-05,191,4142,0.534
A0142,2024-06,214,3444,0.554
A0143,2024-01,154,3840,0.154
A0143,2024-02,132,3199,0.651
A0143,2024-03,125,2349,0.608
A0143,2024-04,86,1617,0.65
A0143,2024-05,82,1839,0.468
A0143,2024-06,82,1655,0.35
A0144,2024-01,363,3250,0.34
A0144,2024-02,346,8482,0.439
A0144,2024-03,357,8095,0.167
A0144,2024-04,306,5396,0.334
A0144,2024-05,275,5865,0.17
A0144,2024-06,258,5279,0.297
A0145,2024-01,266,2655,0.503
A0145,2024-02,272,4430,0.692
A0145,2024-03,253,3353,0.621
A0145,2024-04,260,2712,0.636
A0145,2024-05,267,5904,0.421
A0145,2024-06,290,6428,0.637
A0146,2024-01,221,2969,0.534
A0146,2024-02,214,2471,0.569
A0146,2024-03,207,3833,0.707
A0146,2024-04,247,3388,0.497
A0146,2024-05,213,2575,0.489
A0146,2024-06,244,5352,0.519
A0147,2024-01,378,9055,0.119
A0147,2024-02,340,7525,0.46
A0147,2024-03,335,6217,0.145
A0147,2024-04,331,6201,0.441
A0147,2024-05,273,4599,0.461
A0147,2024-06,283,5729,0.533
A0148,2024-01,206,2884,0.358
A0148,2024-02,186,3658,0.468
A0148,2024-03,154,1359,0.456
A0148,2024-04,132,1185,0.506
A0148,2024-05,126,2779,0.478
A0148,2024-06,102,2537,0.0
A0149,2024-01,368,3138,0.671
A0149,2024-02,372,4099,0.858
A0149,2024-03,396,4679,0.597
A0149,2024-04,373,3009,0.616
A0149,2024-05,362,8442,0.336
A0149,2024-06,379,7912,0.452
A0150,2024-01,161,3231,0.689
A0150,2024-02,165,2773,0.433
A0150,2024-03,177,3347,0.634
A0150,2024-04,188,3581,0.388
A0150,2024-05,194,3318,0.653
A0150,2024-06,186,2134,0.352
A0151,2024-01,317,6150,0.583
A0151,2024-02,313,7802,0.619
A0151,2024-03,318,5775,0.582
A0151,2024-04,343,6163,0.641
A0151,2024-05,357,5530,0.747
A0151,2024-06,363,6012,0.532
A0152,2024-01,126,2538,0.659
A0152,2024-02,122,2748,0.701
A0152,2024-03,121,2725,0.386
A0152,2024-04,110,1176,0.436
A0152,2024-05,126,1386,0.545
A0152,2024-06,133,1673,0.203
A0153,2024-01,201,2836,0.315
A0153,2024-02,205,4704,0.152
A0153,2024-03,160,1572,0.58
A0153,2024-04,159,3536,0.396
A0153,2024-05,138,2578,0.264
A0153,2024-06,111,2436,0.178
A0154,2024-01,340,8359,0.608
A0154,2024-02,370,8130,0.675
A0154,2024-03,341,2848,0.757
A0154,2024-04,346,6750,0.618
A0154,2024-05,347,4110,0.412
A0154,2024-06,340,8425,0.285
A0155,2024-01,279,5631,0.562
A0155,2024-02,266,3172,0.492
A0155,2024-03,278,6806,0.59
A0155,2024-04,274,3755,0.561
A0155,2024-05,282,4588,0.539
A0155,2024-06,259,2293,0.398
A0156,2024-01,151,1406,0.687
A0156,2024-02,153,3650,0.655
A0156,2024-03,150,2412,0.452
A0156,2024-04,139,1136,0.5
A0156,2024-05,122,1708,0.584
A0156,2024-06,151,2173,0.965
A0157,2024-01,195,4396,0.51
A0157,2024-02,179,3515,0.358
A0157,2024-03,173,2086,0.222
A0157,2024-04,139,1350,0.578
A0157,2024-05,120,2656,0.334
A0157,2024-06,77,909,0.37
A0158,2024-01,84,1058,0.535
A0158,2024-02,66,1445,0.446
A0158,2024-03,88,1653,0.424
A0158,2024-04,65,1540,0.254
A0158,2024-05,78,1766,0.855
A0158,2024-06,85,1878,0.746
A0159,2024-01,325,7392,0.16
A0159,2024-02,302,4543,0.365
A0159,2024-03,278,5832,0.397
A0159,2024-04,273,4799,0.323
A0159,2024-05,231,5627,0.389
A0159,2024-06,215,3702,0.415
A0160,2024-01,274,3596,0.52
A0160,2024-02,265,5497,0.328
A0160,2024-03,243,2425,0.449
A0160,2024-04,213,3436,0.288
A0160,2024-05,230,3169,0.398
A0160,2024-06,190,3402,0.449
A0161,2024-01,290,2659,0.27
A0161,2024-02,265,3467,0.313
A0161,2024-03,253,5738,0.175
A0161,2024-04,234,5725,0.165
A0161,2024-05,243,4582,0.481
A0161,2024-06,214,1807,0.278
A0162,2024-01,299,6060,0.773
A0162,2024-02,304,2636,0.52
A0162,2024-03,313,7128,0.537
A0162,2024-04,313,6650,0.474
A0162,2024-05,311,4637,0.799
A0162,2024-06,329,6245,0.697
A0163,2024-01,144,3588,0.702
A0163,2024-02,137,2978,0.456
A0163,2024-03,132,2471,0.755
A0163,2024-04,130,1484,0.585
A0163,2024-05,153,2326,0.651
A0163,2024-06,165,2205,0.603
A0164,2024-01,42,653,0.844
A0164,2024-02,51,1090,0.364
A0164,2024-03,37,830,0.617
A0164,2024-04,66,613,0.501
A0164,2024-05,25,343,0.549
A0164,2024-06,20,160,0.401
A0165,2024-01,309,3437,0.438
A0165,2024-02,310,2803,0.478
A0165,2024-03,308,2765,0.58
A0165,2024-04,332,7360,0.652
A0165,2024-05,322,4758,0.62
A0165,2024-06,317,4576,0.397
A0166,2024-01,63,824,0.487
A0166,2024-02,38,760,0.0
A0166,2024-03,51,1026,0.424
A0166,2024-04,15,182,0.301
A0166,2024-05,1,8,0.317
A0166,2024-06,1,14,0.189
A0167,2024-01,187,3386,0.312
A0167,2024-02,177,2231,0.107
A0167,2024-03,152,2372,0.44
A0167,2024-04,133,1317,0.447
A0167,2024-05,123,2674,0.309
A0167,2024-06,80,1201,0.349
A0168,2024-01,79,1313,0.413
A0168,2024-02,54,488,0.335
A0168,2024-03,32,740,0.641
A0168,2024-04,37,856,0.583
A0168,2024-05,1,12,0.281
A0168,2024-06,13,212,0.087
A0169,2024-01,56,534,0.429
A0169,2024-02,29,370,0.209
A0169,2024-03,26,350,0.408
A0169,2024-04,1,12,0.139
A0169,2024-05,1,8,0.468
A0169,2024-06,1,19,0.346
A0170,2024-01,137,2668,0.413
A0170,2024-02,99,2106,0.259
A0170,2024-03,95,1760,0.499
A0170,2024-04,67,1507,0.773
A0170,2024-05,35,848,0.4
A0170,2024-06,28,474,0.273
A0171,2024-01,339,6299,0.511
A0171,2024-02,324,7948,0.626
A0171,2024-03,288,2485,0.064
A0171,2024-04,288,6786,0.201
A0171,2024-05,281,5477,0.299
A0171,2024-06,247,2425,0.221
A0172,2024-01,391,8622,0.641
A0172,2024-02,388,9246,0.803
A0172,2024-03,378,8025,0.752
A0172,2024-04,372,7086,0.442
A0172,2024-05,411,7601,0.533
A0172,2024-06,387,8872,0.556
A0173,2024-01,361,5985,0.122
A0173,2024-02,345,4974,0.397
A0173,2024-03,323,6901,0.481
A0173,2024-04,312,3579,0.424
A0173,2024-05,286,3311,0.053
A0173,2024-06,295,6445,0.678
A0174,2024-01,52,555,0.404
A0174,2024-02,51,1069,0.256
A0174,2024-03,11,233,0.158
A0174,2024-04,1,15,0.415
A0174,2024-05,17,344,0.565
A0174,2024-06,1,8,0.726
A0175,2024-01,384,8466,0.403
A0175,2024-02,398,7609,0.672
A0175,2024-03,400,3759,0.543
A0175,2024-04,398,9580,0.405
A0175,2024-05,414,7333,0.646
A0175,2024-06,400,7155,0.301
A0176,2024-01,372,8647,0.706
A0176,2024-02,388,4821,0.379
A0176,2024-03,367,3666,0.358
A0176,2024-04,379,7840,0.619
A0176,2024-05,390,8694,0.366
A0176,2024-06,391,3200,0.726
A0177,2024-01,188,2410,0.408
A0177,2024-02,118,2879,0.431
A0177,2024-03,99,1064,0.571
A0177,2024-04,107,1726,0.295
A0177,2024-05,96,774,0.393
A0177,2024-06,69,1243,0.224
A0178,2024-01,193,3002,0.544
A0178,2024-02,196,3287,0.652
A0178,2024-03,194,2776,0.557
A0178,2024-04,180,1777,0.771
A0178,2024-05,179,2896,0.748
A0178,2024-06,167,1609,0.525
A0179,2024-01,227,4279,0.478
A0179,2024-02,252,4856,0.719
A0179,2024-03,214,4727,0.619
A0179,2024-04,257,5682,0.572
A0179,2024-05,224,4003,0.579
A0179,2024-06,236,3862,0.351
A0180,2024-01,218,3073,0.439
A0180,2024-02,183,3586,0.456
A0180,2024-03,176,1806,0.253
A0180,2024-04,160,1576,0.521
A0180,2024-05,137,1456,0.185
A0180,2024-06,131,1121,0.454
A0181,2024-01,206,3170,0.438
A0181,2024-02,165,2675,0.624
A0181,2024-03,171,3220,0.615
A0181,2024-04,181,4220,0.816
A0181,2024-05,171,2676,0.539
A0181,2024-06,182,4380,0.331
A0182,2024-01,357,4543,0.147
A0182,2024-02,315,5186,0.419
A0182,2024-03,318,5220,0.503
A0182,2024-04,321,5909,0.167
A0182,2024-05,289,2443,0.537
A0182,2024-06,244,5047,0.498
A0183,2024-01,168,3939,0.506
A0183,2024-02,153,1679,0.514
A0183,2024-03,163,3644,0.355
A0183,2024-04,195,3328,0.599
A0183,2024-05,154,3351,0.575
A0183,2024-06,173,1451,0.68
A0184,2024-01,171,2850,0.926
A0184,2024-02,176,2376,0.822
A0184,2024-03,195,2650,0.357
A0184,2024-04,204,2473,0.632
A0184,2024-05,217,5392,0.676
A0184,2024-06,196,2836,0.756
A0185,2024-01,63,515,0.4
A0185,2024-02,23,541,0.382
A0185,2024-03,1,13,0.165
A0185,2024-04,1,9,0.502
A0185,2024-05,1,13,0.16
A0185,2024-06,1,23,0.328
A0186,2024-01,153,2636,0.589
A0186,2024-02,151,3607,0.686
A0186,2024-03,154,3777,0.506
A0186,2024-04,143,2739,0.356
A0186,2024-05,178,1770,0.442
A0186,2024-06,175,3988,0.47
A0187,2024-01,215,4557,0.469
A0187,2024-02,180,3795,0.72
A0187,2024-03,172,2150,0.101
A0187,2024-04,146,1234,0.301
A0187,2024-05,146,2200,0.152
A0187,2024-06,133,2143,0.235
A0188,2024-01,131,1644,0.573
A0188,2024-02,157,2437,0.489
A0188,2024-03,168,2727,0.818
A0188,2024-04,168,1766,0.479
A0188,2024-05,151,1618,0.567
A0188,2024-06,173,2934,0.332
A0189,2024-01,65,874,0.609
A0189,2024-02,53,645,0.619
A0189,2024-03,33,767,0.549
A0189,2024-04,61,612,0.824
A0189,2024-05,83,827,0.838
A0189,2024-06,82,764,0.555
A0190,2024-01,330,7632,0.385
A0190,2024-02,332,4598,0.68
A0190,2024-03,331,5882,0.341
A0190,2024-04,336,6225,0.507
A0190,2024-05,358,4874,0.284
A0190,2024-06,361,7057,0.63
A0191,2024-01,359,3364,0.609
A0191,2024-02,326,3502,0.366
A0191,2024-03,321,2921,0.078
A0191,2024-04,298,6170,0.602
A0191,2024-05,315,5897,0.139
A0191,2024-06,279,3054,0.268
A0192,2024-01,362,6515,0.445
A0192,2024-02,378,8661,0.569
A0192,2024-03,339,6801,0.447
A0192,2024-04,379,4803,0.466
A0192,2024-05,345,4895,0.67
A0192,2024-06,375,3685,0.584
A0193,2024-01,226,4862,0.474
A0193,2024-02,217,5256,0.599
A0193,2024-03,211,2517,0.481
A0193,2024-04,210,4125,0.593
A0193,2024-05,230,2457,0.467
A0193,2024-06,211,4645,0.623
A0194,2024-01,264,4370,0.419
A0194,2024-02,242,2513,0.113
A0194,2024-03,249,5326,0.594
A0194,2024-04,204,2062,0.31
A0194,2024-05,211,1738,0.294
A0194,2024-06,169,2318,0.237
A0195,2024-01,237,4150,0.372
A0195,2024-02,205,4873,0.417
A0195,2024-03,193,4163,0.363
A0195,2024-04,160,2159,0.665
A0195,2024-05,132,1874,0.435
A0195,2024-06,141,1713,0.461
A0196,2024-01,368,6814,0.482
A0196,2024-02,314,5858,0.395
A0196,2024-03,310,5126,0.585
A0196,2024-04,285,3422,0.397
A0196,2024-05,265,6017,0.095
A0196,2024-06,263,2126,0.226
A0197,2024-01,205,2863,0.405
A0197,2024-02,210,2348,0.501
A0197,2024-03,204,1649,0.707
A0197,2024-04,225,4209,0.501
A0197,2024-05,220,3834,0.301
A0197,2024-06,251,5392,0.562
A0198,2024-01,336,5361,0.301
A0198,2024-02,308,7578,0.503
A0198,2024-03,298,6464,0.536
A0198,2024-04,261,5504,0.348
A0198,2024-05,267,4484,0.335
A0198,2024-06,236,2104,0.133
A0199,2024-01,347,3143,0.398
A0199,2024-02,355,3380,0.519
A0199,2024-03,350,8035,0.388
A0199,2024-04,310,5243,0.171
A0199,2024-05,319,5905,0.17
A0199,2024-06,270,3510,0.299
A0200,2024-01,399,5740,0.913
A0200,2024-02,390,3754,0.863
A0200,2024-03,398,8551,0.647
A0200,2024-04,373,8468,0.544
A0200,2024-05,406,7687,0.806
A0200,2024-06,407,6738,0.728
A0201,2024-01,115,2506,0.188
A0201,2024-02,128,3004,0.572
A0201,2024-03,135,1679,0.25
A0201,2024-04,158,3351,0.457
A0201,2024-05,161,1921,0.591
A0201,2024-06,161,2803,0.538
A0202,2024-01,243,3023,0.565
A0202,2024-02,270,4184,0.168
A0202,2024-03,281,3637,0.459
A0202,2024-04,251,4999,0.603
A0202,2024-05,288,5975,0.734
A0202,2024-06,295,6090,0.402
A0203,2024-01,328,6246,0.701
A0203,2024-02,312,6478,0.657
A0203,2024-03,318,5476,0.62
A0203,2024-04,328,3565,0.564
A0203,2024-05,322,5028,0.587
A0203,2024-06,326,3689,0.637
A0204,2024-01,112,1003,0.298
A0204,2024-02,151,1920,0.421
A0204,2024-03,119,2834,0.446
A0204,2024-04,156,2759,0.319
A0204,2024-05,151,1245,0.517
A0204,2024-06,157,2951,0.543
A0205,2024-01,42,921,0.187
A0205,2024-02,48,669,0.283
A0205,2024-03,24,397,0.41
A0205,2024-04,4,51,0.537
A0205,2024-05,1,13,0.301
A0205,2024-06,1,15,0.385
A0206,2024-01,393,8021,0.507
A0206,2024-02,386,9337,0.173
A0206,2024-03,358,6854,0.272
A0206,2024-04,329,3727,0.453
A0206,2024-05,332,2825,0.272
A0206,2024-06,313,5110,0.237
A0207,2024-01,59,817,0.481
A0207,2024-02,34,450,0.244
A0207,2024-03,32,262,0.317
A0207,2024-04,13,209,0.264
A0207,2024-05,14,290,0.331
A0207,2024-06,1,8,0.254
A0208,2024-01,186,3406,0.359
A0208,2024-02,173,1823,0.487
A0208,2024-03,126,3084,0.508
A0208,2024-04,133,3132,0.426
A0208,2024-05,129,1228,0.107
A0208,2024-06,130,2387,0.374
A0209,2024-01,232,5241,0.037
A0209,2024-02,203,2215,0.326
A0209,2024-03,198,4942,0.148
A0209,2024-04,163,2367,0.475
A0209,2024-05,173,1818,0.475
A0209,2024-06,143,3198,0.346
A0210,2024-01,220,4867,0.402
A0210,2024-02,214,1890,0.45
A0210,2024-03,194,4230,0.31
A0210,2024-04,188,3370,0.381
A0210,2024-05,160,1556,0.306
A0210,2024-06,124,2592,0.145
A0211,2024-01,200,3943,0.395
A0211,2024-02,203,2417,0.746
A0211,2024-03,240,5213,0.428
A0211,2024-04,224,2211,0.545
A0211,2024-05,228,3925,0.406
A0211,2024-06,237,2760,0.488
A0212,2024-01,285,3309,0.541
A0212,2024-02,292,5450,0.231
A0212,2024-03,265,5690,0.592
A0212,2024-04,285,2610,0.514
A0212,2024-05,283,6876,0.658
A0212,2024-06,278,4650,0.591
A0213,2024-01,51,601,0.376
A0213,2024-02,45,718,0.573
A0213,2024-03,61,1004,0.578
A0213,2024-04,62,567,0.371
A0213,2024-05,65,934,0.639
A0213,2024-06,56,1378,0.716
A0214,2024-01,135,1588,0.33
A0214,2024-02,101,1501,0.565
A0214,2024-03,111,993,0.0
A0214,2024-04,70,959,0.357
A0214,2024-05,80,907,0.686
A0214,2024-06,37,798,0.477
A0215,2024-01,369,8907,0.395
A0215,2024-02,369,5431,0.427
A0215,2024-03,392,5099,0.517
A0215,2024-04,370,6511,0.45
A0215,2024-05,395,3941,0.483
A0215,2024-06,383,7835,0.632
A0216,2024-01,135,2163,0.539
A0216,2024-02,146,2738,0.693
A0216,2024-03,137,1661,0.382
A0216,2024-04,140,1296,0.591
A0216,2024-05,141,3442,0.31
A0216,2024-06,142,3144,0.486
A0217,2024-01,375,8798,0.338
A0217,2024-02,359,3112,0.681
A0217,2024-03,363,4966,0.087
A0217,2024-04,329,7909,0.432
A0217,2024-05,326,6184,0.219
A0217,2024-06,287,6156,0.458
A0218,2024-01,322,6640,0.815
A0218,2024-02,333,8032,0.554
A0218,2024-03,327,5456,0.433
A0218,2024-04,321,4113,0.443
A0218,2024-05,344,7893,0.673
A0218,2024-06,345,5652,0.479
A0219,2024-01,382,4486,0.605
A0219,2024-02,382,7024,0.471
A0219,2024-03,344,2912,0.333
A0219,2024-04,331,3285,0.191
A0219,2024-05,296,6428,0.22
A0219,2024-06,280,5290,0.198
A0220,2024-01,147,2239,0.423
A0220,2024-02,147,2542,0.256
A0220,2024-03,113,1682,0.318
A0220,2024-04,116,1232,0.543
A0220,2024-05,82,1667,0.655
A0220,2024-06,70,782,0.21
A0221,2024-01,344,7636,0.438
A0221,2024-02,316,6656,0.472
A0221,2024-03,301,4368,0.475
A0221,2024-04,290,3861,0.35
A0221,2024-05,237,4176,0.533
A0221,2024-06,237,3932,0.317
A0222,2024-01,47,701,0.414
A0222,2024-02,67,1423,0.485
A0222,2024-03,63,1465,0.722
A0222,2024-04,61,1304,0.444
A0222,2024-05,79,1958,0.713
A0222,2024-06,90,1905,0.736
A0223,2024-01,234,5083,0.126
A0223,2024-02,242,4945,0.083
A0223,2024-03,198,2414,0.391
A0223,2024-04,180,2949,0.344
A0223,2024-05,175,2790,0.243
A0223,2024-06,156,1315,0.301
A0224,2024-01,329,3514,0.152
A0224,2024-02,283,4745,0.342
A0224,2024-03,275,5032,0.093
A0224,2024-04,244,5410,0.272
A0224,2024-05,241,4773,0.536
A0224,2024-06,237,5183,0.088
A0225,2024-01,398,4528,0.425
A0225,2024-02,324,7368,0.483
A0225,2024-03,337,6399,0.228
A0225,2024-04,294,5352,0.308
A0225,2024-05,282,2867,0.437
A0225,2024-06,280,3468,0.356
A0226,2024-01,255,5163,0.505
A0226,2024-02,246,5832,0.445
A0226,2024-03,224,5295,0.28
A0226,2024-04,208,2507,0.078
A0226,2024-05,202,4125,0.38
A0226,2024-06,161,2413,0.254
A0227,2024-01,301,4215,0.559
A0227,2024-02,326,7483,0.426
A0227,2024-03,322,7394,0.521
A0227,2024-04,318,5459,0.578
A0227,2024-05,334,4292,0.524
A0227,2024-06,329,7935,0.408
A0228,2024-01,402,7679,0.188
A0228,2024-02,388,8144,0.16
A0228,2024-03,382,4676,0.337
A0228,2024-04,318,5019,0.254
A0228,2024-05,333,4797,0.553
A0228,2024-06,300,6097,0.386
A0229,2024-01,25,283,0.239
A0229,2024-02,48,847,0.298
A0229,2024-03,17,168,0.265
A0229,2024-04,1,10,0.269
A0229,2024-05,1,10,0.349
A0229,2024-06,1,18,0.525
A0230,2024-01,356,4860,0.611
A0230,2024-02,310,5642,0.329
A0230,2024-03,297,6790,0.18
A0230,2024-04,281,5907,0.365
A0230,2024-05,262,3343,0.512
A0230,2024-06,264,4928,0.228
A0231,2024-01,222,3537,0.773
A0231,2024-02,215,3510,0.394
A0231,2024-03,216,3255,0.503
A0231,2024-04,226,3801,0.367
A0231,2024-05,235,4511,0.513
A0231,2024-06,239,5507,0.75
A0232,2024-01,160,2475,0.49
A0232,2024-02,179,4273,0.683
A0232,2024-03,172,1501,0.639
A0232,2024-04,194,2169,0.311
A0232,2024-05,205,1712,0.67
A0232,2024-06,219,3011,0.586
A0233,2024-01,81,1935,0.444
A0233,2024-02,79,1195,0.241
A0233,2024-03,58,579,0.202
A0233,2024-04,38,808,0.106
A0233,2024-05,7,75,0.494
A0233,2024-06,1,23,0.387
A0234,2024-01,321,5763,0.252
A0234,2024-02,317,5162,0.476
A0234,2024-03,295,4752,0.208
A0234,2024-04,260,4261,0.303
A0234,2024-05,255,2703,0.403
A0234,2024-06,227,5007,0.0
A0235,2024-01,367,4029,0.613
A0235,2024-02,402,8142,0.412
A0235,2024-03,386,5425,0.673
A0235,2024-04,376,3907,0.69
A0235,2024-05,415,9000,0.709
A0235,2024-06,376,6158,0.6
A0236,2024-01,315,3099,0.411
A0236,2024-02,335,6848,0.666
A0236,2024-03,355,3738,0.392
A0236,2024-04,353,7982,0.278
A0236,2024-05,364,4440,0.705
A0236,2024-06,343,5203,0.627
A0237,2024-01,319,5374,0.457
A0237,2024-02,322,6367,0.0
A0237,2024-03,273,5954,0.293
A0237,2024-04,248,4436,0.143
A0237,2024-05,247,3991,0.397
A0237,2024-06,229,3613,0.358
A0238,2024-01,370,9013,0.293
A0238,2024-02,363,8148,0.634
A0238,2024-03,376,5613,0.441
A0238,2024-04,376,8667,0.764
A0238,2024-05,392,7250,0.585
A0238,2024-06,395,3465,0.478
A0239,2024-01,185,1485,0.419
A0239,2024-02,158,3744,0.382
A0239,2024-03,165,3085,0.387
A0239,2024-04,124,2036,0.341
A0239,2024-05,127,2435,0.223
A0239,2024-06,100,1624,0.432
A0240,2024-01,323,3960,0.591
A0240,2024-02,339,5044,0.494
A0240,2024-03,328,8090,0.467
A0240,2024-04,320,4429,0.497
A0240,2024-05,348,5330,0.772
A0240,2024-06,338,5307,0.436
A0241,2024-01,203,3442,0.594
A0241,2024-02,207,4605,0.499
A0241,2024-03,197,4359,0.611
A0241,2024-04,200,3276,0.515
A0241,2024-05,197,3002,0.671
A0241,2024-06,187,3754,0.603
A0242,2024-01,165,3371,0.326
A0242,2024-02,129,1507,0.472
A0242,2024-03,144,2371,0.321
A0242,2024-04,89,1916,0.331
A0242,2024-05,90,1708,0.364
A0242,2024-06,78,892,0.272
A0243,2024-01,103,1792,0.613
A0243,2024-02,111,1167,0.672
A0243,2024-03,128,1041,0.803
A0243,2024-04,140,1228,0.494
A0243,2024-05,148,1848,0.382
A0243,2024-06,157,2777,0.727
A0244,2024-01,277,5638,0.401
A0244,2024-02,231,4745,0.352
A0244,2024-03,222,2257,0.067
A0244,2024-04,194,4537,0.196
A0244,2024-05,182,2775,0.518
A0244,2024-06,182,4295,0.378
A0245,2024-01,196,4460,0.2
A0245,2024-02,202,3989,0.515
A0245,2024-03,177,3687,0.443
A0245,2024-04,232,5008,0.431
A0245,2024-05,195,4178,0.654
A0245,2024-06,225,4424,0.498
A0246,2024-01,318,6556,0.141
A0246,2024-02,312,6880,0.161
A0246,2024-03,251,5796,0.179
A0246,2024-04,248,5693,0.336
A0246,2024-05,247,4036,0.278
A0246,2024-06,202,4287,0.595
A0247,2024-01,362,3678,0.376
A0247,2024-02,380,8943,0.641
A0247,2024-03,408,4337,0.25
A0247,2024-04,392,3259,0.58
A0247,2024-05,400,6294,0.57
A0247,2024-06,408,3619,0.288
A0248,2024-01,234,5697,0.343
A0248,2024-02,212,4618,0.231
A0248,2024-03,200,1664,0.261
A0248,2024-04,167,2786,0.489
A0248,2024-05,162,2775,0.396
A0248,2024-06,158,1790,0.389
A0249,2024-01,51,418,0.277
A0249,2024-02,16,272,0.402
A0249,2024-03,13,146,0.242
A0249,2024-04,1,17,0.119
A0249,2024-05,1,11,0.498
A0249,2024-06,1,11,0.229
A0250,2024-01,212,2288,0.22
A0250,2024-02,233,5619,1.0
A0250,2024-03,241,4254,0.473
A0250,2024-04,249,2962,0.411
A0250,2024-05,247,3776,0.525
A0250,2024-06,245,2788,0.488
A0251,2024-01,310,2615,0.287
A0251,2024-02,314,4646,0.343
A0251,2024-03,297,2770,0.652
A0251,2024-04,297,3073,0.522
A0251,2024-05,283,2552,0.649
A0251,2024-06,291,2423,0.696
A0252,2024-01,195,3134,0.331
A0252,2024-02,152,2472,0.018
A0252,2024-03,156,1320,0.481
A0252,2024-04,136,2634,0.21
A0252,2024-05,126,2896,0.251
A0252,2024-06,74,1388,0.576
A0253,2024-01,120,1099,0.559
A0253,2024-02,104,1651,0.313
A0253,2024-03,95,2245,0.485
A0253,2024-04,61,679,0.709
A0253,2024-05,57,1216,0.234
A0253,2024-06,30,423,0.483
A0254,2024-01,192,3132,0.578
A0254,2024-02,178,2809,0.262
A0254,2024-03,155,2095,0.278
A0254,2024-04,139,3118,0.437
A0254,2024-05,134,1642,0.0
A0254,2024-06,101,2210,0.259
A0255,2024-01,174,4125,0.474
A0255,2024-02,177,3864,0.655
A0255,2024-03,172,2368,0.424
A0255,2024-04,152,1685,0.636
A0255,2024-05,111,2559,0.344
A0255,2024-06,108,1265,0.389
A0256,2024-01,99,2006,0.429
A0256,2024-02,78,1427,0.405
A0256,2024-03,81,1642,0.963
A0256,2024-04,95,1436,0.379
A0256,2024-05,113,1112,0.403
A0256,2024-06,98,1870,0.431
A0257,2024-01,341,7285,0.5
A0257,2024-02,312,7667,0.484
A0257,2024-03,270,6012,0.243
A0257,2024-04,273,5080,0.27
A0257,2024-05,275,4611,0.407
A0257,2024-06,242,5179,0.579
A0258,2024-01,297,3982,0.262
A0258,2024-02,296,4634,0.433
A0258,2024-03,247,4319,0.546
A0258,2024-04,251,5690,0.152
A0258,2024-05,239,2687,0.509
A0258,2024-06,220,4043,0.425
A0259,2024-01,365,3870,0.752
A0259,2024-02,386,9491,0.556
A0259,2024-03,373,4998,0.616
A0259,2024-04,392,9374,0.752
A0259,2024-05,368,4520,0.435
A0259,2024-06,382,6531,0.694
A0260,2024-01,350,4578,0.147
A0260,2024-02,330,3951,0.346
A0260,2024-03,287,2873,0.423
A0260,2024-04,290,5205,0.352
A0260,2024-05,278,3573,0.248
A0260,2024-06,251,6014,0.6
A0261,2024-01,154,3605,0.476
A0261,2024-02,171,1584,0.398
A0261,2024-03,185,2035,0.924
A0261,2024-04,198,3492,0.32
A0261,2024-05,203,4778,0.75
A0261,2024-06,209,3284,0.397
A0262,2024-01,266,2166,0.35
A0262,2024-02,283,6619,0.769
A0262,2024-03,291,2785,0.774
A0262,2024-04,291,6915,0.458
A0262,2024-05,299,3009,0.598
A0262,2024-06,312,6186,0.467
A0263,2024-01,310,6921,0.403
A0263,2024-02,300,3083,0.428
A0263,2024-03,291,4238,0.182
A0263,2024-04,258,3364,0.37
A0263,2024-05,241,2097,0.443
A0263,2024-06,227,2499,0.482
A0264,2024-01,59,1231,0.39
A0264,2024-02,4,74,0.212
A0264,2024-03,8,154,0.373
A0264,2024-04,1,9,0.454
A0264,2024-05,1,10,0.25
A0264,2024-06,1,12,0.271
A0265,2024-01,171,3040,0.79
A0265,2024-02,169,3682,0.484
A0265,2024-03,155,2884,0.588
A0265,2024-04,187,1830,0.538
A0265,2024-05,172,3596,0.508
A0265,2024-06,189,4414,0.368
A0266,2024-01,139,1502,0.763
A0266,2024-02,139,1522,0.483
A0266,2024-03,135,1867,0.344
A0266,2024-04,137,3382,0.518
A0266,2024-05,141,2388,0.568
A0266,2024-06,161,2470,0.552
A0267,2024-01,68,774,0.811
A0267,2024-02,58,947,0.799
A0267,2024-03,54,635,0.459
A0267,2024-04,58,552,0.463
A0267,2024-05,44,943,0.473
A0267,2024-06,60,1467,0.737
A0268,2024-01,279,6660,0.336
A0268,2024-02,244,3874,0.489
A0268,2024-03,258,5065,0.281
A0268,2024-04,192,4201,0.445
A0268,2024-05,201,1855,0.0
A0268,2024-06,184,3600,0.241
A0269,2024-01,271,4714,0.378
A0269,2024-02,276,4141,0.57
A0269,2024-03,232,2742,0.119
A0269,2024-04,209,4875,0.203
A0269,2024-05,194,2347,0.015
A0269,2024-06,203,4802,0.481
A0270,2024-01,295,5113,0.279
A0270,2024-02,276,6300,0.256
A0270,2024-03,260,3575,0.523
A0270,2024-04,246,4104,0.339
A0270,2024-05,203,4376,0.23
A0270,2024-06,209,3170,0.46
A0271,2024-01,243,2489,0.441
A0271,2024-02,269,3418,0.535
A0271,2024-03,277,6193,0.695
A0271,2024-04,259,3823,0.536
A0271,2024-05,292,5912,0.32
A0271,2024-06,298,5078,0.536
A0272,2024-01,81,1027,0.386
A0272,2024-02,38,405,0.201
A0272,2024-03,26,462,0.327
A0272,2024-04,29,492,0.284
A0272,2024-05,1,14,0.36
A0272,2024-06,1,19,0.366
A0273,2024-01,215,4705,0.527
A0273,2024-02,161,1920,0.104
A0273,2024-03,158,1711,0.443
A0273,2024-04,151,2764,0.231
A0273,2024-05,132,2241,0.269
A0273,2024-06,95,1974,0.333
A0274,2024-01,249,5600,0.594
A0274,2024-02,270,4138,0.619
A0274,2024-03,292,2993,0.398
A0274,2024-04,284,2478,0.534
A0274,2024-05,287,6412,0.473
A0274,2024-06,295,3815,0.696
A0275,2024-01,106,1484,0.546
A0275,2024-02,111,1130,0.752
A0275,2024-03,101,1237,0.53
A0275,2024-04,73,1380,0.585
A0275,2024-05,106,2412,0.592
A0275,2024-06,116,2519,0.631
A0276,2024-01,99,1267,0.617
A0276,2024-02,89,1777,0.399
A0276,2024-03,96,1542,0.516
A0276,2024-04,120,2795,0.542
A0276,2024-05,103,2284,0.253
A0276,2024-06,115,1158,0.622
A0277,2024-01,299,5918,0.344
A0277,2024-02,287,5245,0.271
A0277,2024-03,270,4134,0.49
A0277,2024-04,228,3131,0.438
A0277,2024-05,220,2088,0.105
A0277,2024-06,210,4377,0.422
A0278,2024-01,333,5094,0.701
A0278,2024-02,332,7132,0.623
A0278,2024-03,358,6691,0.291
A0278,2024-04,346,5018,0.628
A0278,2024-05,334,6323,0.68
A0278,2024-06,357,6508,0.836
A0279,2024-01,265,3035,0.316
A0279,2024-02,232,4829,0.377
A0279,2024-03,207,3201,0.297
A0279,2024-04,192,4047,0.014
A0279,2024-05,179,3818,0.07
A0279,2024-06,156,2028,0.541
A0280,2024-01,158,2845,0.543
A0280,2024-02,161,2701,0.606
A0280,2024-03,134,1782,0.544
A0280,2024-04,115,1689,0.373
A0280,2024-05,137,2225,0.622
A0280,2024-06,135,2491,0.476
A0281,2024-01,183,2594,0.843
A0281,2024-02,194,2004,0.439
A0281,2024-03,197,3656,0.588
A0281,2024-04,208,1678,0.396
A0281,2024-05,187,4262,0.583
A0281,2024-06,211,1758,0.504
A0282,2024-01,342,4828,0.18
A0282,2024-02,331,5440,0.293
A0282,2024-03,298,4362,0.459
A0282,2024-04,286,6771,0.244
A0282,2024-05,264,5609,0.345
A0282,2024-06,246,4592,0.345
A0283,2024-01,255,6017,0.369
A0283,2024-02,199,3755,0.185
A0283,2024-03,194,4407,0.387
A0283,2024-04,202,3232,0.497
A0283,2024-05,167,3039,0.477
A0283,2024-06,152,1570,0.329
A0284,2024-01,130,1962,0.611
A0284,2024-02,98,1116,0.295
A0284,2024-03,110,1424,0.412
A0284,2024-04,75,898,0.611
A0284,2024-05,47,684,0.192
A0284,2024-06,25,371,0.261
A0285,2024-01,366,7674,0.531
A0285,2024-02,357,3821,0.62
A0285,2024-03,377,7347,0.615
A0285,2024-04,381,7911,0.674
A0285,2024-05,386,6500,0.723
A0285,2024-06,389,6745,0.388
A0286,2024-01,167,2830,0.614
A0286,2024-02,197,3547,0.384
A0286,2024-03,201,2111,0.632
A0286,2024-04,196,2573,0.711
A0286,2024-05,183,3256,0.748
A0286,2024-06,201,3055,0.932
A0287,2024-01,90,1424,0.744
A0287,2024-02,86,1765,0.724
A0287,2024-03,104,2003,0.499
A0287,2024-04,68,1121,0.507
A0287,2024-05,101,1131,0.514
A0287,2024-06,99,1454,0.732
A0288,2024-01,289,6838,0.383
A0288,2024-02,244,2246,0.377
A0288,2024-03,257,6311,0.579
A0288,2024-04,215,4158,0.167
A0288,2024-05,199,3159,0.389
A0288,2024-06,159,2303,0.514
A0289,2024-01,86,2090,0.425
A0289,2024-02,102,2438,0.665
A0289,2024-03,65,641,0.116
A0289,2024-04,57,837,0.572
A0289,2024-05,15,187,0.351
A0289,2024-06,10,126,0.296
A0290,2024-01,216,5123,0.588
A0290,2024-02,236,4159,0.278
A0290,2024-03,241,5355,0.493
A0290,2024-04,228,3553,0.331
A0290,2024-05,236,3325,0.549
A0290,2024-06,256,3839,0.685
A0291,2024-01,192,3697,0.465
A0291,2024-02,193,3044,0.222
A0291,2024-03,190,1802,0.356
A0291,2024-04,161,2682,0.594
A0291,2024-05,151,2787,0.392
A0291,2024-06,120,1342,0.359
A0292,2024-01,383,7214,0.841
A0292,2024-02,388,7871,0.413
A0292,2024-03,388,8950,0.794
A0292,2024-04,395,4765,0.517
A0292,2024-05,395,8088,0.695
A0292,2024-06,377,4464,0.639
A0293,2024-01,184,2566,0.37
A0293,2024-02,171,2220,0.45
A0293,2024-03,182,3530,0.496
A0293,2024-04,191,4518,0.534
A0293,2024-05,187,2998,0.665
A0293,2024-06,222,2958,0.6
A0294,2024-01,198,2769,0.008
A0294,2024-02,179,1668,0.179
A0294,2024-03,171,3664,0.132
A0294,2024-04,149,3627,0.412
A0294,2024-05,138,1458,0.361
A0294,2024-06,115,1387,0.345
A0295,2024-01,294,5717,0.452
A0295,2024-02,285,5525,0.268
A0295,2024-03,242,3378,0.121
A0295,2024-04,236,3222,0.189
A0295,2024-05,209,2066,0.483
A0295,2024-06,193,2651,0.496
A0296,2024-01,384,5495,0.439
A0296,2024-02,410,7704,0.517
A0296,2024-03,395,9528,0.445
A0296,2024-04,395,8631,0.323
A0296,2024-05,419,4187,0.513
A0296,2024-06,395,6038,0.745
A0297,2024-01,364,3393,0.601
A0297,2024-02,392,3567,0.463
A0297,2024-03,372,6640,0.479
A0297,2024-04,387,7252,0.716
A0297,2024-05,377,5008,0.358
A0297,2024-06,404,6636,0.534
A0298,2024-01,125,1955,0.44
A0298,2024-02,136,2004,0.684
A0298,2024-03,120,2051,0.665
A0298,2024-04,122,2870,0.338
A0298,2024-05,130,3041,0.459
A0298,2024-06,132,1444,0.59
A0299,2024-01,123,2067,0.848
A0299,2024-02,116,2329,0.537
A0299,2024-03,136,1207,0.503
A0299,2024-04,144,2447,0.454
A0299,2024-05,158,2183,0.485
A0299,2024-06,162,1419,0.546
A0300,2024-01,45,881,0.639
A0300,2024-02,46,819,0.438
A0300,2024-03,34,745,0.228
A0300,2024-04,69,1584,0.336
A0300,2024-05,39,794,0.607
A0300,2024-06,35,823,0.504
A0301,2024-01,66,927,0.455
A0301,2024-02,60,980,0.574
A0301,2024-03,53,450,0.487
A0301,2024-04,68,689,0.626
A0301,2024-05,65,760,0.579
A0301,2024-06,57,477,0.507
A0302,2024-01,302,7071,0.561
A0302,2024-02,280,3141,0.509
A0302,2024-03,276,4673,0.579
A0302,2024-04,290,2356,0.539
A0302,2024-05,305,6832,0.353
A0302,2024-06,336,7705,0.637
A0303,2024-01,113,1092,0.271
A0303,2024-02,128,1817,0.222
A0303,2024-03,100,1175,0.416
A0303,2024-04,68,1379,0.431
A0303,2024-05,79,847,0.178
A0303,2024-06,39,495,0.315
A0304,2024-01,221,4171,0.057
A0304,2024-02,184,2111,0.238
A0304,2024-03,176,2248,0.099
A0304,2024-04,166,1685,0.404
A0304,2024-05,147,1431,0.539
A0304,2024-06,118,1076,0.216
A0305,2024-01,150,3321,0.708
A0305,2024-02,118,1341,0.544
A0305,2024-03,112,1607,0.541
A0305,2024-04,158,3334,0.108
A0305,2024-05,135,2424,0.443
A0305,2024-06,125,1271,0.73
A0306,2024-01,198,4468,0.316
A0306,2024-02,143,2647,0.148
A0306,2024-03,141,1225,0.359
A0306,2024-04,134,3217,0.43
A0306,2024-05,105,1130,0.685
A0306,2024-06,72,1748,0.625
A0307,2024-01,127,1819,0.128
A0307,2024-02,106,979,0.341
A0307,2024-03,75,1521,0.333
A0307,2024-04,55,1126,0.299
A0307,2024-05,30,441,0.368
A0307,2024-06,30,668,0.386
A0308,2024-01,248,2634,0.332
A0308,2024-02,241,5102,0.428
A0308,2024-03,227,1908,0.23
A0308,2024-04,198,1776,0.286
A0308,2024-05,172,3416,0.209
A0308,2024-06,170,4096,0.35
A0309,2024-01,89,2163,0.668
A0309,2024-02,60,1221,0.351
A0309,2024-03,75,1009,0.618
A0309,2024-04,90,1161,0.75
A0309,2024-05,90,1779,0.735
A0309,2024-06,95,1326,0.636
A0310,2024-01,78,791,0.458
A0310,2024-02,60,1324,0.0
A0310,2024-03,45,941,0.329
A0310,2024-04,17,200,0.274
A0310,2024-05,12,275,0.425
A0310,2024-06,9,74,0.476
A0311,2024-01,127,1598,0.307
A0311,2024-02,122,2290,0.231
A0311,2024-03,94,1328,0.322
A0311,2024-04,79,1635,0.552
A0311,2024-05,48,1005,0.383
A0311,2024-06,40,945,0.297
A0312,2024-01,169,3124,0.674
A0312,2024-02,187,4223,0.473
A0312,2024-03,185,1895,0.62
A0312,2024-04,184,2563,0.45
A0312,2024-05,227,3061,0.675
A0312,2024-06,189,2215,0.641
A0313,2024-01,129,1359,0.473
A0313,2024-02,140,2510,0.482
A0313,2024-03,122,2940,0.292
A0313,2024-04,126,2318,0.503
A0313,2024-05,143,2202,0.441
A0313,2024-06,144,3329,0.754
A0314,2024-01,114,2767,0.281
A0314,2024-02,129,1117,0.136
A0314,2024-03,115,1501,0.405
A0314,2024-04,89,974,0.2
A0314,2024-05,70,1023,0.394
A0314,2024-06,56,1232,0.394
A0315,2024-01,371,5426,0.279
A0315,2024-02,380,4775,0.653
A0315,2024-03,366,8318,0.208
A0315,2024-04,364,4861,0.745
A0315,2024-05,383,7095,0.432
A0315,2024-06,400,5673,0.865
A0316,2024-01,379,8250,0.299
A0316,2024-02,340,4703,0.252
A0316,2024-03,304,5105,0.234
A0316,2024-04,315,7610,0.364
A0316,2024-05,293,6332,0.381
A0316,2024-06,268,3011,0.503
A0317,2024-01,329,5732,0.639
A0317,2024-02,315,6550,0.519
A0317,2024-03,308,2692,0.507
A0317,2024-04,311,2871,0.356
A0317,2024-05,327,7024,0.443
A0317,2024-06,351,7339,0.507
A0318,2024-01,114,1634,0.694
A0318,2024-02,132,1292,0.502
A0318,2024-03,139,2382,0.695
A0318,2024-04,130,2155,0.652
A0318,2024-05,153,1764,0.663
A0318,2024-06,132,2126,0.438
A0319,2024-01,247,3267,0.358
A0319,2024-02,229,1984,0.108
A0319,2024-03,209,3059,0.145
A0319,2024-04,176,1869,0.351
A0319,2024-05,175,4129,0.26
A0319,2024-06,152,1935,0.537
A0320,2024-01,336,7416,0.728
A0320,2024-02,326,6723,0.362
A0320,2024-03,336,7784,0.557
A0320,2024-04,321,2954,0.788
A0320,2024-05,319,3296,0.678
A0320,2024-06,326,7188,0.486
A0321,2024-01,255,4256,0.35
A0321,2024-02,257,6236,0.248
A0321,2024-03,237,4852,0.444
A0321,2024-04,235,3692,0.428
A0321,2024-05,203,1996,0.536
A0321,2024-06,164,2533,0.39
A0322,2024-01,212,2942,0.295
A0322,2024-02,198,3766,0.457
A0322,2024-03,190,1540,0.19
A0322,2024-04,183,3579,0.137
A0322,2024-05,152,3381,0.426
A0322,2024-06,145,3019,0.331
A0323,2024-01,143,2208,0.255
A0323,2024-02,120,1756,0.659
A0323,2024-03,98,812,0.42
A0323,2024-04,101,1434,0.551
A0323,2024-05,65,1201,0.404
A0323,2024-06,34,569,0.55
A0324,2024-01,189,1658,0.518
A0324,2024-02,175,3567,0.367
A0324,2024-03,194,3780,0.548
A0324,2024-04,183,2233,0.628
A0324,2024-05,194,1884,0.608
A0324,2024-06,199,4706,0.52
A0325,2024-01,291,2770,0.226
A0325,2024-02,269,4783,0.457
A0325,2024-03,251,6195,0.266
A0325,2024-04,237,3344,0.41
A0325,2024-05,225,4185,0.523
A0325,2024-06,181,1930,0.31
A0326,2024-01,313,4183,0.163
A0326,2024-02,299,3223,0.303
A0326,2024-03,274,6769,0.421
A0326,2024-04,253,3644,0.115
A0326,2024-05,268,6110,0.342
A0326,2024-06,224,2743,0.322
A0327,2024-01,391,4048,0.556
A0327,2024-02,390,4454,0.376
A0327,2024-03,347,3337,0.359
A0327,2024-04,328,4194,0.471
A0327,2024-05,331,3805,0.07
A0327,2024-06,322,3190,0.327
A0328,2024-01,153,3777,0.185
A0328,2024-02,134,1613,0.184
A0328,2024-03,117,2298,0.444
A0328,2024-04,84,680,0.337
A0328,2024-05,90,1905,0.26
A0328,2024-06,63,1026,0.461
A0329,2024-01,349,3226,0.417
A0329,2024-02,361,5092,0.573
A0329,2024-03,354,6428,0.814
A0329,2024-04,378,4477,0.51
A0329,2024-05,385,5990,0.347
A0329,2024-06,413,6686,0.595
A0330,2024-01,361,8304,0.571
A0330,2024-02,371,2969,0.54
A0330,2024-03,352,8549,0.63
A0330,2024-04,372,8044,0.399
A0330,2024-05,383,3964,0.643
A0330,2024-06,358,4894,0.685
A0331,2024-01,367,6821,0.802
A0331,2024-02,363,4785,0.386
A0331,2024-03,369,4788,0.622
A0331,2024-04,357,3453,0.626
A0331,2024-05,353,2842,0.907
A0331,2024-06,366,4029,0.958
A0332,2024-01,345,6694,0.282
A0332,2024-02,301,4819,0.16
A0332,2024-03,318,5257,0.369
A0332,2024-04,289,3962,0.531
A0332,2024-05,271,4772,0.489
A0332,2024-06,242,2919,0.425
A0333,2024-01,259,2206,0.288
A0333,2024-02,255,2934,0.311
A0333,2024-03,216,4848,0.489
A0333,2024-04,196,3741,0.467
A0333,2024-05,186,3374,0.339
A0333,2024-06,186,2387,0.214
A0334,2024-01,330,3885,0.335
A0334,2024-02,288,6526,0.1
A0334,2024-03,282,6464,0.544
A0334,2024-04,277,3182,0.375
A0334,2024-05,236,3939,0.443
A0334,2024-06,221,1816,0.494
A0335,2024-01,160,2386,0.184
A0335,2024-02,158,1806,0.37
A0335,2024-03,122,1540,0.466
A0335,2024-04,113,2546,0.386
A0335,2024-05,106,2585,0.341
A0335,2024-06,47,579,0.584
A0336,2024-01,103,838,0.491
A0336,2024-02,80,1485,0.393
A0336,2024-03,56,1128,0.238
A0336,2024-04,26,466,0.489
A0336,2024-05,53,1040,0.452
A0336,2024-06,17,291,0.427
A0337,2024-01,280,3669,0.544
A0337,2024-02,260,5186,0.439
A0337,2024-03,252,4899,0.498
A0337,2024-04,245,2758,0.542
A0337,2024-05,230,1900,0.26
A0337,2024-06,203,3899,0.303
A0338,2024-01,395,9377,0.005
A0338,2024-02,374,7658,0.181
A0338,2024-03,349,6971,0.599
A0338,2024-04,345,7089,0.401
A0338,2024-05,341,4574,0.348
A0338,2024-06,302,3955,0.614
A0339,2024-01,305,3294,0.448
A0339,2024-02,294,6181,0.434
A0339,2024-03,271,6462,0.402
A0339,2024-04,276,3009,0.373
A0339,2024-05,246,4022,0.428
A0339,2024-06,227,2979,0.288
A0340,2024-01,413,3750,0.529
A0340,2024-02,377,5131,0.482
A0340,2024-03,392,6224,0.594
A0340,2024-04,381,9183,0.412
A0340,2024-05,378,3729,0.754
A0340,2024-06,407,6545,0.593
A0341,2024-01,222,2087,0.612
A0341,2024-02,246,6059,0.343
A0341,2024-03,244,3846,0.708
A0341,2024-04,218,3809,0.458
A0341,2024-05,244,5282,0.609
A0341,2024-06,260,4658,0.524
A0342,2024-01,123,1556,0.5
A0342,2024-02,137,1517,0.432
A0342,2024-03,113,1020,0.71
A0342,2024-04,143,1499,0.592
A0342,2024-05,139,2004,0.684
A0342,2024-06,161,1860,0.74
A0343,2024-01,246,4126,0.64
A0343,2024-02,240,2194,0.221
A0343,2024-03,217,3807,0.352
A0343,2024-04,194,3698,0.529
A0343,2024-05,190,2028,0.416
A0343,2024-06,150,1259,0.51
A0344,2024-01,232,5007,0.558
A0344,2024-02,238,5796,0.555
A0344,2024-03,237,1952,0.714
A0344,2024-04,228,1939,0.304
A0344,2024-05,228,3921,0.664
A0344,2024-06,216,3401,0.404
A0345,2024-01,49,885,0.364
A0345,2024-02,46,659,0.41
A0345,2024-03,13,198,0.642
A0345,2024-04,10,172,0.111
A0345,2024-05,1,21,0.248
A0345,2024-06,1,20,0.256
A0346,2024-01,234,4256,0.455
A0346,2024-02,237,3658,0.633
A0346,2024-03,239,3914,0.627
A0346,2024-04,235,1926,0.606
A0346,2024-05,269,4283,0.412
A0346,2024-06,244,2067,0.586
A0347,2024-01,348,8602,0.165
A0347,2024-02,318,2955,0.318
A0347,2024-03,320,5401,0.358
A0347,2024-04,321,3696,0.252
A0347,2024-05,284,6318,0.412
A0347,2024-06,280,6967,0.02
A0348,2024-01,83,1278,0.558
A0348,2024-02,75,1379,0.553
A0348,2024-03,57,604,0.338
A0348,2024-04,44,702,0.417
A0348,2024-05,22,366,0.447
A0348,2024-06,1,12,0.229
A0349,2024-01,45,1039,0.473
A0349,2024-02,48,1003,0.665
A0349,2024-03,63,1437,0.622
A0349,2024-04,75,1545,0.766
A0349,2024-05,51,1268,0.588
A0349,2024-06,49,612,0.838
A0350,2024-01,79,1195,0.291
A0350,2024-02,65,1381,0.575
A0350,2024-03,69,1074,0.713
A0350,2024-04,95,1790,0.636
A0350,2024-05,109,1772,0.414
A0350,2024-06,105,2173,0.77
A0351,2024-01,237,1989,0.52
A0351,2024-02,225,2205,0.557
A0351,2024-03,229,1932,0.538
A0351,2024-04,190,1894,0.386
A0351,2024-05,192,3317,0.425
A0351,2024-06,167,2950,0.206
A0352,2024-01,114,2161,0.746
A0352,2024-02,121,2392,0.381
A0352,2024-03,125,2350,0.831
A0352,2024-04,128,1775,0.34
A0352,2024-05,147,3308,0.728
A0352,2024-06,137,1415,0.595
A0353,2024-01,352,6476,0.552
A0353,2024-02,320,6814,0.195
A0353,2024-03,308,3646,0.797
A0353,2024-04,296,5906,0.283
A0353,2024-05,260,4538,0.454
A0353,2024-06,258,3624,0.4
A0354,2024-01,139,2938,0.381
A0354,2024-02,124,1360,0.442
A0354,2024-03,121,1249,0.514
A0354,2024-04,93,2012,0.566
A0354,2024-05,65,1592,0.22
A0354,2024-06,65,1615,0.251
A0355,2024-01,123,1532,0.223
A0355,2024-02,128,2132,0.15
A0355,2024-03,116,1733,0.47
A0355,2024-04,88,1340,0.496
A0355,2024-05,51,716,0.345
A0355,2024-06,32,533,0.29
A0356,2024-01,57,1284,0.446
A0356,2024-02,57,802,0.319
A0356,2024-03,20,492,0.208
A0356,2024-04,21,192,0.485
A0356,2024-05,1,12,0.155
A0356,2024-06,1,10,0.134
A0357,2024-01,148,1244,0.5
A0357,2024-02,118,978,0.55
A0357,2024-03,89,1043,0.162
A0357,2024-04,58,1015,0.433
A0357,2024-05,53,1088,0.635
A0357,2024-06,42,488,0.333
A0358,2024-01,66,1300,0.171
A0358,2024-02,20,336,0.005
A0358,2024-03,25,432,0.242
A0358,2024-04,1,18,0.226
A0358,2024-05,1,11,0.334
A0358,2024-06,1,22,0.595
A0359,2024-01,219,5060,0.509
A0359,2024-02,228,5364,0.475
A0359,2024-03,224,3870,0.474
A0359,2024-04,232,3973,0.775
A0359,2024-05,263,5105,0.594
A0359,2024-06,244,2018,0.401
A0360,2024-01,90,1923,0.568
A0360,2024-02,73,1055,0.204
A0360,2024-03,40,377,0.452
A0360,2024-04,25,552,0.326
A0360,2024-05,22,234,0.64
A0360,2024-06,1,23,0.323
A0361,2024-01,340,5180,0.47
A0361,2024-02,348,4301,0.558
A0361,2024-03,353,8715,0.649
A0361,2024-04,377,5638,0.668
A0361,2024-05,345,5965,0.872
A0361,2024-06,339,4683,0.444
A0362,2024-01,378,3856,0.243
A0362,2024-02,409,7481,0.531
A0362,2024-03,397,5097,0.603
A0362,2024-04,421,7643,0.48
A0362,2024-05,419,8497,0.674
A0362,2024-06,424,6213,0.545
A0363,2024-01,238,2509,0.484
A0363,2024-02,245,6109,0.53
A0363,2024-03,250,4452,0.578
A0363,2024-04,264,2413,0.214
A0363,2024-05,221,4210,0.429
A0363,2024-06,238,5012,0.725
A0364,2024-01,161,2413,0.401
A0364,2024-02,147,3352,0.362
A0364,2024-03,125,2952,0.458
A0364,2024-04,112,943,0.553
A0364,2024-05,105,2243,0.672
A0364,2024-06,66,1156,0.348
A0365,2024-01,114,1979,0.402
A0365,2024-02,125,2182,0.356
A0365,2024-03,109,966,0.254
A0365,2024-04,100,2225,0.274
A0365,2024-05,92,1217,0.251
A0365,2024-06,38,760,0.371
A0366,2024-01,188,3581,0.164
A0366,2024-02,162,2913,0.46
A0366,2024-03,162,1996,0.416
A0366,2024-04,145,1831,0.559
A0366,2024-05,104,1958,0.28
A0366,2024-06,106,1870,0.567
A0367,2024-01,232,3599,0.649
A0367,2024-02,250,3319,0.25
A0367,2024-03,221,1891,0.781
A0367,2024-04,233,4409,0.498
A0367,2024-05,277,3961,0.614
A0367,2024-06,270,4135,0.358
A0368,2024-01,385,5852,0.562
A0368,2024-02,401,9719,0.286
A0368,2024-03,362,4411,0.73
A0368,2024-04,392,8381,0.684
A0368,2024-05,399,5984,0.693
A0368,2024-06,385,8906,0.58
A0369,2024-01,227,2670,0.216
A0369,2024-02,223,3887,0.342
A0369,2024-03,208,2326,0.219
A0369,2024-04,189,1768,0.611
A0369,2024-05,169,1611,0.401
A0369,2024-06,135,3145,0.316
A0370,2024-01,277,4676,0.485
A0370,2024-02,246,5301,0.454
A0370,2024-03,245,3009,0.544
A0370,2024-04,259,5137,0.491
A0370,2024-05,263,5305,0.591
A0370,2024-06,301,4741,0.841
A0371,2024-01,71,797,0.619
A0371,2024-02,72,725,0.623
A0371,2024-03,62,1030,0.681
A0371,2024-04,94,2220,0.437
A0371,2024-05,102,1563,0.902
A0371,2024-06,104,1114,0.687
A0372,2024-01,351,6149,0.73
A0372,2024-02,332,8008,0.391
A0372,2024-03,334,3341,0.591
A0372,2024-04,337,7204,0.536
A0372,2024-05,320,3187,0.499
A0372,2024-06,326,7909,0.567
A0373,2024-01,76,769,0.752
A0373,2024-02,82,836,0.678
A0373,2024-03,78,1168,0.573
A0373,2024-04,85,1483,0.379
A0373,2024-05,89,1043,0.386
A0373,2024-06,81,697,0.683
A0374,2024-01,138,3420,0.795
A0374,2024-02,147,1813,0.564
A0374,2024-03,140,2842,0.419
A0374,2024-04,137,1415,0.291
A0374,2024-05,148,1344,0.455
A0374,2024-06,149,3313,0.554
A0375,2024-01,270,5688,0.338
A0375,2024-02,246,4104,0.554
A0375,2024-03,226,4129,0.255
A0375,2024-04,218,5252,0.306
A0375,2024-05,213,2754,0.319
A0375,2024-06,195,2957,0.265
A0376,2024-01,341,3579,0.331
A0376,2024-02,310,2841,0.386
A0376,2024-03,285,2713,0.577
A0376,2024-04,269,3963,0.553
A0376,2024-05,266,4540,0.198
A0376,2024-06,264,5795,0.267
A0377,2024-01,337,7465,0.518
A0377,2024-02,346,7044,0.464
A0377,2024-03,333,6307,0.353
A0377,2024-04,368,7106,0.445
A0377,2024-05,348,2984,0.316
A0377,2024-06,374,3293,0.61
A0378,2024-01,213,2239,0.519
A0378,2024-02,200,3499,0.398
A0378,2024-03,159,2794,0.542
A0378,2024-04,155,2046,0.261
A0378,2024-05,149,1881,0.23
A0378,2024-06,105,1405,0.183
A0379,2024-01,276,2601,0.24
A0379,2024-02,211,3333,0.365
A0379,2024-03,214,4423,0.066
A0379,2024-04,172,2602,0.768
A0379,2024-05,180,3024,0.166
A0379,2024-06,126,1817,0.335
A0380,2024-01,315,6996,0.203
A0380,2024-02,318,6342,0.309
A0380,2024-03,283,6231,0.222
A0380,2024-04,277,5331,0.326
A0380,2024-05,267,2697,0.458
A0380,2024-06,241,5705,0.332
A0381,2024-01,216,3186,0.573
A0381,2024-02,225,3299,0.234
A0381,2024-03,220,4053,0.661
A0381,2024-04,215,3421,0.408
A0381,2024-05,209,2625,0.328
A0381,2024-06,229,3649,0.715
A0382,2024-01,283,3651,0.398
A0382,2024-02,263,2303,0.46
A0382,2024-03,238,2502,0.0
A0382,2024-04,208,2090,0.287
A0382,2024-05,203,2503,0.291
A0382,2024-06,184,3350,0.055
A0383,2024-01,288,5540,0.603
A0383,2024-02,273,5093,0.564
A0383,2024-03,268,4174,0.665
A0383,2024-04,291,4180,0.467
A0383,2024-05,261,5607,0.524
A0383,2024-06,268,5369,0.328
A0384,2024-01,182,1636,0.334
A0384,2024-02,195,3210,0.507
A0384,2024-03,201,4686,0.18
A0384,2024-04,161,3099,0.103
A0384,2024-05,169,2506,0.425
A0384,2024-06,113,1983,0.064
A0385,2024-01,80,1710,0.36
A0385,2024-02,70,751,0.319
A0385,2024-03,45,411,0.415
A0385,2024-04,62,997,0.083
A0385,2024-05,9,102,0.542
A0385,2024-06,1,11,0.0
A0386,2024-01,259,4596,0.586
A0386,2024-02,245,2072,0.332
A0386,2024-03,247,4176,0.718
A0386,2024-04,261,2438,0.546
A0386,2024-05,265,6019,0.44
A0386,2024-06,259,5981,0.548
A0387,2024-01,286,6913,0.256
A0387,2024-02,232,4025,0.215
A0387,2024-03,245,5265,0.195
A0387,2024-04,208,4685,0.37
A0387,2024-05,198,4274,0.425
A0387,2024-06,188,2534,0.256
A0388,2024-01,206,4248,0.471
A0388,2024-02,188,2981,0.347
A0388,2024-03,173,3583,0.155
A0388,2024-04,176,4253,0.374
A0388,2024-05,143,1307,0.236
A0388,2024-06,118,2825,0.644
A0389,2024-01,341,5299,0.53
A0389,2024-02,334,4024,0.565
A0389,2024-03,315,6517,0.776
A0389,2024-04,304,2808,0.515
A0389,2024-05,340,8495,0.603
A0389,2024-06,343,6971,0.569
A0390,2024-01,144,3185,0.384
A0390,2024-02,147,1850,0.606
A0390,2024-03,129,1224,0.258
A0390,2024-04,118,1752,0.12
A0390,2024-05,96,1733,0.416
A0390,2024-06,63,1090,0.268
A0391,2024-01,311,5025,0.557
A0391,2024-02,314,3536,0.738
A0391,2024-03,285,4108,0.631
A0391,2024-04,303,2995,0.42
A0391,2024-05,302,5192,0.34
A0391,2024-06,293,4902,0.577
A0392,2024-01,237,5189,0.288
A0392,2024-02,225,4744,0.291
A0392,2024-03,178,2942,0.402
A0392,2024-04,154,3149,0.137
A0392,2024-05,169,1665,0.338
A0392,2024-06,150,1974,0.284
A0393,2024-01,60,1346,0.722
A0393,2024-02,74,1066,0.253
A0393,2024-03,73,657,0.368
A0393,2024-04,82,732,0.479
A0393,2024-05,100,1060,0.476
A0393,2024-06,91,1674,0.513
A0394,2024-01,238,3903,0.438
A0394,2024-02,200,4179,0.506
A0394,2024-03,219,3076,0.341
A0394,2024-04,199,4249,0.138
A0394,2024-05,171,4183,0.355
A0394,2024-06,179,3282,0.276
A0395,2024-01,67,949,0.536
A0395,2024-02,79,636,0.423
A0395,2024-03,26,301,0.344
A0395,2024-04,2,46,0.068
A0395,2024-05,1,12,0.406
A0395,2024-06,1,16,0.585
A0396,2024-01,179,3625,0.331
A0396,2024-02,142,1448,0.253
A0396,2024-03,117,1315,0.416
A0396,2024-04,99,2358,0.236
A0396,2024-05,86,1876,0.221
A0396,2024-06,81,1568,0.371
A0397,2024-01,349,4256,0.187
A0397,2024-02,318,5424,0.555
A0397,2024-03,304,4840,0.244
A0397,2024-04,279,6601,0.227
A0397,2024-05,281,4610,0.274
A0397,2024-06,263,6209,0.511
A0398,2024-01,314,3751,0.61
A0398,2024-02,301,6650,0.728
A0398,2024-03,303,5820,0.808
A0398,2024-04,302,3623,0.589
A0398,2024-05,329,6426,0.422
A0398,2024-06,319,7908,0.567
A0399,2024-01,76,892,0.546
A0399,2024-02,62,1313,0.424
A0399,2024-03,77,840,0.473
A0399,2024-04,84,995,0.599
A0399,2024-05,97,1998,0.462
A0399,2024-06,87,1164,0.328
A0400,2024-01,55,1139,0.576
A0400,2024-02,38,344,0.491
A0400,2024-03,58,1276,0.502
A0400,2024-04,73,909,0.626
A0400,2024-05,91,1295,0.48
A0400,2024-06,100,1333,0.439
A0401,2024-01,289,4032,0.484
A0401,2024-02,258,2288,0.515
A0401,2024-03,231,5258,0.324
A0401,2024-04,224,3974,0.376
A0401,2024-05,219,5431,0.284
A0401,2024-06,191,4288,0.465
A0402,2024-01,250,5315,0.029
A0402,2024-02,236,5228,0.397
A0402,2024-03,203,1638,0.184
A0402,2024-04,160,1452,0.474
A0402,2024-05,148,1449,0.413
A0402,2024-06,135,2002,0.362
A0403,2024-01,236,3301,0.359
A0403,2024-02,241,2699,0.569
A0403,2024-03,251,4182,0.687
A0403,2024-04,256,2183,0.61
A0403,2024-05,264,3328,0.3
A0403,2024-06,245,5736,0.537
A0404,2024-01,206,2130,0.549
A0404,2024-02,181,2487,0.531
A0404,2024-03,197,3285,0.798
A0404,2024-04,202,3825,0.672
A0404,2024-05,209,1828,0.358
A0404,2024-06,202,2966,0.515
A0405,2024-01,101,1488,0.244
A0405,2024-02,75,1415,0.197
A0405,2024-03,56,969,0.346
A0405,2024-04,40,901,0.198
A0405,2024-05,26,305,0.435
A0405,2024-06,1,11,0.236
A0406,2024-01,289,3328,0.597
A0406,2024-02,262,4218,0.594
A0406,2024-03,290,5786,0.446
A0406,2024-04,315,6674,0.467
A0406,2024-05,287,6236,0.639
A0406,2024-06,296,4762,0.68
A0407,2024-01,313,7080,0.47
A0407,2024-02,270,2758,0.301
A0407,2024-03,249,3527,0.58
A0407,2024-04,248,2440,0.483
A0407,2024-05,215,4105,0.424
A0407,2024-06,176,2907,0.362
A0408,2024-01,25,319,0.509
A0408,2024-02,29,304,0.753
A0408,2024-03,1,8,0.386
A0408,2024-04,12,204,0.44
A0408,2024-05,1,24,0.22
A0408,2024-06,1,13,0.385
A0409,2024-01,249,4565,0.156
A0409,2024-02,185,4224,0.335
A0409,2024-03,208,1721,0.503
A0409,2024-04,177,3372,0.39
A0409,2024-05,165,4045,0.106
A0409,2024-06,142,2372,0.357
A0410,2024-01,217,4531,0.916
A0410,2024-02,205,2721,0.633
A0410,2024-03,200,3287,0.375
A0410,2024-04,177,2500,0.675
A0410,2024-05,202,5025,0.629
A0410,2024-06,181,3805,0.748
A0411,2024-01,218,2619,0.434
A0411,2024-02,238,4241,0.404
A0411,2024-03,187,1971,0.438
A0411,2024-04,177,4138,0.521
A0411,2024-05,160,1545,0.564
A0411,2024-06,154,3669,0.246
A0412,2024-01,246,5119,0.39
A0412,2024-02,246,5359,0.57
A0412,2024-03,257,4588,0.416
A0412,2024-04,265,3028,0.578
A0412,2024-05,254,3287,0.508
A0412,2024-06,283,4578,0.648
A0413,2024-01,264,2389,0.491
A0413,2024-02,303,7090,0.569
A0413,2024-03,274,2595,0.591
A0413,2024-04,293,6172,0.806
A0413,2024-05,276,3450,0.296
A0413,2024-06,286,4690,0.394
A0414,2024-01,45,377,0.787
A0414,2024-02,60,984,0.284
A0414,2024-03,68,883,0.351
A0414,2024-04,53,586,0.505
A0414,2024-05,82,895,0.558
A0414,2024-06,70,765,0.67
A0415,2024-01,347,7535,0.608
A0415,2024-02,337,3207,0.275
A0415,2024-03,342,6367,0.792
A0415,2024-04,345,5016,0.461
A0415,2024-05,352,5886,0.746
A0415,2024-06,339,4988,0.46
A0416,2024-01,80,1460,0.036
A0416,2024-02,54,580,0.429
A0416,2024-03,39,513,0.629
A0416,2024-04,61,1508,0.584
A0416,2024-05,32,726,0.305
A0416,2024-06,1,16,0.205
A0417,2024-01,222,4728,0.052
A0417,2024-02,199,3495,0.171
A0417,2024-03,211,3933,0.437
A0417,2024-04,185,1952,0.498
A0417,2024-05,167,3920,0.097
A0417,2024-06,150,3664,0.407
A0418,2024-01,341,4544,0.379
A0418,2024-02,341,2971,0.252
A0418,2024-03,328,2925,0.189
A0418,2024-04,311,7450,0.441
A0418,2024-05,282,6923,0.572
A0418,2024-06,243,4488,0.667
A0419,2024-01,151,2273,0.38
A0419,2024-02,158,3491,0.205
A0419,2024-03,108,2231,0.263
A0419,2024-04,99,1144,0.467
A0419,2024-05,88,1574,0.396
A0419,2024-06,52,439,0.299
A0420,2024-01,261,4825,0.57
A0420,2024-02,260,2769,0.655
A0420,2024-03,288,4727,0.54
A0420,2024-04,267,5371,0.595
A0420,2024-05,288,6030,0.47
A0420,2024-06,310,6408,0.461
A0421,2024-01,394,3246,0.565
A0421,2024-02,392,4115,0.607
A0421,2024-03,391,3568,0.48
A0421,2024-04,397,7821,0.742
A0421,2024-05,422,8062,0.488
A0421,2024-06,401,4138,0.489
A0422,2024-01,370,8948,0.513
A0422,2024-02,325,6874,0.522
A0422,2024-03,336,7888,0.645
A0422,2024-04,305,3604,0.418
A0422,2024-05,271,4397,0.443
A0422,2024-06,269,6498,0.176
A0423,2024-01,352,7486,0.78
A0423,2024-02,326,8106,0.406
A0423,2024-03,314,5900,0.735
A0423,2024-04,346,5425,0.672
A0423,2024-05,326,5161,0.564
A0423,2024-06,328,6890,0.542
A0424,2024-01,382,3237,0.245
A0424,2024-02,393,3701,0.545
A0424,2024-03,340,8343,0.389
A0424,2024-04,349,8551,0.362
A0424,2024-05,310,2906,0.254
A0424,2024-06,271,5043,0.108
A0425,2024-01,260,5060,0.563
A0425,2024-02,310,4762,0.639
A0425,2024-03,295,5471,0.572
A0425,2024-04,309,4546,0.488
A0425,2024-05,323,6597,0.25
A0425,2024-06,316,6866,0.463
A0426,2024-01,326,7671,0.553
A0426,2024-02,323,7170,0.348
A0426,2024-03,327,5686,0.635
A0426,2024-04,331,4475,0.763
A0426,2024-05,342,4789,0.519
A0426,2024-06,349,6590,0.805
A0427,2024-01,46,551,0.608
A0427,2024-02,68,1406,0.182
A0427,2024-03,83,1103,0.686
A0427,2024-04,34,281,0.673
A0427,2024-05,43,606,0.6
A0427,2024-06,57,1268,0.526
A0428,2024-01,152,1324,0.692
A0428,2024-02,137,1112,0.651
A0428,2024-03,157,1650,0.388
A0428,2024-04,128,1608,0.696
A0428,2024-05,159,3791,0.549
A0428,2024-06,161,3960,0.667
A0429,2024-01,112,2605,0.093
A0429,2024-02,100,1239,0.539
A0429,2024-03,77,1024,0.291
A0429,2024-04,34,573,0.38
A0429,2024-05,46,481,0.274
A0429,2024-06,22,242,0.051
A0430,2024-01,36,633,0.023
A0430,2024-02,30,744,0.323
A0430,2024-03,9,77,0.426
A0430,2024-04,1,17,0.448
A0430,2024-05,1,22,0.291
A0430,2024-06,1,15,0.565
A0431,2024-01,233,3456,0.91
A0431,2024-02,228,4477,0.635
A0431,2024-03,270,3598,0.551
A0431,2024-04,271,3383,0.663
A0431,2024-05,283,5890,0.486
A0431,2024-06,265,2323,0.418
A0432,2024-01,357,4186,0.237
A0432,2024-02,335,3043,0.264
A0432,2024-03,327,4082,0.326
A0432,2024-04,319,4287,0.461
A0432,2024-05,274,3329,0.433
A0432,2024-06,281,3141,0.118
A0433,2024-01,288,2953,0.62
A0433,2024-02,287,3436,0.804
A0433,2024-03,277,3992,0.67
A0433,2024-04,299,5978,0.588
A0433,2024-05,275,3959,0.331
A0433,2024-06,302,4174,0.574
A0434,2024-01,227,2965,0.318
A0434,2024-02,222,4752,0.353
A0434,2024-03,184,4136,0.362
A0434,2024-04,163,3385,0.314
A0434,2024-05,171,3919,0.143
A0434,2024-06,142,2302,0.53
A0435,2024-01,234,1887,0.347
A0435,2024-02,224,2367,0.213
A0435,2024-03,213,3326,0.23
A0435,2024-04,170,3271,0.366
A0435,2024-05,176,3923,0.162
A0435,2024-06,142,2997,0.381
A0436,2024-01,171,3535,0.253
A0436,2024-02,162,2600,0.398
A0436,2024-03,133,3021,0.283
A0436,2024-04,126,3144,0.51
A0436,2024-05,116,2293,0.113
A0436,2024-06,75,1471,0.072
A0437,2024-01,113,963,0.384
A0437,2024-02,95,804,0.178
A0437,2024-03,82,1858,0.327
A0437,2024-04,59,1197,0.346
A0437,2024-05,48,780,0.407
A0437,2024-06,28,472,0.173
A0438,2024-01,90,1414,0.145
A0438,2024-02,62,876,0.356
A0438,2024-03,53,1113,0.433
A0438,2024-04,26,322,0.2
A0438,2024-05,18,147,0.17
A0438,2024-06,1,21,0.392
A0439,2024-01,311,6944,0.428
A0439,2024-02,293,5827,0.253
A0439,2024-03,266,4470,0.528
A0439,2024-04,283,2537,0.468
A0439,2024-05,249,4076,0.3
A0439,2024-06,224,4021,0.219
A0440,2024-01,127,1944,0.78
A0440,2024-02,141,3383,0.678
A0440,2024-03,136,3353,0.377
A0440,2024-04,157,2291,0.29
A0440,2024-05,148,3600,0.426
A0440,2024-06,137,2820,0.672
A0441,2024-01,83,2051,0.513
A0441,2024-02,75,995,0.65
A0441,2024-03,96,961,0.49
A0441,2024-04,74,1404,0.364
A0441,2024-05,79,1430,0.525
A0441,2024-06,99,1255,0.696
A0442,2024-01,281,2606,0.54
A0442,2024-02,287,6087,0.825
A0442,2024-03,295,6340,0.841
A0442,2024-04,315,3840,0.475
A0442,2024-05,296,4790,0.695
A0442,2024-06,309,3093,0.73
A0443,2024-01,76,970,0.318
A0443,2024-02,47,1115,0.425
A0443,2024-03,47,414,0.744
A0443,2024-04,15,227,0.456
A0443,2024-05,1,9,0.52
A0443,2024-06,1,24,0.377
A0444,2024-01,52,644,0.477
A0444,2024-02,42,925,0.468
A0444,2024-03,1,12,0.179
A0444,2024-04,1,11,0.129
A0444,2024-05,1,19,0.279
A0444,2024-06,1,22,0.448
A0445,2024-01,318,3015,0.445
A0445,2024-02,302,7043,0.404
A0445,2024-03,283,5413,0.461
A0445,2024-04,270,4385,0.226
A0445,2024-05,242,5077,0.531
A0445,2024-06,268,6584,0.396
A0446,2024-01,363,4551,0.496
A0446,2024-02,363,6386,0.619
A0446,2024-03,372,3266,0.973
A0446,2024-04,381,6008,0.474
A0446,2024-05,386,8129,0.263
A0446,2024-06,382,7616,0.46
A0447,2024-01,256,2974,0.37
A0447,2024-02,224,4557,0.293
A0447,2024-03,203,4993,0.553
A0447,2024-04,195,2407,0.286
A0447,2024-05,176,2975,0.251
A0447,2024-06,156,2175,0.36
A0448,2024-01,327,7384,0.678
A0448,2024-02,302,6554,0.797
A0448,2024-03,327,3233,0.46
A0448,2024-04,325,7054,0.555
A0448,2024-05,336,5554,0.479
A0448,2024-06,333,6382,0.526
A0449,2024-01,289,4140,0.425
A0449,2024-02,295,6817,0.45
A0449,2024-03,331,8019,0.731
A0449,2024-04,307,7240,0.638
A0449,2024-05,307,7661,0.818
A0449,2024-06,291,6226,0.579
A0450,2024-01,230,4978,0.195
A0450,2024-02,180,3008,0.378
A0450,2024-03,202,4782,0.371
A0450,2024-04,182,3933,0.247
A0450,2024-05,205,2771,0.5
A0450,2024-06,174,2805,0.477
A0451,2024-01,107,1720,0.129
A0451,2024-02,69,710,0.573
A0451,2024-03,43,1039,0.4
A0451,2024-04,32,614,0.391
A0451,2024-05,14,132,0.475
A0451,2024-06,1,22,0.453
A0452,2024-01,238,4909,0.243
A0452,2024-02,219,1917,0.416
A0452,2024-03,211,2062,0.388
A0452,2024-04,217,2211,0.222
A0452,2024-05,167,3930,0.423
A0452,2024-06,158,3164,0.516
A0453,2024-01,166,3089,0.48
A0453,2024-02,174,3410,0.37
A0453,2024-03,139,2464,0.411
A0453,2024-04,127,1979,0.345
A0453,2024-05,96,1286,0.459
A0453,2024-06,84,1605,0.226
A0454,2024-01,65,845,0.455
A0454,2024-02,33,371,0.174
A0454,2024-03,7,160,0.554
A0454,2024-04,7,169,0.325
A0454,2024-05,1,11,0.298
A0454,2024-06,1,17,0.174
A0455,2024-01,212,4960,0.411
A0455,2024-02,185,4249,0.477
A0455,2024-03,197,4674,0.342
A0455,2024-04,160,2349,0.598
A0455,2024-05,153,2874,0.435
A0455,2024-06,132,2215,0.313
A0456,2024-01,301,4869,0.422
A0456,2024-02,265,6534,0.204
A0456,2024-03,253,4765,0.461
A0456,2024-04,245,2798,0.407
A0456,2024-05,226,4741,0.425
A0456,2024-06,176,4286,0.555
A0457,2024-01,259,4140,0.458
A0457,2024-02,286,3093,0.567
A0457,2024-03,285,2650,0.67
A0457,2024-04,276,2852,0.153
A0457,2024-05,277,5012,0.654
A0457,2024-06,293,5481,0.801
A0458,2024-01,39,527,0.488
A0458,2024-02,37,399,0.392
A0458,2024-03,28,664,0.128
A0458,2024-04,1,8,0.237
A0458,2024-05,1,16,0.219
A0458,2024-06,1,20,0.48
A0459,2024-01,218,4605,0.438
A0459,2024-02,198,3186,0.156
A0459,2024-03,170,2852,0.49
A0459,2024-04,186,2106,0.443
A0459,2024-05,143,1741,0.558
A0459,2024-06,152,2937,0.407
A0460,2024-01,232,2971,0.784
A0460,2024-02,244,2243,0.327
A0460,2024-03,257,4120,0.742
A0460,2024-04,277,3607,0.564
A0460,2024-05,282,3677,0.484
A0460,2024-06,294,6625,0.545
A0461,2024-01,168,3758,0.622
A0461,2024-02,177,1634,0.526
A0461,2024-03,194,3020,0.358
A0461,2024-04,171,2485,0.612
A0461,2024-05,192,2206,0.556
A0461,2024-06,196,4764,0.547
A0462,2024-01,96,2067,0.408
A0462,2024-02,54,865,0.373
A0462,2024-03,34,812,0.452
A0462,2024-04,39,441,0.419
A0462,2024-05,20,164,0.245
A0462,2024-06,6,145,0.435
A0463,2024-01,290,3597,0.489
A0463,2024-02,300,5214,0.282
A0463,2024-03,260,2100,0.349
A0463,2024-04,265,2203,0.291
A0463,2024-05,258,2536,0.218
A0463,2024-06,233,2773,0.285
A0464,2024-01,330,5705,0.642
A0464,2024-02,320,3419,0.562
A0464,2024-03,312,3100,0.564
A0464,2024-04,323,7702,0.49
A0464,2024-05,331,7447,0.864
A0464,2024-06,305,5848,0.693
A0465,2024-01,326,3837,0.144
A0465,2024-02,298,5545,0.164
A0465,2024-03,277,2995,0.508
A0465,2024-04,275,3440,0.355
A0465,2024-05,222,2219,0.297
A0465,2024-06,223,3501,0.38
A0466,2024-01,219,3067,0.382
A0466,2024-02,215,4724,0.415
A0466,2024-03,208,2311,0.573
A0466,2024-04,233,5054,0.223
A0466,2024-05,224,4289,0.626
A0466,2024-06,214,4215,0.539
A0467,2024-01,322,5848,0.181
A0467,2024-02,309,6764,0.437
A0467,2024-03,274,5453,0.248
A0467,2024-04,275,3102,0.483
A0467,2024-05,254,6253,0.509
A0467,2024-06,234,5227,0.442
A0468,2024-01,64,803,0.471
A0468,2024-02,65,1136,0.463
A0468,2024-03,42,677,0.44
A0468,2024-04,66,1293,0.271
A0468,2024-05,66,880,0.548
A0468,2024-06,81,830,0.776
A0469,2024-01,99,1692,0.366
A0469,2024-02,57,1223,0.316
A0469,2024-03,35,587,0.305
A0469,2024-04,35,562,0.455
A0469,2024-05,35,861,0.636
A0469,2024-06,1,22,0.423
A0470,2024-01,209,2826,0.315
A0470,2024-02,194,4543,0.318
A0470,2024-03,194,4047,0.555
A0470,2024-04,161,1366,0.218
A0470,2024-05,173,1644,0.298
A0470,2024-06,153,2003,0.571
A0471,2024-01,115,1429,0.342
A0471,2024-02,92,2081,0.506
A0471,2024-03,84,1250,0.691
A0471,2024-04,50,820,0.31
A0471,2024-05,38,694,0.273
A0471,2024-06,25,443,0.512
A0472,2024-01,174,2474,0.51
A0472,2024-02,147,1194,0.76
A0472,2024-03,165,3521,0.073
A0472,2024-04,139,1550,0.549
A0472,2024-05,97,1483,0.254
A0472,2024-06,83,1296,0.152
A0473,2024-01,197,4819,0.744
A0473,2024-02,211,5061,0.412
A0473,2024-03,208,4391,0.54
A0473,2024-04,230,3875,0.674
A0473,2024-05,225,3022,0.573
A0473,2024-06,235,5425,0.443
A0474,2024-01,103,1000,0.38
A0474,2024-02,121,2759,0.312
A0474,2024-03,90,1878,0.659
A0474,2024-04,124,2725,0.679
A0474,2024-05,98,1320,0.668
A0474,2024-06,125,1742,0.744
A0475,2024-01,223,2404,0.319
A0475,2024-02,201,4014,0.417
A0475,2024-03,183,2441,0.589
A0475,2024-04,166,3248,0.179
A0475,2024-05,167,2044,0.471
A0475,2024-06,139,2607,0.472
A0476,2024-01,293,4840,0.184
A0476,2024-02,281,6275,0.512
A0476,2024-03,266,5487,0.252
A0476,2024-04,247,5182,0.355
A0476,2024-05,231,4975,0.349
A0476,2024-06,208,3271,0.627
A0477,2024-01,341,6703,0.685
A0477,2024-02,314,4074,0.543
A0477,2024-03,337,4999,0.452
A0477,2024-04,331,3588,0.261
A0477,2024-05,323,3209,0.277
A0477,2024-06,336,4209,0.825
A0478,2024-01,256,3733,0.435
A0478,2024-02,252,5963,0.503
A0478,2024-03,268,2268,0.633
A0478,2024-04,265,2360,0.746
A0478,2024-05,262,5702,0.356
A0478,2024-06,243,2930,0.5
A0479,2024-01,270,6118,0.243
A0479,2024-02,275,3316,0.3
A0479,2024-03,240,2753,0.48
A0479,2024-04,225,2904,0.313
A0479,2024-05,209,3458,0.446
A0479,2024-06,184,3533,0.725
A0480,2024-01,312,6032,0.308
A0480,2024-02,336,4111,0.912
A0480,2024-03,311,5145,0.466
A0480,2024-04,326,6806,0.584
A0480,2024-05,313,5346,0.722
A0480,2024-06,322,3922,0.527
A0481,2024-01,316,4014,0.342
A0481,2024-02,296,4822,0.222
A0481,2024-03,274,6617,0.284
A0481,2024-04,270,6707,0.0
A0481,2024-05,242,5268,0.46
A0481,2024-06,224,1915,0.311
A0482,2024-01,357,5308,0.078
A0482,2024-02,330,6927,0.014
A0482,2024-03,303,4468,0.331
A0482,2024-04,305,6914,0.583
A0482,2024-05,273,4264,0.161
A0482,2024-06,288,6086,0.279
A0483,2024-01,56,666,0.407
A0483,2024-02,29,378,0.423
A0483,2024-03,10,138,0.313
A0483,2024-04,1,8,0.312
A0483,2024-05,1,17,0.528
A0483,2024-06,1,22,0.355
A0484,2024-01,149,1966,0.716
A0484,2024-02,125,2745,0.625
A0484,2024-03,149,3593,0.813
A0484,2024-04,161,2793,0.371
A0484,2024-05,161,3642,0.246
A0484,2024-06,167,2100,0.279
A0485,2024-01,140,1330,0.807
A0485,2024-02,141,1661,0.323
A0485,2024-03,159,1368,0.681
A0485,2024-04,176,3834,0.628
A0485,2024-05,147,3014,0.463
A0485,2024-06,173,2850,0.829
A0486,2024-01,65,1154,0.525
A0486,2024-02,54,1250,0.519
A0486,2024-03,49,1138,0.489
A0486,2024-04,39,620,0.627
A0486,2024-05,75,1874,0.491
A0486,2024-06,57,1122,0.456
A0487,2024-01,40,462,0.439
A0487,2024-02,42,563,0.327
A0487,2024-03,43,468,0.482
A0487,2024-04,31,310,0.571
A0487,2024-05,50,1035,0.381
A0487,2024-06,32,793,0.566
A0488,2024-01,354,3575,0.187
A0488,2024-02,319,2995,0.376
A0488,2024-03,306,3626,0.37
A0488,2024-04,266,3130,0.381
A0488,2024-05,255,6246,0.408
A0488,2024-06,261,5081,0.284
A0489,2024-01,99,2234,0.543
A0489,2024-02,58,1208,0.299
A0489,2024-03,47,650,0.509
A0489,2024-04,39,433,0.45
A0489,2024-05,4,91,0.579
A0489,2024-06,1,22,0.419
A0490,2024-01,142,2712,0.176
A0490,2024-02,112,1047,0.309
A0490,2024-03,117,1606,0.135
A0490,2024-04,80,1854,0.462
A0490,2024-05,57,750,0.342
A0490,2024-06,54,572,0.217
A0491,2024-01,378,7914,0.251
A0491,2024-02,374,5733,0.397
A0491,2024-03,329,4310,0.464
A0491,2024-04,337,4136,0.339
A0491,2024-05,305,6159,0.269
A0491,2024-06,275,4727,0.27
A0492,2024-01,317,3483,0.379
A0492,2024-02,331,6484,0.593
A0492,2024-03,302,5152,0.478
A0492,2024-04,263,2983,0.496
A0492,2024-05,264,5645,0.222
A0492,2024-06,259,5657,0.345
A0493,2024-01,349,3002,0.6
A0493,2024-02,360,5168,0.594
A0493,2024-03,382,9326,0.63
A0493,2024-04,388,7725,0.562
A0493,2024-05,359,7197,0.416
A0493,2024-06,377,8255,0.923
A0494,2024-01,47,1025,0.35
A0494,2024-02,48,922,0.211
A0494,2024-03,27,578,0.507
A0494,2024-04,6,131,0.453
A0494,2024-05,1,15,0.46
A0494,2024-06,1,12,0.457
A0495,2024-01,299,5622,0.401
A0495,2024-02,301,5546,0.452
A0495,2024-03,272,5256,0.605
A0495,2024-04,262,6105,0.355
A0495,2024-05,253,3121,0.272
A0495,2024-06,218,2599,0.416
A0496,2024-01,113,1133,0.216
A0496,2024-02,92,1367,0.544
A0496,2024-03,105,2077,0.251
A0496,2024-04,40,381,0.234
A0496,2024-05,2,43,0.458
A0496,2024-06,20,249,0.107
A0497,2024-01,111,2770,0.476
A0497,2024-02,115,927,0.579
A0497,2024-03,116,971,0.647
A0497,2024-04,96,1358,0.622
A0497,2024-05,113,1978,0.57
A0497,2024-06,99,2275,0.607
A0498,2024-01,172,2795,0.361
A0498,2024-02,186,2649,0.596
A0498,2024-03,193,2377,0.696
A0498,2024-04,175,1757,0.644
A0498,2024-05,179,3469,0.488
A0498,2024-06,183,2381,0.606
A0499,2024-01,188,2759,0.589
A0499,2024-02,173,3729,0.681
A0499,2024-03,181,2669,0.406
A0499,2024-04,208,2763,0.713
A0499,2024-05,190,1779,0.749
A0499,2024-06,197,1825,0.394
A0500,2024-01,109,2184,0.651
A0500,2024-02,134,2495,0.673
A0500,2024-03,118,2327,0.681
A0500,2024-04,145,2266,0.45
A0500,2024-05,113,1963,0.512
A0500,2024-06,123,2052,0.55
A0501,2024-01,325,4537,0.328
A0501,2024-02,280,3488,0.321
A0501,2024-03,289,3530,0.274
A0501,2024-04,258,5564,0.313
A0501,2024-05,261,3668,0.256
A0501,2024-06,223,4426,0.424
A0502,2024-01,269,2216,0.335
A0502,2024-02,232,3483,0.085
A0502,2024-03,222,2435,0.528
A0502,2024-04,240,5183,0.22
A0502,2024-05,200,4454,0.58
A0502,2024-06,163,3749,0.478
A0503,2024-01,378,4309,0.689
A0503,2024-02,374,5823,0.699
A0503,2024-03,379,8479,0.672
A0503,2024-04,400,7186,0.548
A0503,2024-05,397,9751,0.717
A0503,2024-06,407,9128,0.409
A0504,2024-01,82,1435,0.508
A0504,2024-02,58,1180,0.438
A0504,2024-03,25,300,0.405
A0504,2024-04,15,332,0.377
A0504,2024-05,7,91,0.503
A0504,2024-06,1,12,0.329
A0505,2024-01,58,1113,0.299
A0505,2024-02,56,1275,0.456
A0505,2024-03,34,473,0.646
A0505,2024-04,12,229,0.28
A0505,2024-05,1,11,0.351
A0505,2024-06,1,22,0.378
A0506,2024-01,368,7181,0.723
A0506,2024-02,403,6524,0.752
A0506,2024-03,412,5152,0.498
A0506,2024-04,418,9689,0.632
A0506,2024-05,424,8992,0.714
A0506,2024-06,418,6019,0.403
A0507,2024-01,303,3399,0.416
A0507,2024-02,253,5199,0.434
A0507,2024-03,234,3973,0.498
A0507,2024-04,226,2933,0.22
A0507,2024-05,213,2661,0.05
A0507,2024-06,197,4031,0.572
A0508,2024-01,87,1795,0.417
A0508,2024-02,64,1377,0.742
A0508,2024-03,78,1172,0.636
A0508,2024-04,91,2009,0.601
A0508,2024-05,85,1758,0.721
A0508,2024-06,88,1625,0.602
A0509,2024-01,237,3717,0.54
A0509,2024-02,205,2903,0.425
A0509,2024-03,209,2994,0.885
A0509,2024-04,248,3653,0.651
A0509,2024-05,240,5939,0.384
A0509,2024-06,223,4795,0.455
A0510,2024-01,354,3500,0.296
A0510,2024-02,314,6769,0.259
A0510,2024-03,292,6073,0.375
A0510,2024-04,292,6694,0.518
A0510,2024-05,255,5593,0.304
A0510,2024-06,250,6202,0.569
A0511,2024-01,327,3743,0.233
A0511,2024-02,298,6156,0.478
A0511,2024-03,289,4078,0.15
A0511,2024-04,257,3408,0.413
A0511,2024-05,242,2107,0.303
A0511,2024-06,209,4157,0.086
A0512,2024-01,379,8933,0.735
A0512,2024-02,371,8851,0.288
A0512,2024-03,383,3905,0.665
A0512,2024-04,365,4371,0.404
A0512,2024-05,376,3896,0.644
A0512,2024-06,390,8844,0.535
A0513,2024-01,159,2113,0.547
A0513,2024-02,164,3202,0.817
A0513,2024-03,144,2919,0.755
A0513,2024-04,153,1927,0.395
A0513,2024-05,195,2201,0.782
A0513,2024-06,173,3853,0.542
A0514,2024-01,237,5820,0.281
A0514,2024-02,219,2046,0.379
A0514,2024-03,201,1795,0.278
A0514,2024-04,197,4728,0.362
A0514,2024-05,196,3422,0.671
A0514,2024-06,151,2097,0.244
A0515,2024-01,188,4290,0.271
A0515,2024-02,227,5052,0.433
A0515,2024-03,222,2331,0.674
A0515,2024-04,204,2525,0.718
A0515,2024-05,219,3562,0.736
A0515,2024-06,205,4716,0.637
A0516,2024-01,56,607,0.64
A0516,2024-02,51,413,0.587
A0516,2024-03,45,1050,0.474
A0516,2024-04,29,581,0.465
A0516,2024-05,55,868,0.44
A0516,2024-06,43,858,0.728
A0517,2024-01,110,1910,0.449
A0517,2024-02,124,2313,0.5
A0517,2024-03,126,1669,0.6
A0517,2024-04,144,1537,0.572
A0517,2024-05,171,2690,0.585
A0517,2024-06,173,2694,0.719
A0518,2024-01,342,6855,0.24
A0518,2024-02,332,5902,0.327
A0518,2024-03,309,5688,0.168
A0518,2024-04,302,2918,0.287
A0518,2024-05,295,3230,0.291
A0518,2024-06,259,6465,0.37
A0519,2024-01,186,1581,0.415
A0519,2024-02,179,3170,0.677
A0519,2024-03,154,1738,0.611
A0519,2024-04,168,1994,0.616
A0519,2024-05,200,3936,0.61
A0519,2024-06,179,3060,0.772
A0520,2024-01,138,1986,0.726
A0520,2024-02,122,2543,0.653
A0520,2024-03,140,1636,0.973
A0520,2024-04,145,1722,0.597
A0520,2024-05,153,1429,0.689
A0520,2024-06,151,2476,0.619
A0521,2024-01,319,3557,0.445
A0521,2024-02,279,5276,0.23
A0521,2024-03,277,4241,0.465
A0521,2024-04,243,4122,0.355
A0521,2024-05,234,5104,0.456
A0521,2024-06,211,3178,0.348
A0522,2024-01,194,3481,0.414
A0522,2024-02,175,2768,0.36
A0522,2024-03,146,2797,0.2
A0522,2024-04,157,1466,0.341
A0522,2024-05,130,1052,0.479
A0522,2024-06,115,2034,0.321
A0523,2024-01,361,4278,0.787
A0523,2024-02,352,6929,0.418
A0523,2024-03,374,6641,0.776
A0523,2024-04,356,8884,0.539
A0523,2024-05,381,7060,0.5
A0523,2024-06,376,5705,0.4
A0524,2024-01,217,3188,0.617
A0524,2024-02,228,3803,0.761
A0524,2024-03,230,4699,0.449
A0524,2024-04,257,6354,0.788
A0524,2024-05,267,4348,0.433
A0524,2024-06,262,4873,0.493
A0525,2024-01,80,1321,0.501
A0525,2024-02,94,1077,0.539
A0525,2024-03,118,1586,0.685
A0525,2024-04,61,1089,0.263
A0525,2024-05,120,2096,0.395
A0525,2024-06,111,965,0.754
A0526,2024-01,308,4770,0.865
A0526,2024-02,326,6575,0.91
A0526,2024-03,340,6559,0.532
A0526,2024-04,355,3620,0.669
A0526,2024-05,331,8176,0.44
A0526,2024-06,355,4680,0.646
A0527,2024-01,394,8915,0.712
A0527,2024-02,412,10193,0.86
A0527,2024-03,391,7722,0.768
A0527,2024-04,384,6632,0.141
A0527,2024-05,411,5465,0.635
A0527,2024-06,412,4858,0.684
A0528,2024-01,173,3972,0.183
A0528,2024-02,157,1623,0.232
A0528,2024-03,120,1919,0.0
A0528,2024-04,119,1810,0.0
A0528,2024-05,108,2301,0.173
A0528,2024-06,82,1460,0.204
A0529,2024-01,366,7420,0.501
A0529,2024-02,349,5932,0.704
A0529,2024-03,338,6006,0.292
A0529,2024-04,337,3225,0.36
A0529,2024-05,305,3594,0.469
A0529,2024-06,281,5852,0.231
A0530,2024-01,185,4220,0.493
A0530,2024-02,211,3967,0.526
A0530,2024-03,168,1651,0.549
A0530,2024-04,163,3991,0.542
A0530,2024-05,178,1629,0.168
A0530,2024-06,181,1924,0.678
A0531,2024-01,308,6307,0.551
A0531,2024-02,307,3037,0.844
A0531,2024-03,292,5741,0.586
A0531,2024-04,302,3924,0.586
A0531,2024-05,321,5937,0.524
A0531,2024-06,294,6391,0.953
A0532,2024-01,198,3561,0.681
A0532,2024-02,164,3201,0.629
A0532,2024-03,160,1417,0.58
A0532,2024-04,137,2473,0.387
A0532,2024-05,124,2631,0.301
A0532,2024-06,93,2186,0.39
A0533,2024-01,372,5850,0.381
A0533,2024-02,352,6391,0.308
A0533,2024-03,311,5200,0.202
A0533,2024-04,314,4386,0.042
A0533,2024-05,322,5448,0.567
A0533,2024-06,271,6579,0.177
A0534,2024-01,31,291,0.313
A0534,2024-02,36,417,0.346
A0534,2024-03,15,136,0.45
A0534,2024-04,1,18,0.637
A0534,2024-05,1,24,0.186
A0534,2024-06,1,15,0.223
A0535,2024-01,43,851,0.699
A0535,2024-02,48,564,0.677
A0535,2024-03,38,521,0.591
A0535,2024-04,53,975,0.431
A0535,2024-05,53,993,0.565
A0535,2024-06,44,605,0.228
A0536,2024-01,340,4553,0.469
A0536,2024-02,317,6906,0.323
A0536,2024-03,290,5318,0.118
A0536,2024-04,300,5553,0.463
A0536,2024-05,265,6566,0.326
A0536,2024-06,255,4032,0.453
A0537,2024-01,141,2686,0.771
A0537,2024-02,75,1809,0.38
A0537,2024-03,88,2042,0.276
A0537,2024-04,90,1026,0.197
A0537,2024-05,66,916,0.514
A0537,2024-06,30,357,0.363
A0538,2024-01,90,1053,0.536
A0538,2024-02,89,1962,0.695
A0538,2024-03,87,775,0.63
A0538,2024-04,90,1304,0.427
A0538,2024-05,77,1021,0.425
A0538,2024-06,61,659,0.673
A0539,2024-01,259,3455,0.656
A0539,2024-02,246,6064,0.195
A0539,2024-03,209,2400,0.0
A0539,2024-04,195,4797,0.0
A0539,2024-05,188,3014,0.223
A0539,2024-06,147,2890,0.0
A0540,2024-01,229,4001,0.496
A0540,2024-02,209,4017,0.29
A0540,2024-03,199,2772,0.289
A0540,2024-04,181,4078,0.413
A0540,2024-05,174,2330,0.287
A0540,2024-06,127,3090,0.309
A0541,2024-01,395,4815,0.301
A0541,2024-02,341,5565,0.421
A0541,2024-03,345,5104,0.23
A0541,2024-04,317,4283,0.283
A0541,2024-05,309,3141,0.191
A0541,2024-06,305,3952,0.4
A0542,2024-01,319,5063,0.569
A0542,2024-02,331,3508,0.727
A0542,2024-03,310,7303,0.612
A0542,2024-04,333,7607,0.729
A0542,2024-05,350,4468,0.324
A0542,2024-06,335,4506,0.509
A0543,2024-01,296,3527,0.467
A0543,2024-02,282,3995,0.58
A0543,2024-03,272,3380,0.251
A0543,2024-04,229,4712,0.376
A0543,2024-05,220,4671,0.504
A0543,2024-06,206,2068,0.264
A0544,2024-01,224,4921,0.461
A0544,2024-02,210,4746,0.332
A0544,2024-03,242,5679,0.61
A0544,2024-04,251,3869,0.506
A0544,2024-05,262,3952,1.0
A0544,2024-06,233,3272,0.699
A0545,2024-01,140,3375,0.358
A0545,2024-02,118,1165,0.385
A0545,2024-03,78,893,0.567
A0545,2024-04,61,1090,0.528
A0545,2024-05,43,585,0.358
A0545,2024-06,35,710,0.489
A0546,2024-01,145,1658,0.517
A0546,2024-02,140,1672,0.512
A0546,2024-03,127,2869,0.659
A0546,2024-04,157,1872,0.808
A0546,2024-05,141,2904,0.676
A0546,2024-06,152,1902,0.382
A0547,2024-01,109,1825,0.142
A0547,2024-02,100,1057,0.518
A0547,2024-03,43,986,0.242
A0547,2024-04,50,900,0.405
A0547,2024-05,32,596,0.116
A0547,2024-06,3,52,0.274
A0548,2024-01,306,4975,0.485
A0548,2024-02,296,5093,0.231
A0548,2024-03,315,2853,0.537
A0548,2024-04,302,4417,0.353
A0548,2024-05,307,7609,0.243
A0548,2024-06,292,7056,0.656
A0549,2024-01,150,3358,0.529
A0549,2024-02,126,2916,0.395
A0549,2024-03,152,1603,0.464
A0549,2024-04,157,2201,0.545
A0549,2024-05,138,2985,0.647
A0549,2024-06,161,3013,0.106
A0550,2024-01,388,5008,0.062
A0550,2024-02,357,3128,0.241
A0550,2024-03,331,3008,0.428
A0550,2024-04,316,3786,0.349
A0550,2024-05,289,3399,0.484
A0550,2024-06,278,6383,0.502
A0551,2024-01,188,3424,0.276
A0551,2024-02,180,2792,0.387
A0551,2024-03,137,3174,0.313
A0551,2024-04,115,2724,0.196
A0551,2024-05,103,1095,0.145
A0551,2024-06,97,1657,0.545
A0552,2024-01,94,1467,0.356
A0552,2024-02,81,1658,0.36
A0552,2024-03,88,1538,0.202
A0552,2024-04,32,342,0.197
A0552,2024-05,34,608,0.488
A0552,2024-06,1,9,0.398
A0553,2024-01,169,2202,0.249
A0553,2024-02,157,3506,0.495
A0553,2024-03,136,2854,0.269
A0553,2024-04,111,2005,0.388
A0553,2024-05,107,2242,0.218
A0553,2024-06,82,1350,0.485
A0554,2024-01,118,2000,0.513
A0554,2024-02,94,1053,0.677
A0554,2024-03,87,1142,0.464
A0554,2024-04,77,939,0.773
A0554,2024-05,98,1340,0.602
A0554,2024-06,60,515,0.512
A0555,2024-01,279,3437,0.557
A0555,2024-02,304,6274,0.653
A0555,2024-03,294,2821,0.313
A0555,2024-04,273,3289,0.672
A0555,2024-05,303,4110,0.441
A0555,2024-06,289,2636,0.783
A0556,2024-01,77,849,0.584
A0556,2024-02,100,821,0.698
A0556,2024-03,97,1740,0.66
A0556,2024-04,91,2161,0.654
A0556,2024-05,105,2005,0.497
A0556,2024-06,79,1944,0.514
A0557,2024-01,284,5815,0.319
A0557,2024-02,271,2332,0.497
A0557,2024-03,244,4597,0.268
A0557,2024-04,230,2831,0.333
A0557,2024-05,232,5311,0.433
A0557,2024-06,203,4968,0.305
A0558,2024-01,179,1904,0.901
A0558,2024-02,176,2453,0.476
A0558,2024-03,208,3724,0.64
A0558,2024-04,195,3681,0.442
A0558,2024-05,202,1696,0.579
A0558,2024-06,190,3547,0.739
A0559,2024-01,107,1654,0.537
A0559,2024-02,62,1475,0.818
A0559,2024-03,78,1375,0.681
A0559,2024-04,90,1810,0.505
A0559,2024-05,76,1437,0.633
A0559,2024-06,91,1733,0.469
A0560,2024-01,45,652,0.492
A0560,2024-02,63,1243,0.625
A0560,2024-03,37,433,0.455
A0560,2024-04,49,522,0.689
A0560,2024-05,69,610,0.639
A0560,2024-06,66,1515,0.722
A0561,2024-01,339,8280,0.346
A0561,2024-02,344,3584,0.505
A0561,2024-03,357,6774,0.816
A0561,2024-04,351,8578,0.423
A0561,2024-05,368,7960,0.643
A0561,2024-06,385,6430,0.491
A0562,2024-01,210,4489,0.831
A0562,2024-02,192,2912,0.346
A0562,2024-03,193,3276,0.675
A0562,2024-04,232,5517,0.65
A0562,2024-05,218,5192,0.723
A0562,2024-06,221,2040,0.368
A0563,2024-01,170,1909,0.519
A0563,2024-02,166,2844,0.567
A0563,2024-03,183,1668,0.514
A0563,2024-04,149,2860,0.633
A0563,2024-05,213,1963,0.6
A0563,2024-06,180,2670,0.57
A0564,2024-01,297,6209,0.813
A0564,2024-02,297,6563,0.59
A0564,2024-03,303,4473,0.358
A0564,2024-04,304,4065,0.518
A0564,2024-05,318,2846,0.517
A0564,2024-06,320,5593,0.941
A0565,2024-01,216,3247,0.209
A0565,2024-02,203,3055,0.184
A0565,2024-03,191,4563,0.272
A0565,2024-04,185,1772,0.294
A0565,2024-05,148,3546,0.195
A0565,2024-06,166,2616,0.52
A0566,2024-01,126,1825,0.628
A0566,2024-02,134,1970,0.374
A0566,2024-03,80,1575,0.419
A0566,2024-04,72,1636,0.418
A0566,2024-05,54,696,0.25
A0566,2024-06,38,456,0.41
A0567,2024-01,109,2355,0.346
A0567,2024-02,122,1642,0.544
A0567,2024-03,129,1590,0.457
A0567,2024-04,117,1945,0.746
A0567,2024-05,149,2862,0.495
A0567,2024-06,138,2085,0.593
A0568,2024-01,415,8955,0.448
A0568,2024-02,377,5743,0.196
A0568,2024-03,355,5079,0.39
A0568,2024-04,325,6794,0.179
A0568,2024-05,316,6163,0.246
A0568,2024-06,259,4129,0.275
A0569,2024-01,107,1357,0.289
A0569,2024-02,109,1446,0.309
A0569,2024-03,73,905,0.328
A0569,2024-04,41,992,0.457
A0569,2024-05,38,381,0.323
A0569,2024-06,19,276,0.025
A0570,2024-01,321,2898,0.558
A0570,2024-02,341,3793,0.413
A0570,2024-03,302,7100,0.34
A0570,2024-04,334,4120,0.691
A0570,2024-05,340,8329,0.498
A0570,2024-06,338,2997,0.628
A0571,2024-01,76,905,0.559
A0571,2024-02,46,877,0.323
A0571,2024-03,41,803,0.098
A0571,2024-04,19,432,0.182
A0571,2024-05,8,130,0.299
A0571,2024-06,1,11,0.449
A0572,2024-01,167,3180,0.384
A0572,2024-02,166,1368,0.601
A0572,2024-03,188,3046,0.301
A0572,2024-04,179,3177,0.578
A0572,2024-05,172,3071,0.427
A0572,2024-06,212,1845,0.392
A0573,2024-01,254,2044,0.62
A0573,2024-02,266,5357,0.518
A0573,2024-03,268,6369,0.64
A0573,2024-04,277,4760,0.46
A0573,2024-05,268,5224,0.458
A0573,2024-06,287,6048,0.551
A0574,2024-01,133,3244,0.537
A0574,2024-02,151,1654,0.464
A0574,2024-03,143,2945,0.504
A0574,2024-04,153,3053,0.582
A0574,2024-05,156,3047,0.548
A0574,2024-06,176,3637,0.33
A0575,2024-01,135,1869,0.308
A0575,2024-02,107,1649,0.629
A0575,2024-03,123,1280,0.718
A0575,2024-04,122,1034,1.0
A0575,2024-05,121,1597,0.622
A0575,2024-06,130,1355,0.574
A0576,2024-01,262,6023,0.253
A0576,2024-02,233,4689,0.483
A0576,2024-03,215,3974,0.571
A0576,2024-04,179,3478,0.063
A0576,2024-05,148,2204,0.171
A0576,2024-06,175,3229,0.309
A0577,2024-01,163,1591,0.21
A0577,2024-02,114,1260,0.415
A0577,2024-03,103,1999,0.643
A0577,2024-04,74,1327,0.142
A0577,2024-05,63,1210,0.241
A0577,2024-06,61,758,0.395
A0578,2024-01,183,3922,0.613
A0578,2024-02,171,3625,0.42
A0578,2024-03,196,1920,0.496
A0578,2024-04,209,1901,0.372
A0578,2024-05,217,3936,0.476
A0578,2024-06,218,2604,0.415
A0579,2024-01,249,2674,0.75
A0579,2024-02,224,4610,0.543
A0579,2024-03,187,3268,0.211
A0579,2024-04,168,1643,0.311
A0579,2024-05,187,1848,0.116
A0579,2024-06,142,2867,0.475
A0580,2024-01,349,3780,0.759
A0580,2024-02,330,4193,0.498
A0580,2024-03,291,4134,0.313
A0580,2024-04,300,3622,0.34
A0580,2024-05,268,5885,0.274
A0580,2024-06,259,3151,0.562
A0581,2024-01,104,1937,0.186
A0581,2024-02,74,1104,0.252
A0581,2024-03,66,624,0.418
A0581,2024-04,52,1294,0.36
A0581,2024-05,10,162,0.261
A0581,2024-06,43,924,0.559
A0582,2024-01,152,2701,0.254
A0582,2024-02,137,1860,0.455
A0582,2024-03,129,2480,0.604
A0582,2024-04,93,1298,0.436
A0582,2024-05,73,676,0.229
A0582,2024-06,48,1007,0.159
A0583,2024-01,260,5427,0.175
A0583,2024-02,231,2793,0.593
A0583,2024-03,205,1955,0.562
A0583,2024-04,209,3484,0.401
A0583,2024-05,198,3736,0.118
A0583,2024-06,177,4300,0.526
A0584,2024-01,388,3329,0.208
A0584,2024-02,351,7355,0.484
A0584,2024-03,360,4651,0.411
A0584,2024-04,343,5749,0.552
A0584,2024-05,313,7043,0.173
A0584,2024-06,298,7421,0.169
A0585,2024-01,142,1434,0.239
A0585,2024-02,89,1480,0.547
A0585,2024-03,65,1135,0.457
A0585,2024-04,39,426,0.337
A0585,2024-05,41,818,0.403
A0585,2024-06,30,589,0.599
A0586,2024-01,349,5682,0.272
A0586,2024-02,345,3300,0.444
A0586,2024-03,319,7418,0.326
A0586,2024-04,301,6732,0.161
A0586,2024-05,289,4187,0.331
A0586,2024-06,283,5518,0.435
A0587,2024-01,246,3985,0.3
A0587,2024-02,227,2554,0.386
A0587,2024-03,221,3553,0.461
A0587,2024-04,218,3903,0.153
A0587,2024-05,174,3275,0.263
A0587,2024-06,192,2679,0.343
A0588,2024-01,192,3087,0.367
A0588,2024-02,169,3483,0.531
A0588,2024-03,152,1891,0.0
A0588,2024-04,134,2719,0.076
A0588,2024-05,129,1201,0.634
A0588,2024-06,116,1533,0.555
A0589,2024-01,338,7687,0.607
A0589,2024-02,339,4310,0.465
A0589,2024-03,341,5844,0.355
A0589,2024-04,343,8105,0.548
A0589,2024-05,351,4013,0.715
A0589,2024-06,348,6816,0.586
A0590,2024-01,364,3710,0.679
A0590,2024-02,383,4280,0.642
A0590,2024-03,378,3974,0.485
A0590,2024-04,373,5714,0.459
A0590,2024-05,375,8668,0.436
A0590,2024-06,398,3214,0.575
A0591,2024-01,46,782,0.467
A0591,2024-02,22,510,0.154
A0591,2024-03,18,196,0.213
A0591,2024-04,1,15,0.278
A0591,2024-05,1,14,0.019
A0591,2024-06,1,15,0.472
A0592,2024-01,244,2155,0.363
A0592,2024-02,223,5011,0.94
A0592,2024-03,233,2715,0.47
A0592,2024-04,238,3437,0.501
A0592,2024-05,267,5202,0.461
A0592,2024-06,247,2406,0.208
A0593,2024-01,283,6274,0.16
A0593,2024-02,265,3010,0.318
A0593,2024-03,243,4598,0.265
A0593,2024-04,223,2577,0.342
A0593,2024-05,212,2230,0.637
A0593,2024-06,195,4157,0.425
A0594,2024-01,124,2469,0.415
A0594,2024-02,92,929,0.605
A0594,2024-03,102,1013,0.215
A0594,2024-04,69,933,0.33
A0594,2024-05,40,375,0.139
A0594,2024-06,41,588,0.335
A0595,2024-01,132,2970,0.353
A0595,2024-02,145,1235,0.382
A0595,2024-03,165,3338,0.519
A0595,2024-04,145,2214,0.503
A0595,2024-05,129,1772,0.827
A0595,2024-06,145,2410,0.428
A0596,2024-01,256,2424,0.17
A0596,2024-02,271,4964,0.173
A0596,2024-03,213,4760,0.281
A0596,2024-04,232,2147,0.288
A0596,2024-05,205,3091,0.711
A0596,2024-06,177,4124,0.474
A0597,2024-01,199,2982,0.565
A0597,2024-02,204,3152,0.83
A0597,2024-03,213,3325,0.487
A0597,2024-04,188,1693,0.547
A0597,2024-05,207,1797,0.503
A0597,2024-06,218,3560,0.677
A0598,2024-01,216,2875,0.301
A0598,2024-02,197,2766,0.371
A0598,2024-03,213,4904,0.527
A0598,2024-04,208,1882,0.555
A0598,2024-05,204,2498,0.494
A0598,2024-06,212,1934,0.621
A0599,2024-01,244,3117,0.289
A0599,2024-02,229,5647,0.204
A0599,2024-03,221,5250,0.525
A0599,2024-04,223,5301,0.22
A0599,2024-05,189,4677,0.231
A0599,2024-06,167,1655,0.366
A0600,2024-01,178,1940,0.738
A0600,2024-02,143,2364,0.483
A0600,2024-03,135,1568,0.615
A0600,2024-04,168,4050,0.784
A0600,2024-05,154,1297,0.488
A0600,2024-06,174,3924,0.664
A0601,2024-01,133,2622,0.391
A0601,2024-02,149,2528,0.603
A0601,2024-03,146,3382,0.793
A0601,2024-04,139,1998,0.383
A0601,2024-05,164,3635,0.556
A0601,2024-06,142,2243,0.561
A0602,2024-01,240,3762,0.258
A0602,2024-02,214,3038,0.102
A0602,2024-03,184,4094,0.298
A0602,2024-04,182,2740,0.621
A0602,2024-05,158,2292,0.346
A0602,2024-06,144,1253,0.488
A0603,2024-01,310,2492,0.458
A0603,2024-02,289,6669,0.387
A0603,2024-03,290,4638,0.602
A0603,2024-04,304,3572,0.452
A0603,2024-05,324,2767,0.618
A0603,2024-06,297,3790,0.548
A0604,2024-01,64,553,0.127
A0604,2024-02,36,626,0.223
A0604,2024-03,31,444,0.47
A0604,2024-04,41,814,0.52
A0604,2024-05,6,53,0.363
A0604,2024-06,1,19,0.445
A0605,2024-01,241,4854,0.255
A0605,2024-02,226,3347,0.315
A0605,2024-03,194,2846,0.075
A0605,2024-04,171,1678,0.352
A0605,2024-05,176,3753,0.273
A0605,2024-06,136,2109,0.65
A0606,2024-01,64,1051,0.543
A0606,2024-02,81,1003,0.568
A0606,2024-03,92,2002,0.384
A0606,2024-04,82,983,0.503
A0606,2024-05,83,1099,0.396
A0606,2024-06,71,1345,0.632
A0607,2024-01,142,3226,0.262
A0607,2024-02,126,1508,0.2
A0607,2024-03,96,1588,0.27
A0607,2024-04,102,1710,0.215
A0607,2024-05,44,369,0.211
A0607,2024-06,69,902,0.434
A0608,2024-01,278,2747,0.191
A0608,2024-02,258,5620,0.775
A0608,2024-03,257,3549,0.575
A0608,2024-04,277,6381,0.541
A0608,2024-05,248,4497,0.516
A0608,2024-06,263,2596,0.638
A0609,2024-01,330,6321,0.477
A0609,2024-02,342,4544,0.711
A0609,2024-03,352,6717,0.976
A0609,2024-04,362,5565,0.569
A0609,2024-05,323,4676,0.801
A0609,2024-06,384,5714,0.6
A0610,2024-01,227,3523,0.748
A0610,2024-02,182,1836,0.303
A0610,2024-03,158,3143,0.102
A0610,2024-04,151,1965,0.572
A0610,2024-05,139,2792,0.259
A0610,2024-06,118,1410,0.333
A0611,2024-01,29,431,0.512
A0611,2024-02,50,435,0.517
A0611,2024-03,64,686,0.71
A0611,2024-04,85,1279,0.978
A0611,2024-05,69,1497,0.407
A0611,2024-06,96,2287,0.398
A0612,2024-01,381,8450,0.41
A0612,2024-02,344,7159,0.09
A0612,2024-03,332,6189,0.516
A0612,2024-04,307,7099,0.406
A0612,2024-05,275,5417,0.294
A0612,2024-06,264,6428,0.387
A0613,2024-01,97,1029,0.332
A0613,2024-02,85,773,0.389
A0613,2024-03,66,873,0.014
A0613,2024-04,37,686,0.543
A0613,2024-05,15,302,0.167
A0613,2024-06,7,56,0.765
A0614,2024-01,414,3479,0.535
A0614,2024-02,389,7433,0.134
A0614,2024-03,394,9179,0.527
A0614,2024-04,378,5554,0.32
A0614,2024-05,421,9730,0.241
A0614,2024-06,399,6930,0.576
A0615,2024-01,194,3682,0.284
A0615,2024-02,169,3904,0.15
A0615,2024-03,177,4343,0.2
A0615,2024-04,139,1830,0.345
A0615,2024-05,133,1994,0.416
A0615,2024-06,130,2162,0.155
A0616,2024-01,321,4212,0.381
A0616,2024-02,289,2337,0.415
A0616,2024-03,261,6186,0.271
A0616,2024-04,237,4750,0.314
A0616,2024-05,245,2659,0.143
A0616,2024-06,215,4151,0.553
A0617,2024-01,262,4223,0.159
A0617,2024-02,223,2839,0.176
A0617,2024-03,207,4496,0.338
A0617,2024-04,183,3775,0.25
A0617,2024-05,178,3290,0.542
A0617,2024-06,146,1183,0.29
A0618,2024-01,255,4962,0.194
A0618,2024-02,279,6384,0.716
A0618,2024-03,272,4885,0.465
A0618,2024-04,249,6204,0.57
A0618,2024-05,260,5588,0.596
A0618,2024-06,274,3777,0.697
A0619,2024-01,276,3671,0.533
A0619,2024-02,272,5921,0.641
A0619,2024-03,265,5780,0.471
A0619,2024-04,280,6987,0.555
A0619,2024-05,256,4477,0.596
A0619,2024-06,246,3477,0.347
A0620,2024-01,283,5364,0.502
A0620,2024-02,284,2840,0.226
A0620,2024-03,267,5961,0.384
A0620,2024-04,255,2427,0.649
A0620,2024-05,222,2090,0.246
A0620,2024-06,207,4447,0.043
A0621,2024-01,310,4278,0.19
A0621,2024-02,328,6297,0.38
A0621,2024-03,290,6920,0.275
A0621,2024-04,286,6117,0.341
A0621,2024-05,241,3817,0.313
A0621,2024-06,214,5320,0.144
A0622,2024-01,350,3183,0.469
A0622,2024-02,377,5317,0.739
A0622,2024-03,385,5949,0.569
A0622,2024-04,382,5390,0.288
A0622,2024-05,394,7042,0.674
A0622,2024-06,384,7426,0.318
A0623,2024-01,83,2041,0.629
A0623,2024-02,83,1069,0.642
A0623,2024-03,73,615,0.522
A0623,2024-04,80,843,0.512
A0623,2024-05,85,1594,0.573
A0623,2024-06,88,939,0.476
A0624,2024-01,42,505,0.594
A0624,2024-02,44,890,0.193
A0624,2024-03,20,232,0.208
A0624,2024-04,1,11,0.154
A0624,2024-05,1,15,0.462
A0624,2024-06,1,13,0.238
A0625,2024-01,161,2648,0.133
A0625,2024-02,162,3514,0.537
A0625,2024-03,120,992,0.714
A0625,2024-04,114,2659,0.347
A0625,2024-05,106,2056,0.258
A0625,2024-06,74,954,0.24
A0626,2024-01,128,1390,0.297
A0626,2024-02,84,1035,0.415
A0626,2024-03,65,1147,0.44
A0626,2024-04,50,965,0.513
A0626,2024-05,32,766,0.503
A0626,2024-06,8,144,0.0
A0627,2024-01,228,3592,0.415
A0627,2024-02,231,2831,0.587
A0627,2024-03,250,4406,0.669
A0627,2024-04,234,4225,0.479
A0627,2024-05,205,2784,0.417
A0627,2024-06,222,3427,0.544
A0628,2024-01,214,3829,0.151
A0628,2024-02,223,4110,0.329
A0628,2024-03,177,4276,0.622
A0628,2024-04,170,2023,0.423
A0628,2024-05,152,2919,0.213
A0628,2024-06,127,2856,0.47
A0629,2024-01,214,4041,0.362
A0629,2024-02,215,4123,0.338
A0629,2024-03,195,4172,0.483
A0629,2024-04,172,3757,0.184
A0629,2024-05,153,2505,0.463
A0629,2024-06,133,1102,0.223
A0630,2024-01,354,3872,0.42
A0630,2024-02,363,9047,0.345
A0630,2024-03,370,9222,0.488
A0630,2024-04,381,7044,0.483
A0630,2024-05,389,4832,0.601
A0630,2024-06,381,6476,0.46
A0631,2024-01,356,6738,0.365
A0631,2024-02,382,4796,0.378
A0631,2024-03,353,4747,0.293
A0631,2024-04,313,7774,0.45
A0631,2024-05,315,5468,0.262
A0631,2024-06,296,5732,0.422
A0632,2024-01,105,1223,0.147
A0632,2024-02,91,1444,0.01
A0632,2024-03,96,843,0.498
A0632,2024-04,75,886,0.618
A0632,2024-05,50,1121,0.541
A0632,2024-06,26,414,0.256
A0633,2024-01,210,2056,0.638
A0633,2024-02,164,3194,0.774
A0633,2024-03,189,2657,0.583
A0633,2024-04,198,4219,0.527
A0633,2024-05,203,3127,0.631
A0633,2024-06,189,2859,0.493
A0634,2024-01,277,3008,0.46
A0634,2024-02,252,5158,0.263
A0634,2024-03,252,3992,0.375
A0634,2024-04,224,5392,0.272
A0634,2024-05,207,4762,0.527
A0634,2024-06,181,3449,0.1
A0635,2024-01,197,3609,0.505
A0635,2024-02,182,2889,0.442
A0635,2024-03,164,1967,0.185
A0635,2024-04,122,1392,0.233
A0635,2024-05,111,1361,0.163
A0635,2024-06,105,2611,0.173
A0636,2024-01,285,4766,0.72
A0636,2024-02,277,2812,0.401
A0636,2024-03,288,3808,0.863
A0636,2024-04,291,4630,0.593
A0636,2024-05,290,5275,0.748
A0636,2024-06,287,2744,0.272
A0637,2024-01,259,4690,0.694
A0637,2024-02,263,2846,0.323
A0637,2024-03,244,6053,0.383
A0637,2024-04,258,2147,0.57
A0637,2024-05,263,4854,0.449
A0637,2024-06,279,6342,0.713
A0638,2024-01,205,2697,0.636
A0638,2024-02,196,3901,0.363
A0638,2024-03,224,4160,0.693
A0638,2024-04,205,2208,0.735
A0638,2024-05,213,2737,0.492
A0638,2024-06,231,3159,0.644
A0639,2024-01,141,2967,0.44
A0639,2024-02,122,1464,0.498
A0639,2024-03,95,2072,0.398
A0639,2024-04,89,989,0.194
A0639,2024-05,52,419,0.259
A0639,2024-06,76,1057,0.356
A0640,2024-01,310,6907,0.759
A0640,2024-02,322,6193,0.679
A0640,2024-03,333,5119,0.453
A0640,2024-04,295,4098,0.559
A0640,2024-05,310,4997,0.558
A0640,2024-06,333,6236,0.38
A0641,2024-01,252,2435,0.311
A0641,2024-02,244,5546,0.147
A0641,2024-03,212,5042,0.329
A0641,2024-04,239,3831,0.154
A0641,2024-05,178,1490,0.424
A0641,2024-06,162,1997,0.642
A0642,2024-01,315,6351,0.245
A0642,2024-02,284,4866,0.271
A0642,2024-03,253,5308,0.383
A0642,2024-04,255,4328,0.389
A0642,2024-05,223,3854,0.434
A0642,2024-06,202,3309,0.165
A0643,2024-01,198,4422,0.634
A0643,2024-02,185,1516,0.502
A0643,2024-03,193,1555,0.474
A0643,2024-04,186,1775,0.675
A0643,2024-05,193,2349,0.669
A0643,2024-06,189,2639,0.396
A0644,2024-01,270,6441,0.605
A0644,2024-02,268,6056,0.384
A0644,2024-03,253,5431,0.325
A0644,2024-04,227,3383,0.343
A0644,2024-05,214,2736,0.305
A0644,2024-06,187,4475,0.512
A0645,2024-01,212,3596,0.509
A0645,2024-02,166,3182,0.162
A0645,2024-03,177,2215,0.128
A0645,2024-04,158,1331,0.315
A0645,2024-05,135,1992,0.527
A0645,2024-06,114,2097,0.344
A0646,2024-01,375,6122,0.185
A0646,2024-02,360,8683,0.561
A0646,2024-03,332,3034,0.437
A0646,2024-04,338,4506,0.509
A0646,2024-05,305,3112,0.652
A0646,2024-06,308,2829,0.516
A0647,2024-01,251,5078,0.658
A0647,2024-02,249,2472,0.605
A0647,2024-03,258,2451,0.631
A0647,2024-04,255,3112,0.764
A0647,2024-05,241,3032,0.741
A0647,2024-06,244,4890,0.414
A0648,2024-01,340,7423,0.508
A0648,2024-02,363,4371,0.497
A0648,2024-03,348,4209,0.722
A0648,2024-04,339,5470,0.298
A0648,2024-05,355,5511,0.617
A0648,2024-06,357,5476,0.304
A0649,2024-01,235,3011,0.22
A0649,2024-02,246,2989,0.575
A0649,2024-03,239,3077,0.769
A0649,2024-04,244,2542,0.607
A0649,2024-05,246,4059,0.285
A0649,2024-06,257,2600,0.513
A0650,2024-01,345,6454,0.372
A0650,2024-02,330,7426,0.573
A0650,2024-03,290,2630,0.3
A0650,2024-04,268,3657,0.42
A0650,2024-05,267,5054,0.403
A0650,2024-06,226,2407,0.306
A0651,2024-01,250,5923,0.285
A0651,2024-02,262,3836,0.503
A0651,2024-03,230,2817,0.425
A0651,2024-04,211,2723,0.127
A0651,2024-05,188,4122,0.539
A0651,2024-06,168,3413,0.489
A0652,2024-01,9,142,0.481
A0652,2024-02,37,563,0.428
A0652,2024-03,56,1385,0.568
A0652,2024-04,60,996,0.65
A0652,2024-05,73,1438,0.488
A0652,2024-06,63,1052,0.824
A0653,2024-01,292,3110,0.304
A0653,2024-02,295,6169,0.212
A0653,2024-03,254,6199,0.312
A0653,2024-04,288,4370,0.635
A0653,2024-05,278,5853,0.629
A0653,2024-06,271,5059,0.39
A0654,2024-01,107,886,0.62
A0654,2024-02,65,617,0.474
A0654,2024-03,106,1860,0.932
A0654,2024-04,96,1967,0.522
A0654,2024-05,89,1038,0.702
A0654,2024-06,108,958,0.742
A0655,2024-01,226,4912,0.181
A0655,2024-02,215,4468,0.328
A0655,2024-03,181,3225,0.347
A0655,2024-04,177,3821,0.545
A0655,2024-05,153,2592,0.587
A0655,2024-06,147,1799,0.328
A0656,2024-01,111,1286,0.261
A0656,2024-02,91,1986,0.365
A0656,2024-03,80,1985,0.297
A0656,2024-04,71,600,0.455
A0656,2024-05,46,778,0.554
A0656,2024-06,21,175,0.318
A0657,2024-01,114,1035,0.56
A0657,2024-02,138,2272,0.473
A0657,2024-03,117,1727,0.603
A0657,2024-04,142,1585,0.425
A0657,2024-05,113,1092,0.488
A0657,2024-06,130,2083,0.296
A0658,2024-01,99,997,0.379
A0658,2024-02,113,2805,0.533
A0658,2024-03,122,2978,0.759
A0658,2024-04,109,2621,0.435
A0658,2024-05,104,1894,0.387
A0658,2024-06,113,1570,0.423
A0659,2024-01,398,4329,0.399
A0659,2024-02,383,8573,0.806
A0659,2024-03,407,9102,0.728
A0659,2024-04,413,7552,0.712
A0659,2024-05,392,6702,0.566
A0659,2024-06,394,4578,0.716
A0660,2024-01,384,9596,0.553
A0660,2024-02,375,5166,0.0
A0660,2024-03,348,7054,0.145
A0660,2024-04,349,3253,0.0
A0660,2024-05,318,5222,0.079
A0660,2024-06,308,6316,0.343
A0661,2024-01,84,2069,0.545
A0661,2024-02,49,485,0.198
A0661,2024-03,74,1638,0.562
A0661,2024-04,66,1347,0.595
A0661,2024-05,61,1155,0.857
A0661,2024-06,76,1296,0.543
A0662,2024-01,320,2569,0.778
A0662,2024-02,337,3562,0.68
A0662,2024-03,328,2752,0.588
A0662,2024-04,304,4962,0.584
A0662,2024-05,320,7291,0.427
A0662,2024-06,343,4433,0.666
A0663,2024-01,333,2971,0.532
A0663,2024-02,330,3146,0.438
A0663,2024-03,347,6833,0.55
A0663,2024-04,358,5684,0.481
A0663,2024-05,336,5011,0.727
A0663,2024-06,338,6265,0.451
A0664,2024-01,276,3651,0.71
A0664,2024-02,272,5473,0.382
A0664,2024-03,307,7477,0.249
A0664,2024-04,306,5032,0.546
A0664,2024-05,288,3055,0.633
A0664,2024-06,321,7836,0.521
A0665,2024-01,383,9133,0.405
A0665,2024-02,379,8586,0.155
A0665,2024-03,368,6459,0.572
A0665,2024-04,348,7210,0.245
A0665,2024-05,350,6471,0.415
A0665,2024-06,320,6247,0.16
A0666,2024-01,370,9009,0.507
A0666,2024-02,366,7677,0.498
A0666,2024-03,349,6064,0.123
A0666,2024-04,339,2908,0.763
A0666,2024-05,308,2812,0.399
A0666,2024-06,299,7064,0.338
A0667,2024-01,203,2713,0.365
A0667,2024-02,194,3902,0.316
A0667,2024-03,154,3591,0.226
A0667,2024-04,128,1911,0.38
A0667,2024-05,147,2410,0.363
A0667,2024-06,131,1708,0.43
A0668,2024-01,231,2876,0.524
A0668,2024-02,231,3311,0.445
A0668,2024-03,238,4898,0.628
A0668,2024-04,202,4496,0.255
A0668,2024-05,193,3886,0.303
A0668,2024-06,185,2111,0.419
A0669,2024-01,210,2948,0.412
A0669,2024-02,227,3488,0.41
A0669,2024-03,210,3740,0.419
A0669,2024-04,250,4317,0.569
A0669,2024-05,247,4061,0.581
A0669,2024-06,254,3485,0.406
A0670,2024-01,342,6973,0.365
A0670,2024-02,329,5169,0.61
A0670,2024-03,327,3174,0.582
A0670,2024-04,360,3492,0.286
A0670,2024-05,371,6504,0.33
A0670,2024-06,360,2974,0.526
A0671,2024-01,325,5294,0.548
A0671,2024-02,328,5634,0.633
A0671,2024-03,325,3361,0.616
A0671,2024-04,337,8081,0.341
A0671,2024-05,317,5504,0.569
A0671,2024-06,345,5567,0.393
A0672,2024-01,149,1958,0.333
A0672,2024-02,138,2539,0.284
A0672,2024-03,137,1790,0.518
A0672,2024-04,103,1735,0.463
A0672,2024-05,154,2556,0.488
A0672,2024-06,132,2276,0.559
A0673,2024-01,61,683,0.0
A0673,2024-02,47,535,0.38
A0673,2024-03,16,266,0.473
A0673,2024-04,1,24,0.129
A0673,2024-05,1,12,0.5
A0673,2024-06,1,24,0.141
A0674,2024-01,243,3441,0.284
A0674,2024-02,229,4926,0.361
A0674,2024-03,186,2462,0.317
A0674,2024-04,186,3556,0.373
A0674,2024-05,164,1773,0.194
A0674,2024-06,162,3314,0.374
A0675,2024-01,356,3787,0.531
A0675,2024-02,338,5763,0.636
A0675,2024-03,352,4713,0.733
A0675,2024-04,344,7233,0.265
A0675,2024-05,372,8390,0.648
A0675,2024-06,338,6043,0.514
A0676,2024-01,222,2515,0.432
A0676,2024-02,223,4782,0.474
A0676,2024-03,208,2868,0.501
A0676,2024-04,181,3460,0.405
A0676,2024-05,202,3460,0.288
A0676,2024-06,158,1843,0.297
A0677,2024-01,153,2999,0.547
A0677,2024-02,133,2356,0.291
A0677,2024-03,137,2586,0.428
A0677,2024-04,112,1696,0.6
A0677,2024-05,137,1817,0.61
A0677,2024-06,128,1152,0.404
A0678,2024-01,120,2541,0.668
A0678,2024-02,113,2681,0.578
A0678,2024-03,156,1527,0.796
A0678,2024-04,136,1382,0.733
A0678,2024-05,170,1614,0.725
A0678,2024-06,141,1526,0.347
A0679,2024-01,146,2940,0.858
A0679,2024-02,148,1326,0.724
A0679,2024-03,171,1876,0.656
A0679,2024-04,168,1506,0.367
A0679,2024-05,167,2445,0.592
A0679,2024-06,172,1646,0.233
A0680,2024-01,202,4237,0.266
A0680,2024-02,181,2141,0.503
A0680,2024-03,171,3713,0.465
A0680,2024-04,159,2879,0.352
A0680,2024-05,154,1858,0.493
A0680,2024-06,108,1363,0.075
A0681,2024-01,374,3760,0.545
A0681,2024-02,380,9375,0.679
A0681,2024-03,381,5446,0.207
A0681,2024-04,378,4620,0.396
A0681,2024-05,378,9221,0.528
A0681,2024-06,398,6299,0.573
A0682,2024-01,125,2756,0.295
A0682,2024-02,113,1853,0.041
A0682,2024-03,94,2079,0.314
A0682,2024-04,97,1083,0.248
A0682,2024-05,55,644,0.262
A0682,2024-06,23,327,0.37
A0683,2024-01,320,4004,0.524
A0683,2024-02,317,4121,0.471
A0683,2024-03,332,8188,0.692
A0683,2024-04,337,5388,0.792
A0683,2024-05,343,8521,0.786
A0683,2024-06,363,4942,0.502
A0684,2024-01,279,3208,0.649
A0684,2024-02,278,3875,0.38
A0684,2024-03,301,3405,0.451
A0684,2024-04,274,4698,0.521
A0684,2024-05,279,6425,0.427
A0684,2024-06,286,6160,0.66
A0685,2024-01,116,2524,0.597
A0685,2024-02,113,1166,0.527
A0685,2024-03,158,3593,0.15
A0685,2024-04,122,3013,0.441
A0685,2024-05,117,2156,0.39
A0685,2024-06,147,1814,0.711
A0686,2024-01,233,4435,0.589
A0686,2024-02,209,3627,0.443
A0686,2024-03,186,3106,0.364
A0686,2024-04,177,2807,0.297
A0686,2024-05,158,3694,0.181
A0686,2024-06,103,1904,0.322
A0687,2024-01,201,2409,0.481
A0687,2024-02,211,3613,0.383
A0687,2024-03,213,4914,0.698
A0687,2024-04,208,2683,0.593
A0687,2024-05,222,2244,0.66
A0687,2024-06,202,4122,0.514
A0688,2024-01,117,2260,0.533
A0688,2024-02,137,2539,0.287
A0688,2024-03,150,2547,0.55
A0688,2024-04,121,2768,0.494
A0688,2024-05,129,1793,0.42
A0688,2024-06,161,1360,0.668
A0689,2024-01,87,827,0.606
A0689,2024-02,90,989,0.711
A0689,2024-03,70,1196,0.631
A0689,2024-04,100,843,0.625
A0689,2024-05,99,2338,0.595
A0689,2024-06,116,1186,0.656
A0690,2024-01,132,1096,0.835
A0690,2024-02,112,1559,0.573
A0690,2024-03,145,1450,0.549
A0690,2024-04,142,2774,0.614
A0690,2024-05,129,2296,0.429
A0690,2024-06,167,2479,0.457
A0691,2024-01,75,1783,0.668
A0691,2024-02,67,1438,0.555
A0691,2024-03,49,1191,0.554
A0691,2024-04,43,587,0.41
A0691,2024-05,31,543,0.44
A0691,2024-06,58,1290,0.344
A0692,2024-01,105,909,0.323
A0692,2024-02,98,2333,0.087
A0692,2024-03,56,1144,0.497
A0692,2024-04,49,464,0.534
A0692,2024-05,17,200,0.383
A0692,2024-06,1,14,0.407
A0693,2024-01,336,5330,0.443
A0693,2024-02,341,8079,0.659
A0693,2024-03,343,4194,0.297
A0693,2024-04,359,5388,0.364
A0693,2024-05,390,8545,0.541
A0693,2024-06,377,4767,0.362
A0694,2024-01,401,5583,0.384
A0694,2024-02,377,6907,0.665
A0694,2024-03,379,3585,0.317
A0694,2024-04,333,6779,0.212
A0694,2024-05,325,3085,0.583
A0694,2024-06,311,5130,0.195
A0695,2024-01,78,1600,0.433
A0695,2024-02,43,596,0.463
A0695,2024-03,42,857,0.402
A0695,2024-04,32,408,0.492
A0695,2024-05,1,14,0.56
A0695,2024-06,1,9,0.278
A0696,2024-01,67,1017,0.325
A0696,2024-02,78,1081,0.479
A0696,2024-03,66,1395,0.355
A0696,2024-04,42,597,0.428
A0696,2024-05,21,520,0.464
A0696,2024-06,1,16,0.479
A0697,2024-01,208,2162,0.695
A0697,2024-02,226,5180,0.81
A0697,2024-03,206,2440,0.58
A0697,2024-04,196,2283,0.462
A0697,2024-05,192,1878,0.74
A0697,2024-06,216,5074,0.402
A0698,2024-01,298,3282,0.626
A0698,2024-02,304,2541,0.284
A0698,2024-03,332,5653,0.681
A0698,2024-04,315,7483,0.38
A0698,2024-05,304,7105,0.554
A0698,2024-06,330,4943,0.415
A0699,2024-01,42,740,0.348
A0699,2024-02,34,606,0.298
A0699,2024-03,19,401,0.542
A0699,2024-04,6,97,0.393
A0699,2024-05,1,21,0.232
A0699,2024-06,1,21,0.259
A0700,2024-01,294,7148,0.521
A0700,2024-02,247,3359,0.047
A0700,2024-03,238,5692,0.474
A0700,2024-04,232,4738,0.525
A0700,2024-05,193,2681,0.169
A0700,2024-06,177,4227,0.113
A0701,2024-01,98,2083,0.616
A0701,2024-02,102,958,0.684
A0701,2024-03,95,1980,0.591
A0701,2024-04,88,799,0.32
A0701,2024-05,96,1997,0.62
A0701,2024-06,114,1597,0.562
A0702,2024-01,196,3332,0.39
A0702,2024-02,197,3956,0.577
A0702,2024-03,186,2838,0.215
A0702,2024-04,197,2358,0.372
A0702,2024-05,180,2082,0.688
A0702,2024-06,217,3291,0.357
A0703,2024-01,197,3773,0.371
A0703,2024-02,160,2279,0.5
A0703,2024-03,149,3403,0.15
A0703,2024-04,110,2124,0.237
A0703,2024-05,108,917,0.361
A0703,2024-06,91,1927,0.347
A0704,2024-01,153,3272,0.285
A0704,2024-02,155,1968,0.555
A0704,2024-03,106,1615,0.618
A0704,2024-04,92,1973,0.286
A0704,2024-05,78,833,0.344
A0704,2024-06,55,778,0.32
A0705,2024-01,198,1759,0.562
A0705,2024-02,193,2643,0.307
A0705,2024-03,129,3084,0.381
A0705,2024-04,120,2975,0.36
A0705,2024-05,125,1583,0.485
A0705,2024-06,105,1679,0.676
A0706,2024-01,182,3474,0.359
A0706,2024-02,174,3056,0.567
A0706,2024-03,135,2305,0.229
A0706,2024-04,103,1507,0.545
A0706,2024-05,93,1527,0.264
A0706,2024-06,71,912,0.452
A0707,2024-01,231,5190,0.364
A0707,2024-02,205,2697,0.541
A0707,2024-03,188,3451,0.508
A0707,2024-04,200,2172,0.329
A0707,2024-05,157,3437,0.297
A0707,2024-06,135,1240,0.337
A0708,2024-01,172,3339,0.542
A0708,2024-02,155,2000,0.355
A0708,2024-03,155,1399,0.537
A0708,2024-04,116,2350,0.386
A0708,2024-05,112,2247,0.209
A0708,2024-06,84,1560,0.517
A0709,2024-01,310,3602,0.251
A0709,2024-02,273,2886,0.529
A0709,2024-03,260,4158,0.092
A0709,2024-04,263,5918,0.432
A0709,2024-05,233,4073,0.2
A0709,2024-06,221,4866,0.349
A0710,2024-01,376,5566,0.392
A0710,2024-02,373,6523,0.523
A0710,2024-03,366,5255,0.356
A0710,2024-04,378,6718,0.499
A0710,2024-05,373,7172,0.55
A0710,2024-06,389,8985,1.0
A0711,2024-01,246,5405,0.366
A0711,2024-02,229,4607,0.414
A0711,2024-03,185,1956,0.278
A0711,2024-04,164,2576,0.408
A0711,2024-05,157,3400,0.464
A0711,2024-06,145,1212,0.808
A0712,2024-01,347,6747,0.364
A0712,2024-02,354,6764,0.999
A0712,2024-03,355,8280,0.332
A0712,2024-04,375,7473,0.688
A0712,2024-05,352,2971,0.273
A0712,2024-06,373,8622,0.46
A0713,2024-01,149,3678,0.401
A0713,2024-02,109,1597,0.297
A0713,2024-03,112,1885,0.113
A0713,2024-04,96,1341,0.574
A0713,2024-05,59,1243,0.172
A0713,2024-06,46,643,0.255
A0714,2024-01,235,4694,0.515
A0714,2024-02,244,5483,0.628
A0714,2024-03,238,5329,0.353
A0714,2024-04,251,6236,0.642
A0714,2024-05,245,2718,0.46
A0714,2024-06,238,5075,0.579
A0715,2024-01,93,912,0.6
A0715,2024-02,96,2252,0.588
A0715,2024-03,100,846,0.698
A0715,2024-04,121,1174,0.735
A0715,2024-05,99,1242,0.753
A0715,2024-06,66,796,0.742
A0716,2024-01,91,907,0.087
A0716,2024-02,95,2059,0.409
A0716,2024-03,78,646,0.419
A0716,2024-04,45,799,0.355
A0716,2024-05,17,185,0.0
A0716,2024-06,22,324,0.231
A0717,2024-01,76,1161,0.402
A0717,2024-02,50,409,0.389
A0717,2024-03,48,428,0.373
A0717,2024-04,38,591,0.412
A0717,2024-05,29,425,0.224
A0717,2024-06,1,8,0.134
A0718,2024-01,141,3224,0.267
A0718,2024-02,99,805,0.34
A0718,2024-03,100,2093,0.345
A0718,2024-04,98,2336,0.671
A0718,2024-05,63,1099,0.205
A0718,2024-06,39,922,0.48
A0719,2024-01,280,4833,0.643
A0719,2024-02,260,4658,0.411
A0719,2024-03,243,5939,0.247
A0719,2024-04,239,4380,0.583
A0719,2024-05,213,3649,0.443
A0719,2024-06,217,5095,0.366
A0720,2024-01,166,1624,0.383
A0720,2024-02,175,1705,0.269
A0720,2024-03,135,2963,0.23
A0720,2024-04,97,2228,0.341
A0720,2024-05,108,2515,0.2
A0720,2024-06,94,2121,0.356
A0721,2024-01,132,2069,0.367
A0721,2024-02,120,1175,0.131
A0721,2024-03,96,2192,0.241
A0721,2024-04,92,1516,0.521
A0721,2024-05,72,887,0.502
A0721,2024-06,47,1154,0.212
A0722,2024-01,52,606,0.092
A0722,2024-02,35,494,0.388
A0722,2024-03,35,404,0.336
A0722,2024-04,22,414,0.453
A0722,2024-05,1,18,0.192
A0722,2024-06,1,16,0.079
A0723,2024-01,167,2174,0.755
A0723,2024-02,156,2293,0.462
A0723,2024-03,148,2314,0.15
A0723,2024-04,126,3036,0.212
A0723,2024-05,102,1848,0.488
A0723,2024-06,80,1720,0.329
A0724,2024-01,301,4030,0.518
A0724,2024-02,307,3798,0.441
A0724,2024-03,308,7268,0.782
A0724,2024-04,331,4798,0.531
A0724,2024-05,329,2914,0.564
A0724,2024-06,314,3804,0.693
A0725,2024-01,38,465,0.484
A0725,2024-02,58,1099,0.484
A0725,2024-03,37,417,0.374
A0725,2024-04,19,413,0.29
A0725,2024-05,1,16,0.446
A0725,2024-06,1,13,0.49
A0726,2024-01,85,1823,0.387
A0726,2024-02,50,618,0.777
A0726,2024-03,33,784,0.407
A0726,2024-04,39,861,0.427
A0726,2024-05,9,105,0.493
A0726,2024-06,5,96,0.268
A0727,2024-01,251,2288,0.5
A0727,2024-02,243,5116,0.587
A0727,2024-03,229,5001,0.374
A0727,2024-04,254,5165,0.355
A0727,2024-05,247,4610,0.566
A0727,2024-06,238,2507,0.595
A0728,2024-01,302,5887,0.148
A0728,2024-02,264,3453,0.469
A0728,2024-03,253,4470,0.324
A0728,2024-04,255,3025,0.01
A0728,2024-05,240,4541,0.27
A0728,2024-06,204,2078,0.274
A0729,2024-01,106,1247,0.552
A0729,2024-02,97,1997,0.406
A0729,2024-03,86,1562,0.317
A0729,2024-04,61,1197,0.28
A0729,2024-05,48,504,0.149
A0729,2024-06,28,623,0.261
A0730,2024-01,211,4804,0.35
A0730,2024-02,207,2026,0.473
A0730,2024-03,176,3185,0.428
A0730,2024-04,163,1619,0.244
A0730,2024-05,134,3334,0.269
A0730,2024-06,115,1480,0.354
A0731,2024-01,345,6532,0.345
A0731,2024-02,317,7569,0.531
A0731,2024-03,328,6728,0.437
A0731,2024-04,300,7329,0.279
A0731,2024-05,265,4915,0.598
A0731,2024-06,243,5036,0.466
A0732,2024-01,248,2410,0.459
A0732,2024-02,206,3173,0.344
A0732,2024-03,220,3437,0.303
A0732,2024-04,181,3384,0.177
A0732,2024-05,184,3705,0.324
A0732,2024-06,151,3414,0.536
A0733,2024-01,229,2209,0.466
A0733,2024-02,227,4060,0.455
A0733,2024-03,198,4781,0.398
A0733,2024-04,168,1664,0.235
A0733,2024-05,164,3664,0.407
A0733,2024-06,144,1923,0.616
A0734,2024-01,370,7537,0.45
A0734,2024-02,321,4793,0.463
A0734,2024-03,322,4586,0.629
A0734,2024-04,302,7244,0.296
A0734,2024-05,286,6986,0.195
A0734,2024-06,282,5176,0.473
A0735,2024-01,349,5899,0.692
A0735,2024-02,325,5841,0.51
A0735,2024-03,326,4836,0.451
A0735,2024-04,336,5426,0.504
A0735,2024-05,325,5728,0.588
A0735,2024-06,346,4149,0.46
A0736,2024-01,203,3669,0.146
A0736,2024-02,176,4102,0.311
A0736,2024-03,164,2865,0.187
A0736,2024-04,143,1574,0.621
A0736,2024-05,158,1543,0.276
A0736,2024-06,109,998,0.313
A0737,2024-01,375,3627,0.381
A0737,2024-02,379,7205,0.402
A0737,2024-03,385,4373,0.88
A0737,2024-04,382,3841,0.622
A0737,2024-05,387,4172,0.582
A0737,2024-06,374,6253,0.703
A0738,2024-01,280,4913,0.112
A0738,2024-02,300,6632,0.05
A0738,2024-03,259,4993,0.237
A0738,2024-04,254,3458,0.39
A0738,2024-05,216,3732,0.357
A0738,2024-06,200,3301,0.434
A0739,2024-01,342,2766,0.585
A0739,2024-02,343,2745,0.41
A0739,2024-03,314,5555,0.415
A0739,2024-04,312,7722,0.229
A0739,2024-05,282,3666,0.71
A0739,2024-06,239,2430,0.338
A0740,2024-01,126,2246,0.109
A0740,2024-02,106,2584,0.389
A0740,2024-03,50,1050,0.42
A0740,2024-04,63,1140,0.235
A0740,2024-05,47,766,0.415
A0740,2024-06,29,591,0.494
A0741,2024-01,170,1507,0.362
A0741,2024-02,194,3914,0.605
A0741,2024-03,175,2246,0.605
A0741,2024-04,196,3874,0.377
A0741,2024-05,170,1531,0.39
A0741,2024-06,208,1904,0.401
A0742,2024-01,192,2251,0.301
A0742,2024-02,211,4380,0.552
A0742,2024-03,190,4314,0.589
A0742,2024-04,223,2719,0.358
A0742,2024-05,229,4518,0.548
A0742,2024-06,202,4474,0.247
A0743,2024-01,76,680,0.28
A0743,2024-02,38,312,0.157
A0743,2024-03,27,620,0.287
A0743,2024-04,22,257,0.094
A0743,2024-05,1,23,0.334
A0743,2024-06,1,20,0.203
A0744,2024-01,100,1406,0.39
A0744,2024-02,82,1649,0.417
A0744,2024-03,54,1330,0.151
A0744,2024-04,60,694,0.101
A0744,2024-05,42,1035,0.559
A0744,2024-06,28,566,0.423
A0745,2024-01,370,3982,0.15
A0745,2024-02,354,3767,0.561
A0745,2024-03,332,3715,0.32
A0745,2024-04,331,4294,0.459
A0745,2024-05,300,3595,0.327
A0745,2024-06,299,2788,0.127
A0746,2024-01,121,2659,0.581
A0746,2024-02,135,1082,0.6
A0746,2024-03,121,2346,0.566
A0746,2024-04,76,1148,0.081
A0746,2024-05,71,1207,0.282
A0746,2024-06,49,1041,0.356
A0747,2024-01,108,2548,0.382
A0747,2024-02,108,870,0.242
A0747,2024-03,90,1763,0.23
A0747,2024-04,51,630,0.463
A0747,2024-05,61,1369,0.406
A0747,2024-06,28,521,0.164
A0748,2024-01,369,4358,0.364
A0748,2024-02,335,7406,0.466
A0748,2024-03,323,6330,0.364
A0748,2024-04,304,2918,0.161
A0748,2024-05,297,6959,0.373
A0748,2024-06,273,3943,0.533
A0749,2024-01,191,3532,0.537
A0749,2024-02,208,4820,0.728
A0749,2024-03,197,4216,0.335
A0749,2024-04,172,3698,0.709
A0749,2024-05,218,4922,0.623
A0749,2024-06,176,1885,0.475
A0750,2024-01,91,1080,0.719
A0750,2024-02,103,2413,0.529
A0750,2024-03,93,1859,0.392
A0750,2024-04,106,2410,0.544
A0750,2024-05,96,801,0.449
A0750,2024-06,104,1725,0.186
A0751,2024-01,128,2698,0.241
A0751,2024-02,112,1258,0.263
A0751,2024-03,73,1649,0.385
A0751,2024-04,67,564,0.072
A0751,2024-05,40,683,0.349
A0751,2024-06,55,481,0.491
A0752,2024-01,261,4532,0.254
A0752,2024-02,265,2912,0.638
A0752,2024-03,266,4135,0.42
A0752,2024-04,288,2731,0.534
A0752,2024-05,283,3725,0.662
A0752,2024-06,275,5729,0.523
A0753,2024-01,360,4243,0.007
A0753,2024-02,305,2485,0.293
A0753,2024-03,309,4263,0.302
A0753,2024-04,259,2466,0.345
A0753,2024-05,242,3574,0.563
A0753,2024-06,247,3036,0.194
A0754,2024-01,273,3771,0.685
A0754,2024-02,276,2902,0.473
A0754,2024-03,293,7177,0.519
A0754,2024-04,298,5772,0.349
A0754,2024-05,283,3318,0.209
A0754,2024-06,294,3522,0.525
A0755,2024-01,335,4865,0.502
A0755,2024-02,321,4622,0.296
A0755,2024-03,292,4402,0.177
A0755,2024-04,272,4592,0.287
A0755,2024-05,243,5232,0.538
A0755,2024-06,229,2505,0.37
A0756,2024-01,376,5229,0.441
A0756,2024-02,354,7267,0.565
A0756,2024-03,317,4080,0.169
A0756,2024-04,346,5453,0.153
A0756,2024-05,329,3643,0.107
A0756,2024-06,270,5105,0.357
A0757,2024-01,241,2997,0.549
A0757,2024-02,233,3618,0.316
A0757,2024-03,220,3488,0.184
A0757,2024-04,206,4323,0.106
A0757,2024-05,153,2066,0.568
A0757,2024-06,150,1547,0.083
A0758,2024-01,186,3516,0.342
A0758,2024-02,215,3026,0.601
A0758,2024-03,203,5031,0.699
A0758,2024-04,227,3461,0.591
A0758,2024-05,222,5513,0.809
A0758,2024-06,225,4412,0.614
A0759,2024-01,312,2942,0.271
A0759,2024-02,294,5786,0.315
A0759,2024-03,297,6104,0.5
A0759,2024-04,323,5081,0.414
A0759,2024-05,317,6569,0.619
A0759,2024-06,347,4608,0.82
A0760,2024-01,93,1152,0.537
A0760,2024-02,92,1066,0.43
A0760,2024-03,95,2284,0.604
A0760,2024-04,91,961,0.694
A0760,2024-05,71,1689,0.539
A0760,2024-06,92,2288,0.361
A0761,2024-01,81,1415,0.287
A0761,2024-02,62,788,0.301
A0761,2024-03,63,796,0.183
A0761,2024-04,51,1270,0.207
A0761,2024-05,21,505,0.443
A0761,2024-06,1,9,0.529
A0762,2024-01,200,2719,0.2
A0762,2024-02,174,2431,0.326
A0762,2024-03,145,1842,0.612
A0762,2024-04,170,3326,0.213
A0762,2024-05,122,2676,0.476
A0762,2024-06,127,2803,0.152
A0763,2024-01,56,635,0.248
A0763,2024-02,40,439,0.37
A0763,2024-03,43,354,0.249
A0763,2024-04,13,153,0.003
A0763,2024-05,1,17,0.361
A0763,2024-06,1,11,0.525
A0764,2024-01,51,589,0.383
A0764,2024-02,61,1344,0.486
A0764,2024-03,84,1040,0.182
A0764,2024-04,63,1421,0.529
A0764,2024-05,58,608,0.506
A0764,2024-06,76,1113,0.539
A0765,2024-01,227,5417,0.583
A0765,2024-02,245,3206,0.586
A0765,2024-03,266,3366,0.559
A0765,2024-04,241,4676,0.443
A0765,2024-05,244,4169,0.647
A0765,2024-06,254,4537,0.4
A0766,2024-01,246,3047,0.296
A0766,2024-02,216,2080,0.398
A0766,2024-03,216,5003,0.348
A0766,2024-04,183,4040,0.359
A0766,2024-05,169,2341,0.447
A0766,2024-06,137,3140,0.206
A0767,2024-01,273,4311,0.533
A0767,2024-02,259,2469,0.723
A0767,2024-03,270,5217,0.253
A0767,2024-04,285,5908,0.65
A0767,2024-05,294,4941,0.39
A0767,2024-06,300,6226,0.564
A0768,2024-01,345,7888,0.411
A0768,2024-02,364,6765,0.703
A0768,2024-03,359,6606,0.393
A0768,2024-04,337,7827,0.595
A0768,2024-05,346,6035,0.551
A0768,2024-06,349,6026,0.557
A0769,2024-01,177,3705,0.698
A0769,2024-02,153,1733,0.438
A0769,2024-03,157,2294,0.622
A0769,2024-04,151,2472,0.621
A0769,2024-05,167,3229,0.69
A0769,2024-06,161,3728,0.498
A0770,2024-01,334,6059,0.461
A0770,2024-02,319,5150,0.0
A0770,2024-03,298,3343,0.363
A0770,2024-04,275,3278,0.285
A0770,2024-05,248,2813,0.575
A0770,2024-06,263,5806,0.25
A0771,2024-01,57,1210,0.681
A0771,2024-02,65,741,0.755
A0771,2024-03,82,1177,0.346
A0771,2024-04,76,633,0.583
A0771,2024-05,105,1037,0.469
A0771,2024-06,91,986,0.394
A0772,2024-01,55,1006,0.197
A0772,2024-02,50,470,0.273
A0772,2024-03,25,343,0.412
A0772,2024-04,5,98,0.449
A0772,2024-05,1,20,0.376
A0772,2024-06,1,18,0.239
A0773,2024-01,285,3543,0.505
A0773,2024-02,273,4552,0.44
A0773,2024-03,292,5640,0.668
A0773,2024-04,275,4849,0.533
A0773,2024-05,298,7051,0.433
A0773,2024-06,302,7362,0.451
A0774,2024-01,211,4363,0.583
A0774,2024-02,223,3652,0.418
A0774,2024-03,197,2863,0.297
A0774,2024-04,181,2066,0.468
A0774,2024-05,143,3334,0.234
A0774,2024-06,131,2119,0.17
A0775,2024-01,83,1408,0.36
A0775,2024-02,50,526,0.361
A0775,2024-03,37,366,0.317
A0775,2024-04,7,130,0.158
A0775,2024-05,25,509,0.439
A0775,2024-06,1,17,0.526
A0776,2024-01,298,3029,0.44
A0776,2024-02,269,3213,0.356
A0776,2024-03,220,2312,0.308
A0776,2024-04,220,1869,0.427
A0776,2024-05,196,2290,0.435
A0776,2024-06,179,3549,0.499
A0777,2024-01,348,6202,0.363
A0777,2024-02,329,5487,0.551
A0777,2024-03,319,2572,0.425
A0777,2024-04,335,5928,0.479
A0777,2024-05,342,7603,0.417
A0777,2024-06,344,7704,0.427
A0778,2024-01,366,5979,0.441
A0778,2024-02,341,8441,0.376
A0778,2024-03,336,8031,0.651
A0778,2024-04,297,6561,0.371
A0778,2024-05,296,2477,0.397
A0778,2024-06,294,3944,0.797
A0779,2024-01,82,1292,0.587
A0779,2024-02,83,1056,0.343
A0779,2024-03,90,874,0.337
A0779,2024-04,75,1162,0.689
A0779,2024-05,62,582,0.552
A0779,2024-06,73,1628,0.0
A0780,2024-01,295,3430,0.716
A0780,2024-02,292,7100,0.222
A0780,2024-03,276,6715,0.633
A0780,2024-04,289,4324,0.453
A0780,2024-05,282,2586,0.564
A0780,2024-06,301,7363,0.63
A0781,2024-01,157,3677,0.624
A0781,2024-02,134,2791,0.311
A0781,2024-03,151,1572,0.716
A0781,2024-04,148,1951,0.453
A0781,2024-05,161,1437,0.226
A0781,2024-06,157,3268,0.528
A0782,2024-01,58,1186,0.61
A0782,2024-02,71,750,0.733
A0782,2024-03,84,859,0.575
A0782,2024-04,97,1702,0.418
A0782,2024-05,91,1825,0.543
A0782,2024-06,103,2149,0.496
A0783,2024-01,210,3498,0.756
A0783,2024-02,209,2980,0.584
A0783,2024-03,226,3901,0.674
A0783,2024-04,218,2097,0.462
A0783,2024-05,239,3198,0.26
A0783,2024-06,239,5088,0.291
A0784,2024-01,126,1261,0.363
A0784,2024-02,120,2493,0.26
A0784,2024-03,89,1453,0.462
A0784,2024-04,59,1444,0.171
A0784,2024-05,72,1621,0.468
A0784,2024-06,46,472,0.279
A0785,2024-01,254,2526,0.168
A0785,2024-02,215,4620,0.564
A0785,2024-03,230,4842,0.136
A0785,2024-04,186,4572,0.343
A0785,2024-05,197,2406,0.277
A0785,2024-06,136,1574,0.528
A0786,2024-01,132,3093,0.237
A0786,2024-02,104,2511,0.608
A0786,2024-03,90,2048,0.375
A0786,2024-04,80,863,0.478
A0786,2024-05,50,446,0.297
A0786,2024-06,53,551,0.488
A0787,2024-01,129,2514,0.361
A0787,2024-02,117,2296,0.206
A0787,2024-03,80,704,0.192
A0787,2024-04,67,1263,0.419
A0787,2024-05,38,937,0.332
A0787,2024-06,27,458,0.244
A0788,2024-01,164,3794,0.545
A0788,2024-02,180,2555,0.191
A0788,2024-03,159,1409,0.098
A0788,2024-04,187,4472,0.65
A0788,2024-05,163,3147,0.487
A0788,2024-06,177,2582,0.545
A0789,2024-01,373,4062,0.196
A0789,2024-02,341,2930,0.328
A0789,2024-03,319,6491,0.365
A0789,2024-04,287,6024,0.25
A0789,2024-05,295,5349,0.178
A0789,2024-06,265,2229,0.42
A0790,2024-01,229,5603,0.788
A0790,2024-02,223,3811,0.626
A0790,2024-03,242,4138,0.755
A0790,2024-04,217,2011,0.65
A0790,2024-05,236,3738,0.48
A0790,2024-06,241,4650,0.686
A0791,2024-01,146,1778,0.361
A0791,2024-02,131,2676,0.565
A0791,2024-03,90,1026,0.286
A0791,2024-04,86,2080,0.231
A0791,2024-05,39,720,0.423
A0791,2024-06,42,910,0.036
A0792,2024-01,136,1960,0.043
A0792,2024-02,146,1814,0.598
A0792,2024-03,143,3290,0.576
A0792,2024-04,153,1387,0.592
A0792,2024-05,176,4321,0.494
A0792,2024-06,179,3410,0.69
A0793,2024-01,192,1648,0.32
A0793,2024-02,186,3659,0.741
A0793,2024-03,210,2461,0.604
A0793,2024-04,188,4444,0.409
A0793,2024-05,226,3575,0.596
A0793,2024-06,214,4130,0.384
A0794,2024-01,76,807,0.428
A0794,2024-02,57,568,0.472
A0794,2024-03,22,397,0.289
A0794,2024-04,27,546,0.504
A0794,2024-05,5,51,0.484
A0794,2024-06,1,19,0.308
A0795,2024-01,337,7145,0.541
A0795,2024-02,353,7077,0.539
A0795,2024-03,336,4853,0.546
A0795,2024-04,369,7290,0.411
A0795,2024-05,326,3443,0.584
A0795,2024-06,331,3868,0.605
A0796,2024-01,282,5668,0.356
A0796,2024-02,311,7130,0.545
A0796,2024-03,293,3797,0.356
A0796,2024-04,316,5604,0.547
A0796,2024-05,329,3935,0.307
A0796,2024-06,299,7089,0.888
A0797,2024-01,228,3615,0.271
A0797,2024-02,219,3077,0.589
A0797,2024-03,242,2274,0.501
A0797,2024-04,242,5734,0.54
A0797,2024-05,225,3469,0.61
A0797,2024-06,246,5468,0.516
A0798,2024-01,353,4283,0.438
A0798,2024-02,376,5763,0.642
A0798,2024-03,341,3874,0.51
A0798,2024-04,353,3280,0.703
A0798,2024-05,357,4393,0.664
A0798,2024-06,343,4049,0.662
A0799,2024-01,62,1116,0.472
A0799,2024-02,97,1626,0.545
A0799,2024-03,90,1684,0.637
A0799,2024-04,98,2269,0.641
A0799,2024-05,115,1616,0.546
A0799,2024-06,105,2403,0.765
A0800,2024-01,72,1054,0.325
A0800,2024-02,27,566,0.398
A0800,2024-03,1,16,0.241
A0800,2024-04,4,55,0.374
A0800,2024-05,1,13,0.29
A0800,2024-06,1,11,0.0
A0801,2024-01,147,1459,0.473
A0801,2024-02,146,1917,0.742
A0801,2024-03,166,2995,0.606
A0801,2024-04,133,2127,0.536
A0801,2024-05,116,2244,0.33
A0801,2024-06,147,1967,0.282
A0802,2024-01,380,5897,0.722
A0802,2024-02,390,6159,0.263
A0802,2024-03,420,8510,0.766
A0802,2024-04,383,6122,0.61
A0802,2024-05,383,5178,0.769
A0802,2024-06,396,6498,0.693
A0803,2024-01,255,2505,0.273
A0803,2024-02,263,5531,0.534
A0803,2024-03,240,5641,0.537
A0803,2024-04,236,4590,0.394
A0803,2024-05,201,4337,0.68
A0803,2024-06,182,2744,0.123
A0804,2024-01,313,3126,0.635
A0804,2024-02,297,6433,0.543
A0804,2024-03,303,6954,0.697
A0804,2024-04,290,5279,0.487
A0804,2024-05,295,3063,0.614
A0804,2024-06,286,2713,0.224
A0805,2024-01,57,1288,0.467
A0805,2024-02,76,906,0.412
A0805,2024-03,80,840,0.289
A0805,2024-04,65,1198,0.599
A0805,2024-05,69,1207,0.936
A0805,2024-06,108,1368,0.399
A0806,2024-01,240,5334,0.76
A0806,2024-02,242,4379,0.51
A0806,2024-03,209,4387,0.207
A0806,2024-04,214,4865,0.455
A0806,2024-05,194,4552,0.242
A0806,2024-06,160,1779,0.373
A0807,2024-01,114,2545,0.443
A0807,2024-02,103,2131,0.526
A0807,2024-03,83,1315,0.33
A0807,2024-04,72,1692,0.387
A0807,2024-05,94,1427,0.541
A0807,2024-06,35,850,0.06
A0808,2024-01,342,3770,0.485
A0808,2024-02,322,7078,0.0
A0808,2024-03,324,6148,0.258
A0808,2024-04,277,6897,0.276
A0808,2024-05,274,4097,0.162
A0808,2024-06,259,2424,0.248
A0809,2024-01,272,6087,0.501
A0809,2024-02,263,4411,0.409
A0809,2024-03,246,5145,0.629
A0809,2024-04,266,2731,0.415
A0809,2024-05,268,3985,0.621
A0809,2024-06,269,3757,0.748
A0810,2024-01,226,2181,0.505
A0810,2024-02,254,5763,0.863
A0810,2024-03,230,3599,0.614
A0810,2024-04,243,6041,0.627
A0810,2024-05,244,4816,0.63
A0810,2024-06,299,2558,0.153
A0811,2024-01,119,2714,0.401
A0811,2024-02,101,1497,0.226
A0811,2024-03,70,1649,0.403
A0811,2024-04,69,1272,0.388
A0811,2024-05,47,691,0.289
A0811,2024-06,40,564,0.295
A0812,2024-01,327,2847,0.393
A0812,2024-02,323,7104,0.258
A0812,2024-03,317,7377,0.783
A0812,2024-04,325,4781,0.573
A0812,2024-05,333,3008,0.6
A0812,2024-06,334,7290,0.52
A0813,2024-01,305,5840,0.156
A0813,2024-02,297,3886,0.339
A0813,2024-03,307,3140,0.495
A0813,2024-04,278,2231,0.153
A0813,2024-05,250,5544,0.264
A0813,2024-06,235,5218,0.219
A0814,2024-01,275,2951,0.57
A0814,2024-02,278,5181,0.383
A0814,2024-03,273,5644,0.445
A0814,2024-04,258,4381,0.444
A0814,2024-05,285,2966,0.632
A0814,2024-06,281,3521,0.722
A0815,2024-01,64,1546,0.096
A0815,2024-02,56,483,0.496
A0815,2024-03,42,344,0.293
A0815,2024-04,13,253,0.532
A0815,2024-05,1,11,0.249
A0815,2024-06,1,12,0.434
A0816,2024-01,307,4031,0.257
A0816,2024-02,292,7071,0.149
A0816,2024-03,270,4175,0.429
A0816,2024-04,268,3233,0.398
A0816,2024-05,236,4765,0.471
A0816,2024-06,221,2375,0.358
A0817,2024-01,191,4774,0.48
A0817,2024-02,168,2841,0.226
A0817,2024-03,166,1921,0.093
A0817,2024-04,146,1634,0.308
A0817,2024-05,112,1889,0.286
A0817,2024-06,121,2442,0.352
A0818,2024-01,338,4127,0.544
A0818,2024-02,340,5067,0.539
A0818,2024-03,338,6738,0.796
A0818,2024-04,361,4890,0.488
A0818,2024-05,351,3476,0.695
A0818,2024-06,369,5560,0.431
A0819,2024-01,171,2154,0.26
A0819,2024-02,150,3510,0.138
A0819,2024-03,138,1643,0.337
A0819,2024-04,132,2127,0.486
A0819,2024-05,95,767,0.402
A0819,2024-06,78,846,0.266
A0820,2024-01,277,2603,0.805
A0820,2024-02,261,3214,0.275
A0820,2024-03,281,3191,0.372
A0820,2024-04,284,5198,0.645
A0820,2024-05,269,4870,0.587
A0820,2024-06,285,4593,0.506
A0821,2024-01,307,4398,0.663
A0821,2024-02,297,4879,0.608
A0821,2024-03,319,6787,0.613
A0821,2024-04,284,5654,0.212
A0821,2024-05,319,5973,0.675
A0821,2024-06,308,7390,0.552
A0822,2024-01,356,8432,0.352
A0822,2024-02,331,2971,0.739
A0822,2024-03,334,8249,0.576
A0822,2024-04,353,6486,0.717
A0822,2024-05,347,8490,0.502
A0822,2024-06,374,6329,0.417
A0823,2024-01,205,4294,0.434
A0823,2024-02,180,1797,0.54
A0823,2024-03,142,2081,0.581
A0823,2024-04,151,2332,0.459
A0823,2024-05,128,2093,0.584
A0823,2024-06,99,1155,0.312
A0824,2024-01,75,918,0.437
A0824,2024-02,95,2368,0.563
A0824,2024-03,95,772,0.678
A0824,2024-04,105,1678,0.472
A0824,2024-05,103,1734,0.575
A0824,2024-06,87,1427,0.551
A0825,2024-01,333,7074,0.72
A0825,2024-02,330,5628,0.464
A0825,2024-03,340,4467,0.509
A0825,2024-04,337,2793,0.284
A0825,2024-05,355,4192,0.683
A0825,2024-06,360,7459,0.877
A0826,2024-01,190,3528,0.265
A0826,2024-02,191,2865,0.269
A0826,2024-03,156,2115,0.42
A0826,2024-04,168,4139,0.872
A0826,2024-05,182,2648,0.685
A0826,2024-06,178,2932,0.136
A0827,2024-01,187,2295,0.471
A0827,2024-02,170,3782,0.378
A0827,2024-03,144,2388,0.311
A0827,2024-04,104,1260,0.292
A0827,2024-05,99,1497,0.149
A0827,2024-06,86,746,0.244
A0828,2024-01,276,4548,0.58
A0828,2024-02,310,2844,0.408
A0828,2024-03,300,2772,0.825
A0828,2024-04,312,7569,0.802
A0828,2024-05,310,5332,0.486
A0828,2024-06,327,5259,0.494
A0829,2024-01,55,983,0.426
A0829,2024-02,52,458,0.679
A0829,2024-03,38,886,0.428
A0829,2024-04,67,1360,0.158
A0829,2024-05,50,529,0.549
A0829,2024-06,70,1458,0.471
A0830,2024-01,74,989,0.608
A0830,2024-02,85,2018,0.399
A0830,2024-03,82,1232,0.438
A0830,2024-04,103,1208,0.374
A0830,2024-05,112,1096,0.577
A0830,2024-06,121,2282,0.61
A0831,2024-01,320,7381,0.62
A0831,2024-02,304,7175,0.449
A0831,2024-03,306,5375,0.481
A0831,2024-04,316,5448,0.484
A0831,2024-05,322,4154,0.55
A0831,2024-06,303,4396,0.321
A0832,2024-01,365,4026,0.491
A0832,2024-02,420,4218,0.715
A0832,2024-03,377,7229,0.286
A0832,2024-04,384,6870,0.337
A0832,2024-05,394,6776,0.46
A0832,2024-06,381,7404,0.498
A0833,2024-01,105,1054,0.789
A0833,2024-02,118,1025,0.47
A0833,2024-03,122,1340,0.52
A0833,2024-04,117,1781,0.56
A0833,2024-05,119,2738,0.459
A0833,2024-06,120,1471,0.464
A0834,2024-01,299,6722,0.644
A0834,2024-02,298,5475,0.443
A0834,2024-03,335,3542,0.631
A0834,2024-04,316,3427,0.516
A0834,2024-05,308,4537,0.704
A0834,2024-06,308,7428,0.64
A0835,2024-01,177,1888,0.721
A0835,2024-02,152,2968,0.602
A0835,2024-03,152,1379,0.367
A0835,2024-04,167,2646,0.512
A0835,2024-05,138,2242,0.798
A0835,2024-06,158,2178,0.599
A0836,2024-01,199,3928,0.351
A0836,2024-02,191,2573,0.334
A0836,2024-03,189,3005,0.243
A0836,2024-04,155,2767,0.339
A0836,2024-05,146,1729,0.776
A0836,2024-06,132,1684,0.172
A0837,2024-01,373,3652,0.291
A0837,2024-02,357,7665,0.635
A0837,2024-03,355,5465,0.459
A0837,2024-04,313,7558,0.234
A0837,2024-05,298,6142,0.431
A0837,2024-06,285,4909,0.336
A0838,2024-01,99,1910,0.212
A0838,2024-02,94,913,0.242
A0838,2024-03,78,1687,0.519
A0838,2024-04,51,1075,0.136
A0838,2024-05,42,842,0.34
A0838,2024-06,40,870,0.386
A0839,2024-01,30,684,0.699
A0839,2024-02,65,1168,0.56
A0839,2024-03,28,262,0.589
A0839,2024-04,41,413,0.808
A0839,2024-05,47,745,0.569
A0839,2024-06,46,524,0.499
A0840,2024-01,239,3885,0.246
A0840,2024-02,220,1938,0.338
A0840,2024-03,186,3953,0.276
A0840,2024-04,158,3046,0.509
A0840,2024-05,153,3668,0.276
A0840,2024-06,131,2826,0.414
A0841,2024-01,342,2837,0.695
A0841,2024-02,372,7204,0.703
A0841,2024-03,360,7439,0.511
A0841,2024-04,376,6673,0.471
A0841,2024-05,360,7337,0.468
A0841,2024-06,353,3115,0.557
A0842,2024-01,259,2442,0.302
A0842,2024-02,267,6264,0.656
A0842,2024-03,281,4028,0.642
A0842,2024-04,284,4198,0.503
A0842,2024-05,291,2755,0.7
A0842,2024-06,281,4312,0.53
A0843,2024-01,321,7845,0.569
A0843,2024-02,334,5098,0.528
A0843,2024-03,348,3671,0.677
A0843,2024-04,326,7230,0.55
A0843,2024-05,359,4174,0.589
A0843,2024-06,350,3665,0.427
A0844,2024-01,269,6198,0.68
A0844,2024-02,310,2827,0.322
A0844,2024-03,285,3582,0.76
A0844,2024-04,295,6678,0.457
A0844,2024-05,313,3507,0.521
A0844,2024-06,298,6181,0.805
A0845,2024-01,283,3936,0.537
A0845,2024-02,302,3442,0.515
A0845,2024-03,327,6945,0.704
A0845,2024-04,308,6314,0.426
A0845,2024-05,312,7123,0.612
A0845,2024-06,328,4805,0.629
A0846,2024-01,68,1509,0.266
A0846,2024-02,93,1695,0.37
A0846,2024-03,74,1717,0.526
A0846,2024-04,99,1642,0.695
A0846,2024-05,97,929,0.45
A0846,2024-06,113,2537,0.674
A0847,2024-01,354,7371,0.805
A0847,2024-02,352,4457,0.294
A0847,2024-03,348,7165,0.643
A0847,2024-04,370,2989,0.346
A0847,2024-05,374,9056,0.506
A0847,2024-06,395,9445,0.788
A0848,2024-01,212,3911,0.224
A0848,2024-02,226,5281,0.386
A0848,2024-03,206,4294,0.152
A0848,2024-04,219,5143,0.358
A0848,2024-05,192,2708,0.48
A0848,2024-06,145,3128,0.414
A0849,2024-01,242,2397,0.312
A0849,2024-02,265,6542,0.317
A0849,2024-03,220,2693,0.594
A0849,2024-04,231,4934,0.581
A0849,2024-05,200,2811,0.365
A0849,2024-06,161,2141,0.154
A0850,2024-01,248,3476,0.5
A0850,2024-02,224,3964,0.66
A0850,2024-03,196,2461,0.261
A0850,2024-04,185,4555,0.359
A0850,2024-05,165,1956,0.343
A0850,2024-06,154,1701,0.565
A0851,2024-01,135,1270,0.067
A0851,2024-02,139,2783,0.507
A0851,2024-03,106,2600,0.504
A0851,2024-04,88,1506,0.204
A0851,2024-05,76,1320,0.289
A0851,2024-06,50,850,0.469
A0852,2024-01,191,3640,0.597
A0852,2024-02,196,2686,0.769
A0852,2024-03,219,2009,0.413
A0852,2024-04,208,2232,0.544
A0852,2024-05,213,5307,0.595
A0852,2024-06,237,4168,0.802
A0853,2024-01,230,2397,0.634
A0853,2024-02,262,3947,0.58
A0853,2024-03,247,5016,0.224
A0853,2024-04,229,3110,0.807
A0853,2024-05,231,2280,0.78
A0853,2024-06,237,5805,0.769
A0854,2024-01,78,1600,0.161
A0854,2024-02,62,652,0.233
A0854,2024-03,26,250,0.579
A0854,2024-04,12,168,0.309
A0854,2024-05,11,199,0.379
A0854,2024-06,1,17,0.593
A0855,2024-01,208,4713,0.361
A0855,2024-02,187,1560,0.406
A0855,2024-03,161,3353,0.405
A0855,2024-04,151,3021,0.269
A0855,2024-05,127,1203,0.202
A0855,2024-06,123,1053,0.244
A0856,2024-01,79,1528,0.235
A0856,2024-02,66,1126,0.541
A0856,2024-03,42,650,0.37
A0856,2024-04,28,423,0.569
A0856,2024-05,9,180,0.414
A0856,2024-06,1,9,0.349
A0857,2024-01,258,2827,0.217
A0857,2024-02,254,3689,0.502
A0857,2024-03,261,4113,0.4
A0857,2024-04,271,4491,0.418
A0857,2024-05,292,5219,0.432
A0857,2024-06,282,3818,0.45
A0858,2024-01,309,5931,0.498
A0858,2024-02,294,3105,0.49
A0858,2024-03,249,2195,0.335
A0858,2024-04,258,5468,0.082
A0858,2024-05,210,3043,0.278
A0858,2024-06,204,3535,0.37
A0859,2024-01,145,2441,0.747
A0859,2024-02,127,1713,0.753
A0859,2024-03,132,2183,0.494
A0859,2024-04,143,2836,0.603
A0859,2024-05,135,2689,0.543
A0859,2024-06,138,2926,0.568
A0860,2024-01,160,3594,0.179
A0860,2024-02,143,3083,0.155
A0860,2024-03,118,2018,0.477
A0860,2024-04,96,1753,0.232
A0860,2024-05,104,1342,0.238
A0860,2024-06,87,2004,0.334
A0861,2024-01,268,5074,0.406
A0861,2024-02,246,2102,0.683
A0861,2024-03,264,3991,0.741
A0861,2024-04,272,4679,0.531
A0861,2024-05,276,3039,0.322
A0861,2024-06,275,5133,0.464
A0862,2024-01,156,3009,0.666
A0862,2024-02,118,1463,0.396
A0862,2024-03,118,2792,0.364
A0862,2024-04,76,699,0.371
A0862,2024-05,84,1193,0.174
A0862,2024-06,62,716,0.181
A0863,2024-01,242,4314,0.391
A0863,2024-02,228,2600,0.585
A0863,2024-03,250,2680,0.534
A0863,2024-04,231,4944,0.675
A0863,2024-05,240,2195,0.649
A0863,2024-06,223,3748,0.483
A0864,2024-01,81,845,0.502
A0864,2024-02,35,382,0.272
A0864,2024-03,42,757,0.35
A0864,2024-04,5,84,0.369
A0864,2024-05,1,19,0.406
A0864,2024-06,5,70,0.469
A0865,2024-01,107,2374,0.569
A0865,2024-02,121,1109,0.556
A0865,2024-03,130,3051,0.396
A0865,2024-04,153,3111,0.789
A0865,2024-05,130,2019,0.488
A0865,2024-06,153,1874,0.469
A0866,2024-01,46,545,0.369
A0866,2024-02,30,304,0.0
A0866,2024-03,8,64,0.123
A0866,2024-04,1,10,0.418
A0866,2024-05,1,10,0.311
A0866,2024-06,1,11,0.528
A0867,2024-01,48,783,0.688
A0867,2024-02,54,560,0.619
A0867,2024-03,36,737,0.427
A0867,2024-04,38,708,0.544
A0867,2024-05,49,701,0.534
A0867,2024-06,40,699,0.705
A0868,2024-01,59,706,0.699
A0868,2024-02,69,1262,0.411
A0868,2024-03,81,1673,0.528
A0868,2024-04,87,1762,0.916
A0868,2024-05,85,2071,0.647
A0868,2024-06,87,1914,0.545
A0869,2024-01,238,3532,0.309
A0869,2024-02,250,3647,0.562
A0869,2024-03,198,2776,0.474
A0869,2024-04,191,1609,0.198
A0869,2024-05,165,3526,0.347
A0869,2024-06,148,3346,0.526
A0870,2024-01,234,5555,0.437
A0870,2024-02,206,2410,0.658
A0870,2024-03,189,3187,0.353
A0870,2024-04,157,1805,0.283
A0870,2024-05,145,2509,0.538
A0870,2024-06,123,2784,0.172
A0871,2024-01,389,7102,0.703
A0871,2024-02,382,7790,0.456
A0871,2024-03,373,3970,0.572
A0871,2024-04,388,6272,0.566
A0871,2024-05,390,5297,0.59
A0871,2024-06,392,6291,1.0
A0872,2024-01,118,2892,0.46
A0872,2024-02,138,1805,0.394
A0872,2024-03,146,2980,0.581
A0872,2024-04,154,3173,0.361
A0872,2024-05,152,3200,0.55
A0872,2024-06,192,2831,0.172
A0873,2024-01,136,1430,0.242
A0873,2024-02,103,1643,0.398
A0873,2024-03,99,955,0.22
A0873,2024-04,90,1241,0.463
A0873,2024-05,51,531,0.643
A0873,2024-06,48,441,0.355
A0874,2024-01,105,2334,0.579
A0874,2024-02,75,1853,0.182
A0874,2024-03,52,557,0.148
A0874,2024-04,30,584,0.253
A0874,2024-05,27,407,0.393
A0874,2024-06,1,22,0.493
A0875,2024-01,181,3103,0.432
A0875,2024-02,170,3988,0.268
A0875,2024-03,148,2884,0.582
A0875,2024-04,134,2763,0.39
A0875,2024-05,110,2492,0.073
A0875,2024-06,93,1734,0.306
A0876,2024-01,366,5256,0.226
A0876,2024-02,352,2841,0.23
A0876,2024-03,315,7723,0.368
A0876,2024-04,309,6337,0.444
A0876,2024-05,324,7488,0.39
A0876,2024-06,290,3523,0.483
A0877,2024-01,132,1161,0.18
A0877,2024-02,109,1642,0.481
A0877,2024-03,66,1418,0.192
A0877,2024-04,56,964,0.702
A0877,2024-05,45,526,0.35
A0877,2024-06,25,590,0.185
A0878,2024-01,293,3803,0.193
A0878,2024-02,280,2704,0.423
A0878,2024-03,269,3302,0.364
A0878,2024-04,241,4861,0.435
A0878,2024-05,251,4488,0.388
A0878,2024-06,200,2730,0.422
A0879,2024-01,315,7687,0.357
A0879,2024-02,300,7259,0.386
A0879,2024-03,315,7110,0.548
A0879,2024-04,284,5306,0.727
A0879,2024-05,320,6962,0.538
A0879,2024-06,322,6897,0.484
A0880,2024-01,123,1897,0.528
A0880,2024-02,125,1213,0.487
A0880,2024-03,151,1375,0.598
A0880,2024-04,142,1682,0.469
A0880,2024-05,143,1263,0.357
A0880,2024-06,155,2608,0.654
A0881,2024-01,34,754,0.684
A0881,2024-02,31,264,0.703
A0881,2024-03,79,771,0.491
A0881,2024-04,54,1281,0.486
A0881,2024-05,68,1426,0.682
A0881,2024-06,101,1200,0.551
A0882,2024-01,261,5796,0.501
A0882,2024-02,237,2833,0.402
A0882,2024-03,230,4382,0.334
A0882,2024-04,190,3076,0.216
A0882,2024-05,169,3176,0.32
A0882,2024-06,175,3485,0.168
A0883,2024-01,315,7312,0.494
A0883,2024-02,313,2943,0.439
A0883,2024-03,300,3738,0.571
A0883,2024-04,308,3231,0.709
A0883,2024-05,312,6033,0.627
A0883,2024-06,329,5873,0.484
A0884,2024-01,140,1137,0.585
A0884,2024-02,121,1214,0.364
A0884,2024-03,127,1349,0.284
A0884,2024-04,84,2021,0.304
A0884,2024-05,52,1026,0.34
A0884,2024-06,58,1400,0.306
A0885,2024-01,212,1715,0.42
A0885,2024-02,189,2096,0.186
A0885,2024-03,172,3717,0.555
A0885,2024-04,147,2255,0.346
A0885,2024-05,163,4072,0.287
A0885,2024-06,138,2013,0.335
A0886,2024-01,178,2717,0.421
A0886,2024-02,186,4224,0.564
A0886,2024-03,197,1654,0.403
A0886,2024-04,165,3125,0.689
A0886,2024-05,183,2348,0.26
A0886,2024-06,186,2838,0.455
A0887,2024-01,54,1315,0.385
A0887,2024-02,53,1277,0.391
A0887,2024-03,43,1049,0.261
A0887,2024-04,22,184,0.422
A0887,2024-05,1,10,0.493
A0887,2024-06,1,14,0.315
A0888,2024-01,368,6617,0.417
A0888,2024-02,377,8797,0.817
A0888,2024-03,394,7758,0.688
A0888,2024-04,385,3388,0.574
A0888,2024-05,398,9543,0.49
A0888,2024-06,384,8268,0.464
A0889,2024-01,388,9296,0.803
A0889,2024-02,406,3354,0.704
A0889,2024-03,395,9195,0.508
A0889,2024-04,406,10115,0.456
A0889,2024-05,406,8168,0.587
A0889,2024-06,417,8996,0.536
A0890,2024-01,164,1969,0.422
A0890,2024-02,155,1296,0.396
A0890,2024-03,141,2648,0.283
A0890,2024-04,103,1321,0.58
A0890,2024-05,91,2146,0.301
A0890,2024-06,71,953,0.365
A0891,2024-01,290,2948,0.523
A0891,2024-02,295,5350,0.394
A0891,2024-03,294,4692,0.733
A0891,2024-04,289,2909,0.359
A0891,2024-05,300,7308,0.592
A0891,2024-06,285,2947,0.449
A0892,2024-01,179,1847,0.613
A0892,2024-02,169,3494,0.612
A0892,2024-03,166,4100,0.693
A0892,2024-04,162,2110,0.555
A0892,2024-05,167,2897,0.755
A0892,2024-06,180,2639,0.793
A0893,2024-01,339,4092,0.691
A0893,2024-02,329,7708,0.351
A0893,2024-03,355,7677,0.696
A0893,2024-04,363,8835,0.536
A0893,2024-05,374,8353,0.372
A0893,2024-06,390,9460,0.673
A0894,2024-01,199,2578,0.618
A0894,2024-02,210,2126,0.239
A0894,2024-03,196,2004,0.543
A0894,2024-04,193,1852,0.194
A0894,2024-05,202,3839,0.864
A0894,2024-06,202,2998,0.569
A0895,2024-01,73,1307,0.663
A0895,2024-02,92,1390,0.539
A0895,2024-03,103,2067,0.443
A0895,2024-04,98,800,0.621
A0895,2024-05,94,1499,0.651
A0895,2024-06,107,2446,0.521
A0896,2024-01,216,4090,0.319
A0896,2024-02,207,2635,0.475
A0896,2024-03,210,3766,0.906
A0896,2024-04,220,4989,0.609
A0896,2024-05,196,4789,0.612
A0896,2024-06,205,4307,0.327
A0897,2024-01,55,981,0.347
A0897,2024-02,13,313,0.225
A0897,2024-03,15,145,0.3
A0897,2024-04,1,22,0.416
A0897,2024-05,1,11,0.489
A0897,2024-06,1,13,0.553
A0898,2024-01,54,456,0.334
A0898,2024-02,52,861,0.421
A0898,2024-03,38,871,0.346
A0898,2024-04,51,969,0.532
A0898,2024-05,59,1377,0.443
A0898,2024-06,67,1172,0.813
A0899,2024-01,213,3369,0.414
A0899,2024-02,228,5447,0.701
A0899,2024-03,194,2598,0.271
A0899,2024-04,184,2465,0.475
A0899,2024-05,169,2726,0.34
A0899,2024-06,135,1143,0.307
A0900,2024-01,161,2396,0.13
A0900,2024-02,159,3165,0.33
A0900,2024-03,148,2296,0.309
A0900,2024-04,107,2673,0.092
A0900,2024-05,81,1198,0.37
A0900,2024-06,57,1361,0.026
A0901,2024-01,360,7246,0.326
A0901,2024-02,330,3490,0.535
A0901,2024-03,313,6247,0.521
A0901,2024-04,281,3487,0.203
A0901,2024-05,266,5411,0.421
A0901,2024-06,269,6085,0.382
A0902,2024-01,293,6985,0.496
A0902,2024-02,311,5009,0.617
A0902,2024-03,314,5925,0.596
A0902,2024-04,311,6754,0.68
A0902,2024-05,333,6542,0.576
A0902,2024-06,331,3128,0.523
A0903,2024-01,285,5791,0.444
A0903,2024-02,281,2687,0.406
A0903,2024-03,250,2918,0.548
A0903,2024-04,274,6286,0.495
A0903,2024-05,320,4125,0.599
A0903,2024-06,304,2711,0.714
A0904,2024-01,253,5313,0.555
A0904,2024-02,290,3373,0.657
A0904,2024-03,296,4261,0.743
A0904,2024-04,285,6471,0.671
A0904,2024-05,292,3358,0.714
A0904,2024-06,294,2816,0.597
A0905,2024-01,71,1079,0.42
A0905,2024-02,29,641,0.388
A0905,2024-03,12,278,0.265
A0905,2024-04,1,14,0.39
A0905,2024-05,1,19,0.305
A0905,2024-06,1,20,0.343
A0906,2024-01,223,4889,0.395
A0906,2024-02,247,5928,0.625
A0906,2024-03,231,4415,0.429
A0906,2024-04,250,2156,0.338
A0906,2024-05,251,3931,0.523
A0906,2024-06,245,3847,0.241
A0907,2024-01,74,672,0.432
A0907,2024-02,54,1165,0.481
A0907,2024-03,35,458,0.063
A0907,2024-04,38,813,0.126
A0907,2024-05,4,38,0.369
A0907,2024-06,1,9,0.476
A0908,2024-01,305,4261,0.194
A0908,2024-02,278,6287,0.313
A0908,2024-03,268,4279,0.388
A0908,2024-04,239,2029,0.286
A0908,2024-05,234,4973,0.276
A0908,2024-06,215,3349,0.256
A0909,2024-01,231,4138,0.222
A0909,2024-02,215,4371,0.583
A0909,2024-03,212,2048,0.362
A0909,2024-04,184,4097,0.455
A0909,2024-05,157,1855,0.107
A0909,2024-06,168,1858,0.277
A0910,2024-01,171,3857,0.502
A0910,2024-02,189,3054,0.449
A0910,2024-03,209,2396,0.399
A0910,2024-04,179,4226,0.375
A0910,2024-05,202,3494,0.53
A0910,2024-06,182,1835,0.716
A0911,2024-01,226,5449,0.847
A0911,2024-02,243,4900,0.712
A0911,2024-03,248,3716,0.214
A0911,2024-04,245,4424,0.454
A0911,2024-05,265,4319,0.533
A0911,2024-06,271,4278,0.591
A0912,2024-01,142,1487,0.219
A0912,2024-02,125,1878,0.135
A0912,2024-03,118,1095,0.138
A0912,2024-04,80,737,0.311
A0912,2024-05,54,1040,0.557
A0912,2024-06,52,924,0.213
A0913,2024-01,303,4257,0.567
A0913,2024-02,350,3441,0.672
A0913,2024-03,324,8014,0.785
A0913,2024-04,364,3599,0.604
A0913,2024-05,345,7194,0.601
A0913,2024-06,359,5094,0.472
A0914,2024-01,132,2051,0.71
A0914,2024-02,128,1249,0.486
A0914,2024-03,112,1558,0.097
A0914,2024-04,86,1039,0.493
A0914,2024-05,67,619,0.0
A0914,2024-06,43,640,0.341
A0915,2024-01,136,1382,0.23
A0915,2024-02,139,1431,0.091
A0915,2024-03,113,2157,0.593
A0915,2024-04,104,1359,0.564
A0915,2024-05,58,835,0.463
A0915,2024-06,74,903,0.541
A0916,2024-01,90,1200,0.533
A0916,2024-02,111,1165,0.859
A0916,2024-03,79,1740,0.612
A0916,2024-04,103,1095,0.67
A0916,2024-05,105,2172,0.663
A0916,2024-06,111,1894,0.274
A0917,2024-01,139,3099,0.488
A0917,2024-02,125,2886,0.353
A0917,2024-03,100,1864,0.157
A0917,2024-04,75,1402,0.563
A0917,2024-05,70,653,0.139
A0917,2024-06,40,997,0.239
A0918,2024-01,63,612,0.249
A0918,2024-02,55,1176,0.061
A0918,2024-03,31,560,0.452
A0918,2024-04,34,363,0.298
A0918,2024-05,25,539,0.149
A0918,2024-06,1,16,0.392
A0919,2024-01,242,3116,0.165
A0919,2024-02,245,3718,0.174
A0919,2024-03,231,1852,0.162
A0919,2024-04,190,3762,0.099
A0919,2024-05,189,4320,0.45
A0919,2024-06,161,3213,0.162
A0920,2024-01,40,470,0.253
A0920,2024-02,42,391,0.474
A0920,2024-03,77,1654,0.566
A0920,2024-04,66,669,0.756
A0920,2024-05,48,1144,0.474
A0920,2024-06,81,1390,0.66
A0921,2024-01,320,3947,0.481
A0921,2024-02,331,7818,0.487
A0921,2024-03,317,3220,0.485
A0921,2024-04,297,5607,0.458
A0921,2024-05,305,4053,0.567
A0921,2024-06,326,3307,0.752
A0922,2024-01,405,8277,0.286
A0922,2024-02,407,3344,0.567
A0922,2024-03,404,3450,0.385
A0922,2024-04,416,8433,0.476
A0922,2024-05,416,3750,0.401
A0922,2024-06,423,9927,0.739
A0923,2024-01,73,1342,0.173
A0923,2024-02,71,916,0.457
A0923,2024-03,35,461,0.591
A0923,2024-04,18,320,0.391
A0923,2024-05,1,12,0.319
A0923,2024-06,1,8,0.449
A0924,2024-01,356,7086,0.26
A0924,2024-02,316,4154,0.408
A0924,2024-03,302,4094,0.27
A0924,2024-04,292,2950,0.0
A0924,2024-05,275,4664,0.42
A0924,2024-06,268,2488,0.1
A0925,2024-01,248,3570,0.431
A0925,2024-02,242,5567,0.509
A0925,2024-03,229,4466,0.445
A0925,2024-04,184,3323,0.353
A0925,2024-05,170,1449,0.506
A0925,2024-06,157,1418,0.482
A0926,2024-01,165,2125,0.159
A0926,2024-02,140,2079,0.184
A0926,2024-03,139,2834,0.363
A0926,2024-04,135,1316,0.163
A0926,2024-05,95,1256,0.456
A0926,2024-06,78,1832,0.362
A0927,2024-01,403,8886,0.292
A0927,2024-02,362,8245,0.383
A0927,2024-03,369,4297,0.152
A0927,2024-04,348,6980,0.181
A0927,2024-05,324,3941,0.245
A0927,2024-06,304,5194,0.034
A0928,2024-01,175,3452,0.678
A0928,2024-02,187,2279,0.57
A0928,2024-03,154,3551,0.658
A0928,2024-04,183,2735,0.369
A0928,2024-05,173,1946,0.463
A0928,2024-06,183,4184,0.473
A0929,2024-01,391,9665,0.352
A0929,2024-02,374,4438,0.037
A0929,2024-03,340,3694,0.214
A0929,2024-04,321,4814,0.392
A0929,2024-05,328,6823,0.341
A0929,2024-06,299,5114,0.323
A0930,2024-01,234,3674,0.322
A0930,2024-02,200,4663,0.047
A0930,2024-03,199,3456,0.478
A0930,2024-04,168,2996,0.429
A0930,2024-05,161,2423,0.157
A0930,2024-06,133,3319,0.28
A0931,2024-01,225,1949,0.526
A0931,2024-02,227,3385,0.914
A0931,2024-03,231,3466,0.681
A0931,2024-04,247,5974,0.337
A0931,2024-05,223,2978,0.542
A0931,2024-06,222,2478,0.519
A0932,2024-01,353,8382,0.619
A0932,2024-02,340,5023,0.204
A0932,2024-03,301,5241,0.373
A0932,2024-04,295,4124,0.39
A0932,2024-05,286,5790,0.196
A0932,2024-06,249,5711,0.244
A0933,2024-01,43,344,0.409
A0933,2024-02,56,726,0.436
A0933,2024-03,39,766,0.812
A0933,2024-04,62,536,0.707
A0933,2024-05,69,1161,0.695
A0933,2024-06,59,1393,0.605
A0934,2024-01,185,2513,0.117
A0934,2024-02,160,2908,0.261
A0934,2024-03,133,2678,0.365
A0934,2024-04,130,3099,0.194
A0934,2024-05,105,881,0.358
A0934,2024-06,74,1069,0.228
A0935,2024-01,311,4509,0.439
A0935,2024-02,278,6175,0.503
A0935,2024-03,288,3985,0.408
A0935,2024-04,232,2395,0.137
A0935,2024-05,221,2667,0.197
A0935,2024-06,184,1685,0.249
A0936,2024-01,239,3754,0.352
A0936,2024-02,246,2142,0.442
A0936,2024-03,255,2585,0.63
A0936,2024-04,279,3941,0.619
A0936,2024-05,259,2808,0.515
A0936,2024-06,245,2491,0.712
A0937,2024-01,243,4155,0.406
A0937,2024-02,266,2986,0.364
A0937,2024-03,219,3901,0.343
A0937,2024-04,196,4827,0.462
A0937,2024-05,178,2543,0.389
A0937,2024-06,166,2454,0.312
A0938,2024-01,216,1963,0.682
A0938,2024-02,205,3346,0.666
A0938,2024-03,216,5309,0.555
A0938,2024-04,247,4847,0.611
A0938,2024-05,238,5035,0.304
A0938,2024-06,237,2285,0.206
A0939,2024-01,276,4565,0.362
A0939,2024-02,285,4764,0.556
A0939,2024-03,272,4082,0.514
A0939,2024-04,236,4996,0.169
A0939,2024-05,238,4010,0.0
A0939,2024-06,211,4472,0.305
A0940,2024-01,258,5747,0.655
A0940,2024-02,228,5471,0.587
A0940,2024-03,234,5593,0.569
A0940,2024-04,235,4074,0.559
A0940,2024-05,212,2087,0.171
A0940,2024-06,228,4235,0.713
A0941,2024-01,346,7915,0.461
A0941,2024-02,315,3995,0.117
A0941,2024-03,296,2998,0.376
A0941,2024-04,267,4252,0.374
A0941,2024-05,286,5689,0.424
A0941,2024-06,244,2096,0.218
A0942,2024-01,394,5155,0.413
A0942,2024-02,390,5615,0.54
A0942,2024-03,396,9583,0.415
A0942,2024-04,411,6875,0.639
A0942,2024-05,420,5496,0.345
A0942,2024-06,410,5879,0.628
A0943,2024-01,44,830,0.336
A0943,2024-02,65,1503,0.253
A0943,2024-03,54,572,0.531
A0943,2024-04,83,1121,0.345
A0943,2024-05,53,1226,0.569
A0943,2024-06,88,1608,0.818
A0944,2024-01,336,7909,0.186
A0944,2024-02,285,6554,0.126
A0944,2024-03,279,3104,0.383
A0944,2024-04,287,2316,0.269
A0944,2024-05,228,5387,0.354
A0944,2024-06,229,3763,0.171
A0945,2024-01,372,3194,0.62
A0945,2024-02,397,7621,0.533
A0945,2024-03,386,3678,0.521
A0945,2024-04,397,6815,0.571
A0945,2024-05,406,7536,0.752
A0945,2024-06,395,7025,0.477
A0946,2024-01,163,1579,0.522
A0946,2024-02,176,2872,0.611
A0946,2024-03,157,2264,0.542
A0946,2024-04,182,1966,1.0
A0946,2024-05,157,2685,0.593
A0946,2024-06,183,1662,0.586
A0947,2024-01,266,3420,0.328
A0947,2024-02,217,5243,0.14
A0947,2024-03,215,4612,0.23
A0947,2024-04,178,4181,0.353
A0947,2024-05,172,4082,0.415
A0947,2024-06,145,1504,0.329
A0948,2024-01,174,2169,0.601
A0948,2024-02,198,1895,0.602
A0948,2024-03,172,2285,0.28
A0948,2024-04,183,2580,0.645
A0948,2024-05,201,2361,0.633
A0948,2024-06,210,2826,0.596
A0949,2024-01,297,6697,0.228
A0949,2024-02,261,5186,0.166
A0949,2024-03,276,3868,0.401
A0949,2024-04,262,4474,0.361
A0949,2024-05,255,4870,0.437
A0949,2024-06,202,3424,0.2
A0950,2024-01,288,5175,0.437
A0950,2024-02,270,6366,0.311
A0950,2024-03,255,5979,0.227
A0950,2024-04,250,4271,0.218
A0950,2024-05,221,2989,0.399
A0950,2024-06,220,2295,0.358
A0951,2024-01,62,1129,0.483
A0951,2024-02,46,1127,0.095
A0951,2024-03,27,623,0.368
A0951,2024-04,19,241,0.194
A0951,2024-05,17,364,0.394
A0951,2024-06,1,23,0.662
A0952,2024-01,365,4126,0.3
A0952,2024-02,355,5805,0.343
A0952,2024-03,362,4008,0.336
A0952,2024-04,329,3563,0.556
A0952,2024-05,310,5117,0.201
A0952,2024-06,298,2838,0.219
A0953,2024-01,105,851,0.403
A0953,2024-02,116,1951,0.506
A0953,2024-03,106,1433,0.437
A0953,2024-04,93,1576,0.381
A0953,2024-05,88,1211,0.65
A0953,2024-06,94,2285,0.596
A0954,2024-01,168,3934,0.63
A0954,2024-02,165,3663,0.318
A0954,2024-03,158,3319,0.0
A0954,2024-04,120,982,0.512
A0954,2024-05,109,2498,0.262
A0954,2024-06,112,2507,0.249
A0955,2024-01,135,3191,0.37
A0955,2024-02,129,3001,0.165
A0955,2024-03,130,1393,0.188
A0955,2024-04,98,862,0.405
A0955,2024-05,98,1498,0.374
A0955,2024-06,64,697,0.085
A0956,2024-01,210,3249,0.32
A0956,2024-02,211,4060,0.249
A0956,2024-03,191,3620,0.398
A0956,2024-04,165,2578,0.447
A0956,2024-05,122,2134,0.502
A0956,2024-06,118,2943,0.329
A0957,2024-01,133,1270,0.627
A0957,2024-02,98,2276,0.008
A0957,2024-03,111,2508,0.279
A0957,2024-04,99,2225,0.113
A0957,2024-05,40,452,0.506
A0957,2024-06,45,835,0.475
A0958,2024-01,261,5709,0.536
A0958,2024-02,232,3508,0.0
A0958,2024-03,224,2234,0.539
A0958,2024-04,198,2159,0.334
A0958,2024-05,193,2875,0.342
A0958,2024-06,166,2953,0.426
A0959,2024-01,85,734,0.299
A0959,2024-02,50,1205,0.323
A0959,2024-03,16,375,0.338
A0959,2024-04,14,285,0.229
A0959,2024-05,1,10,0.433
A0959,2024-06,1,22,0.326
A0960,2024-01,414,3340,0.394
A0960,2024-02,352,6128,0.331
A0960,2024-03,353,8496,0.334
A0960,2024-04,322,7970,0.292
A0960,2024-05,304,3490,0.568
A0960,2024-06,306,3672,0.373
A0961,2024-01,298,4659,0.269
A0961,2024-02,287,4087,0.576
A0961,2024-03,255,5762,0.488
A0961,2024-04,251,5952,0.238
A0961,2024-05,209,4442,0.217
A0961,2024-06,200,4533,0.669
A0962,2024-01,363,5644,0.457
A0962,2024-02,371,4101,0.281
A0962,2024-03,336,5490,0.146
A0962,2024-04,303,4749,0.391
A0962,2024-05,312,7588,0.122
A0962,2024-06,286,3118,0.23
A0963,2024-01,67,1552,0.522
A0963,2024-02,82,1678,0.522
A0963,2024-03,90,1447,0.347
A0963,2024-04,82,1379,0.535
A0963,2024-05,71,1075,0.656
A0963,2024-06,113,1835,0.288
A0964,2024-01,174,2968,0.578
A0964,2024-02,156,1993,0.538
A0964,2024-03,185,4605,0.691
A0964,2024-04,173,1922,0.636
A0964,2024-05,163,2452,0.446
A0964,2024-06,175,4180,0.573
A0965,2024-01,324,5300,0.346
A0965,2024-02,331,6140,0.039
A0965,2024-03,341,5338,0.49
A0965,2024-04,305,3882,0.33
A0965,2024-05,284,2764,0.442
A0965,2024-06,260,6450,0.311
A0966,2024-01,111,968,0.781
A0966,2024-02,138,2040,0.582
A0966,2024-03,135,2913,0.425
A0966,2024-04,152,3475,0.646
A0966,2024-05,147,2522,0.632
A0966,2024-06,165,2830,0.674
A0967,2024-01,266,4624,0.652
A0967,2024-02,285,4291,0.584
A0967,2024-03,265,6601,0.606
A0967,2024-04,270,3321,0.516
A0967,2024-05,247,5595,0.577
A0967,2024-06,264,3843,0.691
A0968,2024-01,127,1631,0.387
A0968,2024-02,108,2418,0.348
A0968,2024-03,98,1675,0.51
A0968,2024-04,94,2076,0.41
A0968,2024-05,57,834,0.418
A0968,2024-06,14,309,0.517
A0969,2024-01,148,2133,0.269
A0969,2024-02,118,2589,0.187
A0969,2024-03,127,2344,0.203
A0969,2024-04,99,1390,0.767
A0969,2024-05,91,1027,0.248
A0969,2024-06,77,1252,0.515
A0970,2024-01,210,3270,0.436
A0970,2024-02,238,4505,0.312
A0970,2024-03,239,5331,0.452
A0970,2024-04,252,4096,0.547
A0970,2024-05,242,5720,0.45
A0970,2024-06,232,5331,0.3
A0971,2024-01,343,3894,0.554
A0971,2024-02,341,2914,0.589
A0971,2024-03,361,7671,0.587
A0971,2024-04,375,8389,0.553
A0971,2024-05,376,7683,0.535
A0971,2024-06,387,6588,0.502
A0972,2024-01,83,1478,0.662
A0972,2024-02,68,1085,0.458
A0972,2024-03,33,378,0.199
A0972,2024-04,32,638,0.46
A0972,2024-05,3,72,0.283
A0972,2024-06,1,21,0.544
A0973,2024-01,51,627,0.466
A0973,2024-02,18,385,0.145
A0973,2024-03,44,960,0.129
A0973,2024-04,25,292,0.349
A0973,2024-05,28,282,0.195
A0973,2024-06,1,17,0.393
A0974,2024-01,198,2202,0.592
A0974,2024-02,167,2137,0.441
A0974,2024-03,155,2630,0.04
A0974,2024-04,138,3294,0.341
A0974,2024-05,110,1578,0.418
A0974,2024-06,101,1859,0.133
A0975,2024-01,219,2092,0.838
A0975,2024-02,217,3882,0.615
A0975,2024-03,221,5091,0.643
A0975,2024-04,243,3567,0.554
A0975,2024-05,224,4810,0.587
A0975,2024-06,223,5526,0.707
A0976,2024-01,126,2145,0.58
A0976,2024-02,142,1398,0.619
A0976,2024-03,158,2120,0.737
A0976,2024-04,149,2595,0.438
A0976,2024-05,136,2413,0.692
A0976,2024-06,168,2223,0.671
A0977,2024-01,96,1961,0.397
A0977,2024-02,66,953,0.384
A0977,2024-03,45,926,0.238
A0977,2024-04,18,159,0.197
A0977,2024-05,1,15,0.215
A0977,2024-06,1,14,0.183
A0978,2024-01,122,1405,0.435
A0978,2024-02,103,1966,0.586
A0978,2024-03,72,1607,0.289
A0978,2024-04,66,1261,0.247
A0978,2024-05,43,854,0.402
A0978,2024-06,31,700,0.449
A0979,2024-01,209,2753,0.517
A0979,2024-02,204,4276,0.472
A0979,2024-03,185,3311,0.347
A0979,2024-04,169,2260,0.0
A0979,2024-05,159,2397,0.425
A0979,2024-06,147,1862,0.282
A0980,2024-01,339,6200,0.344
A0980,2024-02,358,6812,0.355
A0980,2024-03,331,3926,0.335
A0980,2024-04,313,7235,0.278
A0980,2024-05,297,4758,0.584
A0980,2024-06,258,2179,0.279
A0981,2024-01,106,2198,0.629
A0981,2024-02,94,2304,0.483
A0981,2024-03,94,2115,0.321
A0981,2024-04,36,696,0.537
A0981,2024-05,42,642,0.556
A0981,2024-06,17,308,0.783
A0982,2024-01,247,5629,0.43
A0982,2024-02,284,4083,0.522
A0982,2024-03,266,4985,0.453
A0982,2024-04,278,6934,0.579
A0982,2024-05,288,5365,0.285
A0982,2024-06,310,2649,0.515
A0983,2024-01,74,762,0.354
A0983,2024-02,91,800,0.546
A0983,2024-03,99,943,0.713
A0983,2024-04,82,1057,0.626
A0983,2024-05,81,1006,0.53
A0983,2024-06,101,2050,0.5
A0984,2024-01,387,9099,0.649
A0984,2024-02,394,4889,0.563
A0984,2024-03,392,4347,0.805
A0984,2024-04,389,7313,0.837
A0984,2024-05,379,3177,0.451
A0984,2024-06,409,4555,0.494
A0985,2024-01,268,5170,0.001
A0985,2024-02,246,4210,0.34
A0985,2024-03,230,3478,0.118
A0985,2024-04,214,4246,0.41
A0985,2024-05,182,2806,0.342
A0985,2024-06,175,3792,0.289
A0986,2024-01,345,3351,0.708
A0986,2024-02,381,4535,0.541
A0986,2024-03,362,4091,0.505
A0986,2024-04,395,4191,0.5
A0986,2024-05,398,9129,0.484
A0986,2024-06,388,3588,0.707
A0987,2024-01,75,1310,0.605
A0987,2024-02,69,1703,0.817
A0987,2024-03,75,1465,0.382
A0987,2024-04,104,1252,0.325
A0987,2024-05,90,1442,0.48
A0987,2024-06,103,2337,0.432
A0988,2024-01,221,3758,0.123
A0988,2024-02,218,3403,0.581
A0988,2024-03,184,2448,0.455
A0988,2024-04,162,2566,0.281
A0988,2024-05,151,1970,0.43
A0988,2024-06,130,2213,0.501
A0989,2024-01,46,1126,0.45
A0989,2024-02,27,467,0.5
A0989,2024-03,27,659,0.199
A0989,2024-04,8,70,0.471
A0989,2024-05,5,95,0.212
A0989,2024-06,1,10,0.365
A0990,2024-01,129,1837,0.486
A0990,2024-02,112,2795,0.304
A0990,2024-03,106,1377,0.597
A0990,2024-04,86,1574,0.368
A0990,2024-05,71,581,0.408
A0990,2024-06,40,402,0.0
A0991,2024-01,278,3693,0.298
A0991,2024-02,280,3287,0.583
A0991,2024-03,282,4786,0.6
A0991,2024-04,286,5524,0.728
A0991,2024-05,252,5400,0.632
A0991,2024-06,293,4217,0.395
A0992,2024-01,71,922,0.3
A0992,2024-02,56,883,0.689
A0992,2024-03,51,619,0.232
A0992,2024-04,1,21,0.727
A0992,2024-05,1,16,0.196
A0992,2024-06,1,10,0.666
A0993,2024-01,175,2795,0.448
A0993,2024-02,181,3650,0.752
A0993,2024-03,186,2405,0.752
A0993,2024-04,171,2790,0.44
A0993,2024-05,201,3036,0.377
A0993,2024-06,211,4189,0.534
A0994,2024-01,333,8256,0.538
A0994,2024-02,300,7316,0.444
A0994,2024-03,286,2684,0.179
A0994,2024-04,270,6481,0.203
A0994,2024-05,250,6170,0.334
A0994,2024-06,213,1813,0.299
A0995,2024-01,384,6649,0.604
A0995,2024-02,363,7634,0.556
A0995,2024-03,371,3244,0.527
A0995,2024-04,391,7031,0.486
A0995,2024-05,405,5762,0.757
A0995,2024-06,399,5602,0.444
A0996,2024-01,309,2552,0.344
A0996,2024-02,298,6696,0.641
A0996,2024-03,314,4450,0.599
A0996,2024-04,281,4866,0.596
A0996,2024-05,309,3910,0.527
A0996,2024-06,302,5810,0.759
A0997,2024-01,144,2009,0.347
A0997,2024-02,102,1969,0.338
A0997,2024-03,85,2045,0.365
A0997,2024-04,71,1662,0.451
A0997,2024-05,60,1453,0.157
A0997,2024-06,37,535,0.305
A0998,2024-01,219,5168,0.603
A0998,2024-02,168,2285,0.216
A0998,2024-03,159,1626,0.29
A0998,2024-04,115,2737,0.467
A0998,2024-05,129,1334,0.294
A0998,2024-06,92,1691,0.471
A0999,2024-01,262,3324,0.467
A0999,2024-02,245,4917,0.383
A0999,2024-03,215,2521,0.521
A0999,2024-04,220,2139,0.312
A0999,2024-05,179,3932,0.132
A0999,2024-06,129,2250,0.494
A1000,2024-01,119,2952,0.188
A1000,2024-02,104,2146,0.336
A1000,2024-03,91,1080,0.265
A1000,2024-04,46,867,0.231
A1000,2024-05,51,863,0.558
A1000,2024-06,59,992,0.303
A1001,2024-01,55,823,0.628
A1001,2024-02,42,463,0.615
A1001,2024-03,55,1010,0.548
A1001,2024-04,51,731,0.696
A1001,2024-05,37,590,0.608
A1001,2024-06,50,463,0.358
A1002,2024-01,380,5931,0.318
A1002,2024-02,395,4432,0.482
A1002,2024-03,421,5209,0.701
A1002,2024-04,424,9427,0.632
A1002,2024-05,430,9500,0.861
A1002,2024-06,441,8702,0.696
A1003,2024-01,141,1226,0.367
A1003,2024-02,145,3170,0.552
A1003,2024-03,151,2494,0.507
A1003,2024-04,179,3073,0.477
A1003,2024-05,147,1523,0.463
A1003,2024-06,169,4034,0.562
A1004,2024-01,239,4232,0.479
A1004,2024-02,260,2656,0.528
A1004,2024-03,263,2752,0.83
A1004,2024-04,264,5401,0.41
A1004,2024-05,254,2374,0.396
A1004,2024-06,278,3297,0.423
A1005,2024-01,346,3440,0.453
A1005,2024-02,311,5349,0.437
A1005,2024-03,307,4424,0.371
A1005,2024-04,276,3218,0.432
A1005,2024-05,264,5577,0.583
A1005,2024-06,245,4169,0.301
A1006,2024-01,319,6633,0.662
A1006,2024-02,298,5197,0.344
A1006,2024-03,288,5427,0.253
A1006,2024-04,268,5675,0.387
A1006,2024-05,251,3106,0.328
A1006,2024-06,215,2971,0.299
A1007,2024-01,225,2067,0.54
A1007,2024-02,238,2125,0.606
A1007,2024-03,219,5385,0.497
A1007,2024-04,218,4114,0.51
A1007,2024-05,225,2231,0.572
A1007,2024-06,223,4265,0.474
A1008,2024-01,237,5606,0.768
A1008,2024-02,225,5200,0.39
A1008,2024-03,238,3673,0.606
A1008,2024-04,239,3128,0.24
A1008,2024-05,266,5330,0.591
A1008,2024-06,235,5266,0.493
A1009,2024-01,206,4112,0.288
A1009,2024-02,189,4246,0.206
A1009,2024-03,155,2653,0.05
A1009,2024-04,161,2573,0.284
A1009,2024-05,130,3000,0.205
A1009,2024-06,129,2905,0.182
A1010,2024-01,184,3301,0.784
A1010,2024-02,166,1567,0.235
A1010,2024-03,167,2901,0.585
A1010,2024-04,165,1534,0.529
A1010,2024-05,165,1862,0.584
A1010,2024-06,180,2517,0.506
A1011,2024-01,276,5686,0.335
A1011,2024-02,245,3446,0.23
A1011,2024-03,243,5252,0.281
A1011,2024-04,204,4045,0.037
A1011,2024-05,215,3341,0.265
A1011,2024-06,188,3179,0.598
A1012,2024-01,333,3876,0.379
A1012,2024-02,268,3425,0.687
A1012,2024-03,277,3751,0.427
A1012,2024-04,259,5525,0.244
A1012,2024-05,229,5151,0.338
A1012,2024-06,220,4776,0.33
A1013,2024-01,300,3444,0.231
A1013,2024-02,280,2581,0.552
A1013,2024-03,269,6020,0.306
A1013,2024-04,254,2299,0.709
A1013,2024-05,223,3803,0.498
A1013,2024-06,183,1762,0.367
A1014,2024-01,147,3542,0.51
A1014,2024-02,161,1890,0.266
A1014,2024-03,165,2151,0.491
A1014,2024-04,157,2783,0.618
A1014,2024-05,162,3579,0.727
A1014,2024-06,202,1679,0.279
A1015,2024-01,179,1457,0.623
A1015,2024-02,211,4448,0.684
A1015,2024-03,196,2444,0.75
A1015,2024-04,185,2416,0.554
A1015,2024-05,180,2047,0.674
A1015,2024-06,201,3407,0.55
A1016,2024-01,242,3144,0.272
A1016,2024-02,224,5528,0.4
A1016,2024-03,196,4427,0.829
A1016,2024-04,211,2742,0.478
A1016,2024-05,182,3415,0.392
A1016,2024-06,149,2746,0.54
A1017,2024-01,277,5199,0.857
A1017,2024-02,247,2857,0.854
A1017,2024-03,262,4721,0.496
A1017,2024-04,245,4471,0.571
A1017,2024-05,255,5176,0.804
A1017,2024-06,253,5616,0.444
A1018,2024-01,289,3097,0.626
A1018,2024-02,289,5433,0.383
A1018,2024-03,276,6163,0.554
A1018,2024-04,305,5545,0.428
A1018,2024-05,310,3849,0.651
A1018,2024-06,279,4282,0.706
A1019,2024-01,55,584,0.197
A1019,2024-02,15,278,0.78
A1019,2024-03,23,490,0.217
A1019,2024-04,18,229,0.525
A1019,2024-05,1,23,0.439
A1019,2024-06,1,23,0.495
A1020,2024-01,294,3527,0.376
A1020,2024-02,275,2651,0.476
A1020,2024-03,246,2110,0.371
A1020,2024-04,252,2023,0.42
A1020,2024-05,203,4012,0.461
A1020,2024-06,239,3861,0.246
A1021,2024-01,288,6606,0.708
A1021,2024-02,279,5159,0.306
A1021,2024-03,289,3147,0.51
A1021,2024-04,300,3172,0.707
A1021,2024-05,311,2726,0.682
A1021,2024-06,295,6480,0.342
A1022,2024-01,152,1782,0.403
A1022,2024-02,122,2828,0.069
A1022,2024-03,106,1902,0.399
A1022,2024-04,90,1332,0.21
A1022,2024-05,67,860,0.135
A1022,2024-06,63,831,0.098
A1023,2024-01,300,7267,0.512
A1023,2024-02,302,6459,0.618
A1023,2024-03,342,8329,0.703
A1023,2024-04,327,3752,0.546
A1023,2024-05,326,4604,0.776
A1023,2024-06,337,7683,0.528
A1024,2024-01,269,6434,0.657
A1024,2024-02,248,2965,0.663
A1024,2024-03,268,6549,0.726
A1024,2024-04,254,3720,0.508
A1024,2024-05,255,3004,0.479
A1024,2024-06,265,5799,0.366
A1025,2024-01,348,4213,0.625
A1025,2024-02,327,4201,0.533
A1025,2024-03,311,6011,0.264
A1025,2024-04,295,3360,0.221
A1025,2024-05,283,3386,0.54
A1025,2024-06,252,2085,0.335
A1026,2024-01,150,1627,0.417
A1026,2024-02,149,1652,0.493
A1026,2024-03,126,2893,0.605
A1026,2024-04,140,2165,0.62
A1026,2024-05,155,2133,0.505
A1026,2024-06,172,2206,0.36
A1027,2024-01,129,2202,0.396
A1027,2024-02,112,1319,0.363
A1027,2024-03,97,2165,0.216
A1027,2024-04,69,1170,0.217
A1027,2024-05,75,1810,0.476
A1027,2024-06,54,608,0.485
A1028,2024-01,357,7643,0.709
A1028,2024-02,354,7772,0.356
A1028,2024-03,346,6285,0.539
A1028,2024-04,365,7374,0.401
A1028,2024-05,362,4160,0.507
A1028,2024-06,375,7203,0.575
A1029,2024-01,274,3791,0.405
A1029,2024-02,252,5106,0.31
A1029,2024-03,229,4698,0.339
A1029,2024-04,194,4558,0.481
A1029,2024-05,194,3604,0.543
A1029,2024-06,177,1836,0.528
A1030,2024-01,209,5022,0.574
A1030,2024-02,193,1736,0.521
A1030,2024-03,142,2088,0.161
A1030,2024-04,148,2211,0.487
A1030,2024-05,162,4027,0.417
A1030,2024-06,144,2820,0.255
A1031,2024-01,328,4937,0.43
A1031,2024-02,339,6803,0.263
A1031,2024-03,310,4037,0.774
A1031,2024-04,317,5755,0.746
A1031,2024-05,338,6978,0.372
A1031,2024-06,332,6752,0.465
A1032,2024-01,143,2060,0.43
A1032,2024-02,196,4483,0.298
A1032,2024-03,156,2156,0.379
A1032,2024-04,173,3733,0.571
A1032,2024-05,174,2731,0.613
A1032,2024-06,174,2733,0.525
A1033,2024-01,266,4997,0.139
A1033,2024-02,238,3081,0.012
A1033,2024-03,246,4532,0.6
A1033,2024-04,229,1937,0.316
A1033,2024-05,215,2903,0.496
A1033,2024-06,192,1932,0.381
A1034,2024-01,90,1889,0.288
A1034,2024-02,83,1596,0.162
A1034,2024-03,87,1273,0.134
A1034,2024-04,51,1054,0.494
A1034,2024-05,25,321,0.206
A1034,2024-06,4,34,0.13
A1035,2024-01,368,8606,0.793
A1035,2024-02,401,4087,0.682
A1035,2024-03,383,4009,0.382
A1035,2024-04,392,4686,0.359
A1035,2024-05,394,4240,0.587
A1035,2024-06,406,8582,0.835
A1036,2024-01,236,4968,0.568
A1036,2024-02,211,3655,0.32
A1036,2024-03,221,3381,0.357
A1036,2024-04,199,3019,0.47
A1036,2024-05,191,2405,0.289
A1036,2024-06,155,1730,0.344
A1037,2024-01,259,2313,0.414
A1037,2024-02,207,2573,0.34
A1037,2024-03,188,2352,0.185
A1037,2024-04,195,2963,0.128
A1037,2024-05,163,1531,0.497
A1037,2024-06,168,2341,0.273
A1038,2024-01,292,5193,0.558
A1038,2024-02,312,4465,0.464
A1038,2024-03,294,6820,0.615
A1038,2024-04,331,4189,0.566
A1038,2024-05,304,4205,0.581
A1038,2024-06,315,7863,0.629
A1039,2024-01,148,2351,0.215
A1039,2024-02,133,3237,0.315
A1039,2024-03,138,2726,0.417
A1039,2024-04,107,2094,0.232
A1039,2024-05,97,2046,0.554
A1039,2024-06,82,1085,0.13
A1040,2024-01,263,3235,0.586
A1040,2024-02,275,5617,0.623
A1040,2024-03,255,2684,0.638
A1040,2024-04,284,4745,0.528
A1040,2024-05,281,5980,0.31
A1040,2024-06,245,5554,0.293
A1041,2024-01,195,2247,0.188
A1041,2024-02,151,3677,0.653
A1041,2024-03,139,1684,0.396
A1041,2024-04,127,1217,0.696
A1041,2024-05,90,1304,0.253
A1041,2024-06,106,2094,0.203
A1042,2024-01,336,3545,0.657
A1042,2024-02,349,6653,0.836
A1042,2024-03,365,7986,0.214
A1042,2024-04,360,3122,0.362
A1042,2024-05,340,8006,0.349
A1042,2024-06,343,7373,0.636
A1043,2024-01,386,7132,0.584
A1043,2024-02,386,8979,0.475
A1043,2024-03,376,9364,0.422
A1043,2024-04,383,4698,0.439
A1043,2024-05,416,3469,0.727
A1043,2024-06,416,3474,0.717
A1044,2024-01,289,2466,0.449
A1044,2024-02,264,2678,0.441
A1044,2024-03,283,3732,0.442
A1044,2024-04,279,4048,0.654
A1044,2024-05,287,5258,0.571
A1044,2024-06,274,4115,0.635
A1045,2024-01,412,4081,0.542
A1045,2024-02,378,7406,0.319
A1045,2024-03,375,5545,0.168
A1045,2024-04,328,6578,0.24
A1045,2024-05,325,3810,0.286
A1045,2024-06,323,7311,0.583
A1046,2024-01,265,4411,0.704
A1046,2024-02,279,5634,0.458
A1046,2024-03,273,3799,0.7
A1046,2024-04,301,6254,0.595
A1046,2024-05,290,5432,0.718
A1046,2024-06,276,3051,0.552
A1047,2024-01,93,1698,0.525
A1047,2024-02,93,1506,0.482
A1047,2024-03,76,1536,0.538
A1047,2024-04,67,997,0.535
A1047,2024-05,88,1966,0.327
A1047,2024-06,95,1608,0.674
A1048,2024-01,187,1895,0.29
A1048,2024-02,141,2757,0.471
A1048,2024-03,115,2536,0.316
A1048,2024-04,90,2187,0.0
A1048,2024-05,92,1951,0.004
A1048,2024-06,80,1771,0.313
A1049,2024-01,58,1349,0.816
A1049,2024-02,69,602,0.477
A1049,2024-03,51,552,0.791
A1049,2024-04,66,1323,0.615
A1049,2024-05,65,589,0.514
A1049,2024-06,89,1185,0.375
A1050,2024-01,325,5746,0.221
A1050,2024-02,327,6562,0.273
A1050,2024-03,313,5219,0.444
A1050,2024-04,338,7048,0.477
A1050,2024-05,308,6479,0.859
A1050,2024-06,314,5479,0.391
A1051,2024-01,266,5995,0.26
A1051,2024-02,225,4834,0.503
A1051,2024-03,219,4938,0.242
A1051,2024-04,173,1710,0.382
A1051,2024-05,192,3835,0.146
A1051,2024-06,166,1650,0.31
A1052,2024-01,131,2857,0.612
A1052,2024-02,112,2296,0.328
A1052,2024-03,113,1435,0.63
A1052,2024-04,84,1108,0.188
A1052,2024-05,58,1027,0.113
A1052,2024-06,37,846,0.135
A1053,2024-01,251,5301,0.247
A1053,2024-02,267,2308,0.255
A1053,2024-03,216,3215,0.424
A1053,2024-04,228,5408,0.41
A1053,2024-05,206,4096,0.486
A1053,2024-06,163,1536,0.107
A1054,2024-01,197,2512,0.626
A1054,2024-02,192,1819,0.354
A1054,2024-03,205,3813,0.495
A1054,2024-04,202,2994,0.562
A1054,2024-05,193,3218,0.567
A1054,2024-06,196,3270,0.416
A1055,2024-01,362,6141,0.599
A1055,2024-02,345,3438,0.513
A1055,2024-03,339,5680,0.746
A1055,2024-04,360,8146,0.399
A1055,2024-05,374,4601,0.397
A1055,2024-06,391,8104,0.728
A1056,2024-01,138,3195,0.27
A1056,2024-02,133,2380,0.175
A1056,2024-03,108,1690,0.297
A1056,2024-04,83,1960,0.459
A1056,2024-05,72,1698,0.408
A1056,2024-06,46,1011,0.117
A1057,2024-01,86,1399,0.565
A1057,2024-02,87,839,0.678
A1057,2024-03,82,1565,0.438
A1057,2024-04,65,765,0.494
A1057,2024-05,115,2364,0.429
A1057,2024-06,101,1717,0.576
A1058,2024-01,94,1305,0.77
A1058,2024-02,82,1622,0.486
A1058,2024-03,131,1226,0.422
A1058,2024-04,117,1048,0.591
A1058,2024-05,120,1224,0.576
A1058,2024-06,97,1567,0.483
A1059,2024-01,116,1824,0.667
A1059,2024-02,134,3340,0.473
A1059,2024-03,118,2493,0.806
A1059,2024-04,115,2776,0.528
A1059,2024-05,145,1568,0.486
A1059,2024-06,127,2561,0.574
A1060,2024-01,78,1045,0.456
A1060,2024-02,107,2307,0.654
A1060,2024-03,66,612,0.523
A1060,2024-04,74,1391,0.322
A1060,2024-05,100,1632,0.281
A1060,2024-06,93,807,0.252
A1061,2024-01,406,3790,0.424
A1061,2024-02,370,8776,0.543
A1061,2024-03,357,8632,0.0
A1061,2024-04,363,5789,0.0
A1061,2024-05,332,5268,0.258
A1061,2024-06,317,4092,0.538
A1062,2024-01,192,4505,0.546
A1062,2024-02,184,1498,0.724
A1062,2024-03,177,2005,0.391
A1062,2024-04,163,4008,0.415
A1062,2024-05,189,1889,0.529
A1062,2024-06,201,4098,0.76
A1063,2024-01,77,1587,0.603
A1063,2024-02,64,1427,0.285
A1063,2024-03,53,1238,0.417
A1063,2024-04,38,665,0.309
A1063,2024-05,42,645,0.553
A1063,2024-06,1,24,0.1
A1064,2024-01,292,7214,0.218
A1064,2024-02,265,6062,0.262
A1064,2024-03,227,3836,0.448
A1064,2024-04,230,2852,0.192
A1064,2024-05,210,4046,0.153
A1064,2024-06,184,3191,0.338
A1065,2024-01,290,6911,0.434
A1065,2024-02,311,7199,0.17
A1065,2024-03,259,4831,0.463
A1065,2024-04,258,5153,0.431
A1065,2024-05,225,2675,0.298
A1065,2024-06,208,1722,0.03
A1066,2024-01,368,5952,0.504
A1066,2024-02,408,4220,0.346
A1066,2024-03,396,8536,0.367
A1066,2024-04,406,6049,0.775
A1066,2024-05,391,7752,0.646
A1066,2024-06,385,7347,0.629
A1067,2024-01,182,4110,0.491
A1067,2024-02,165,1806,0.423
A1067,2024-03,165,3475,0.298
A1067,2024-04,120,2429,0.401
A1067,2024-05,106,1337,0.57
A1067,2024-06,92,1509,0.288
A1068,2024-01,362,6005,0.241
A1068,2024-02,322,4485,0.502
A1068,2024-03,333,3072,0.506
A1068,2024-04,290,3458,0.075
A1068,2024-05,277,3695,0.449
A1068,2024-06,257,3699,0.334
A1069,2024-01,159,2758,0.444
A1069,2024-02,153,1515,0.456
A1069,2024-03,129,1746,0.318
A1069,2024-04,134,2017,0.295
A1069,2024-05,94,817,0.371
A1069,2024-06,65,980,0.341
A1070,2024-01,345,6598,0.504
A1070,2024-02,309,7441,0.202
A1070,2024-03,322,2992,0.271
A1070,2024-04,285,2952,0.443
A1070,2024-05,260,2698,0.303
A1070,2024-06,240,5875,0.369
A1071,2024-01,89,1166,0.746
A1071,2024-02,88,1925,0.296
A1071,2024-03,95,1250,0.529
A1071,2024-04,86,1257,0.661
A1071,2024-05,80,1770,0.598
A1071,2024-06,92,1153,0.559
A1072,2024-01,160,2068,0.378
A1072,2024-02,155,2731,0.568
A1072,2024-03,199,2279,0.377
A1072,2024-04,180,2120,0.163
A1072,2024-05,193,3745,0.512
A1072,2024-06,186,2167,0.501
A1073,2024-01,65,1552,0.338
A1073,2024-02,52,605,0.247
A1073,2024-03,16,169,0.306
A1073,2024-04,1,13,0.496
A1073,2024-05,1,23,0.319
A1073,2024-06,1,18,0.319
A1074,2024-01,313,6994,0.532
A1074,2024-02,311,5681,0.676
A1074,2024-03,337,3476,0.436
A1074,2024-04,350,2964,0.49
A1074,2024-05,332,6003,0.554
A1074,2024-06,349,5555,0.699
A1075,2024-01,162,2997,0.541
A1075,2024-02,187,2996,0.465
A1075,2024-03,174,2847,0.639
A1075,2024-04,185,1821,0.504
A1075,2024-05,197,4188,0.547
A1075,2024-06,194,4845,0.937
A1076,2024-01,220,4719,0.304
A1076,2024-02,189,2027,0.446
A1076,2024-03,219,2721,0.227
A1076,2024-04,176,1507,0.503
A1076,2024-05,167,3911,0.345
A1076,2024-06,148,2778,0.157
A1077,2024-01,163,2712,0.721
A1077,2024-02,147,3061,0.289
A1077,2024-03,138,1534,0.254
A1077,2024-04,101,1919,0.223
A1077,2024-05,92,2112,0.275
A1077,2024-06,94,1262,0.316
A1078,2024-01,297,6252,0.341
A1078,2024-02,274,2518,0.355
A1078,2024-03,257,2762,0.364
A1078,2024-04,242,5552,0.29
A1078,2024-05,230,3087,0.187
A1078,2024-06,197,4817,0.157
A1079,2024-01,350,4098,0.434
A1079,2024-02,320,3786,0.379
A1079,2024-03,289,4954,0.23
A1079,2024-04,263,2660,0.162
A1079,2024-05,268,6208,0.279
A1079,2024-06,260,5182,0.407
A1080,2024-01,72,1568,0.375
A1080,2024-02,71,950,0.606
A1080,2024-03,71,1269,0.661
A1080,2024-04,68,1223,0.53
A1080,2024-05,73,1548,0.867
A1080,2024-06,80,1514,0.516
A1081,2024-01,263,3850,0.453
A1081,2024-02,236,4200,0.49
A1081,2024-03,241,4009,0.43
A1081,2024-04,232,4368,0.354
A1081,2024-05,224,5256,0.199
A1081,2024-06,191,1615,0.252
A1082,2024-01,67,1251,0.163
A1082,2024-02,45,844,0.341
A1082,2024-03,34,768,0.183
A1082,2024-04,4,55,0.705
A1082,2024-05,1,18,0.0
A1082,2024-06,1,21,0.392
A1083,2024-01,235,5459,0.699
A1083,2024-02,216,2810,0.354
A1083,2024-03,188,2599,0.429
A1083,2024-04,206,3027,0.511
A1083,2024-05,213,2472,0.359
A1083,2024-06,213,4229,0.551
A1084,2024-01,262,4192,0.611
A1084,2024-02,278,3976,0.658
A1084,2024-03,266,3517,0.494
A1084,2024-04,286,6081,0.722
A1084,2024-05,294,4056,0.864
A1084,2024-06,306,5275,0.379
A1085,2024-01,252,2272,0.51
A1085,2024-02,238,5133,0.279
A1085,2024-03,216,1835,0.406
A1085,2024-04,219,4718,0.476
A1085,2024-05,180,4423,0.127
A1085,2024-06,193,4094,0.44
A1086,2024-01,65,728,0.504
A1086,2024-02,54,977,0.375
A1086,2024-03,75,1150,0.714
A1086,2024-04,105,1368,0.571
A1086,2024-05,80,884,0.513
A1086,2024-06,103,864,0.887
A1087,2024-01,167,2402,0.343
A1087,2024-02,147,3386,0.383
A1087,2024-03,131,1810,0.0
A1087,2024-04,130,2956,0.087
A1087,2024-05,91,1496,0.488
A1087,2024-06,92,1305,0.045
A1088,2024-01,123,1425,0.12
A1088,2024-02,83,1724,0.55
A1088,2024-03,99,999,0.579
A1088,2024-04,56,1159,0.267
A1088,2024-05,51,975,0.421
A1088,2024-06,15,330,0.294
A1089,2024-01,79,1630,0.461
A1089,2024-02,62,760,0.422
A1089,2024-03,57,1263,0.562
A1089,2024-04,80,1812,0.462
A1089,2024-05,63,1574,0.708
A1089,2024-06,82,1194,0.57
A1090,2024-01,188,1557,0.463
A1090,2024-02,184,3642,0.451
A1090,2024-03,195,2614,0.483
A1090,2024-04,220,1836,0.364
A1090,2024-05,184,1819,0.721
A1090,2024-06,219,4344,0.629
A1091,2024-01,344,4834,0.284
A1091,2024-02,336,6989,0.358
A1091,2024-03,330,7010,0.263
A1091,2024-04,305,5819,0.251
A1091,2024-05,304,5020,0.59
A1091,2024-06,252,3792,0.216
A1092,2024-01,260,3322,0.74
A1092,2024-02,237,2632,0.428
A1092,2024-03,210,4540,0.306
A1092,2024-04,200,2541,0.362
A1092,2024-05,189,2642,0.365
A1092,2024-06,150,1810,0.224
A1093,2024-01,335,7181,0.489
A1093,2024-02,354,6803,0.258
A1093,2024-03,336,2707,0.059
A1093,2024-04,359,8313,0.377
A1093,2024-05,337,7586,0.683
A1093,2024-06,345,8324,0.57
A1094,2024-01,132,1091,0.553
A1094,2024-02,157,1909,0.79
A1094,2024-03,169,1695,0.702
A1094,2024-04,153,3432,0.344
A1094,2024-05,196,3018,0.683
A1094,2024-06,193,4119,0.242
A1095,2024-01,380,8954,0.323
A1095,2024-02,359,6628,0.616
A1095,2024-03,335,3235,0.561
A1095,2024-04,308,5158,0.392
A1095,2024-05,301,3345,0.25
A1095,2024-06,286,3048,0.699
A1096,2024-01,244,4965,0.212
A1096,2024-02,218,1978,0.048
A1096,2024-03,189,2826,0.273
A1096,2024-04,177,2173,0.17
A1096,2024-05,167,2004,0.55
A1096,2024-06,142,3039,0.248
A1097,2024-01,391,4965,0.16
A1097,2024-02,378,8547,0.272
A1097,2024-03,363,6275,0.376
A1097,2024-04,315,5637,0.41
A1097,2024-05,322,7670,0.279
A1097,2024-06,290,3039,0.162
A1098,2024-01,307,5123,0.637
A1098,2024-02,325,4643,0.269
A1098,2024-03,322,3925,0.692
A1098,2024-04,310,3790,0.406
A1098,2024-05,330,4464,0.525
A1098,2024-06,328,4301,0.703
A1099,2024-01,331,2813,0.499
A1099,2024-02,350,5774,0.411
A1099,2024-03,339,7979,0.594
A1099,2024-04,347,3436,0.314
A1099,2024-05,349,8613,0.533
A1099,2024-06,347,8605,0.457
A1100,2024-01,67,944,0.374
A1100,2024-02,62,674,0.289
A1100,2024-03,36,629,0.348
A1100,2024-04,27,288,0.319
A1100,2024-05,25,363,0.061
A1100,2024-06,1,21,0.247
A1101,2024-01,385,7373,0.028
A1101,2024-02,362,2959,0.405
A1101,2024-03,330,3273,0.338
A1101,2024-04,291,3906,0.143
A1101,2024-05,312,7295,0.342
A1101,2024-06,264,5851,0.418
A1102,2024-01,327,5374,0.526
A1102,2024-02,304,3817,0.237
A1102,2024-03,313,3511,0.459
A1102,2024-04,281,5964,0.298
A1102,2024-05,218,2453,0.675
A1102,2024-06,245,4249,0.113
A1103,2024-01,374,9083,0.183
A1103,2024-02,353,7581,0.639
A1103,2024-03,333,3930,0.503
A1103,2024-04,308,4358,0.39
A1103,2024-05,330,4440,0.295
A1103,2024-06,288,5622,0.085
A1104,2024-01,245,5947,0.496
A1104,2024-02,263,5161,0.388
A1104,2024-03,269,6032,0.527
A1104,2024-04,253,3165,0.317
A1104,2024-05,244,5487,0.758
A1104,2024-06,258,2341,0.282
A1105,2024-01,251,3475,0.571
A1105,2024-02,287,6332,0.545
A1105,2024-03,280,2261,0.415
A1105,2024-04,282,6675,0.436
A1105,2024-05,259,3788,0.67
A1105,2024-06,276,6474,0.738
A1106,2024-01,185,4271,0.376
A1106,2024-02,153,2019,0.766
A1106,2024-03,149,3182,0.431
A1106,2024-04,161,3359,0.607
A1106,2024-05,189,1641,0.486
A1106,2024-06,159,3298,0.454
A1107,2024-01,262,5559,0.0
A1107,2024-02,252,3664,0.176
A1107,2024-03,232,3095,0.529
A1107,2024-04,212,3672,0.125
A1107,2024-05,197,2988,0.579
A1107,2024-06,197,4193,0.213
A1108,2024-01,298,2451,0.849
A1108,2024-02,292,2921,0.537
A1108,2024-03,314,7118,0.249
A1108,2024-04,313,5610,0.617
A1108,2024-05,329,3598,0.472
A1108,2024-06,331,5169,0.6
A1109,2024-01,243,3746,0.437
A1109,2024-02,262,3653,0.677
A1109,2024-03,268,3431,0.683
A1109,2024-04,267,4981,0.459
A1109,2024-05,286,2845,0.45
A1109,2024-06,307,5656,0.641
A1110,2024-01,75,1188,0.437
A1110,2024-02,117,2788,0.649
A1110,2024-03,75,1456,0.388
A1110,2024-04,79,774,0.366
A1110,2024-05,90,867,0.721
A1110,2024-06,113,1111,0.432
A1111,2024-01,231,5447,0.451
A1111,2024-02,240,3694,0.585
A1111,2024-03,211,3614,0.387
A1111,2024-04,235,4289,0.691
A1111,2024-05,251,3127,0.443
A1111,2024-06,255,4141,0.546
A1112,2024-01,208,4074,0.284
A1112,2024-02,189,3368,0.364
A1112,2024-03,163,2697,0.363
A1112,2024-04,158,3126,0.503
A1112,2024-05,129,2711,0.459
A1112,2024-06,129,1803,0.18
A1113,2024-01,369,3908,0.654
A1113,2024-02,339,3477,0.707
A1113,2024-03,311,2759,0.614
A1113,2024-04,348,8458,0.388
A1113,2024-05,325,4924,0.63
A1113,2024-06,328,5947,0.593
A1114,2024-01,265,5434,0.408
A1114,2024-02,272,5892,0.118
A1114,2024-03,223,2663,0.286
A1114,2024-04,229,4896,0.512
A1114,2024-05,186,2447,0.555
A1114,2024-06,171,2202,0.39
A1115,2024-01,83,1311,0.427
A1115,2024-02,57,1132,0.344
A1115,2024-03,18,412,0.518
A1115,2024-04,13,266,0.193
A1115,2024-05,2,48,0.468
A1115,2024-06,1,11,0.415
A1116,2024-01,211,1834,0.576
A1116,2024-02,173,2500,0.079
A1116,2024-03,172,1567,0.34
A1116,2024-04,169,3319,0.39
A1116,2024-05,155,2786,0.508
A1116,2024-06,89,1808,0.552
A1117,2024-01,225,4561,0.467
A1117,2024-02,182,1509,0.175
A1117,2024-03,167,3530,0.247
A1117,2024-04,144,1361,0.291
A1117,2024-05,138,1624,0.465
A1117,2024-06,120,1148,0.253
A1118,2024-01,199,2426,0.261
A1118,2024-02,151,2719,0.134
A1118,2024-03,128,1450,0.271
A1118,2024-04,150,1621,0.123
A1118,2024-05,116,2569,0.233
A1118,2024-06,89,1251,0.139
A1119,2024-01,239,5465,0.363
A1119,2024-02,249,3646,0.668
A1119,2024-03,236,4480,0.495
A1119,2024-04,273,4881,0.577
A1119,2024-05,261,2753,0.512
A1119,2024-06,273,5074,0.507
A1120,2024-01,191,3652,0.0
A1120,2024-02,138,3102,0.488
A1120,2024-03,127,2509,0.442
A1120,2024-04,117,2634,0.426
A1120,2024-05,108,2457,0.302
A1120,2024-06,78,1130,0.565
A1121,2024-01,69,604,0.465
A1121,2024-02,46,1066,0.499
A1121,2024-03,19,239,0.176
A1121,2024-04,19,419,0.21
A1121,2024-05,1,24,0.511
A1121,2024-06,1,8,0.0
A1122,2024-01,127,2611,0.495
A1122,2024-02,119,1279,0.623
A1122,2024-03,138,2552,0.611
A1122,2024-04,126,2703,0.404
A1122,2024-05,145,3476,0.516
A1122,2024-06,117,1736,0.508
A1123,2024-01,22,518,0.265
A1123,2024-02,29,489,0.0
A1123,2024-03,1,9,0.194
A1123,2024-04,1,18,0.394
A1123,2024-05,1,21,0.203
A1123,2024-06,1,19,0.091
A1124,2024-01,168,3713,0.481
A1124,2024-02,151,1434,0.52
A1124,2024-03,155,2987,0.617
A1124,2024-04,204,3184,0.726
A1124,2024-05,153,2178,0.505
A1124,2024-06,198,2385,0.447
A1125,2024-01,211,2621,0.645
A1125,2024-02,252,6251,0.83
A1125,2024-03,204,4649,0.408
A1125,2024-04,252,2376,0.641
A1125,2024-05,229,3616,0.49
A1125,2024-06,253,5040,0.763
A1126,2024-01,155,2440,0.419
A1126,2024-02,146,1650,0.424
A1126,2024-03,122,999,0.298
A1126,2024-04,102,1032,0.491
A1126,2024-05,92,1022,0.421
A1126,2024-06,92,1725,0.492
A1127,2024-01,77,1874,0.0
A1127,2024-02,72,1608,0.587
A1127,2024-03,56,551,0.355
A1127,2024-04,26,647,0.516
A1127,2024-05,7,134,0.534
A1127,2024-06,12,267,0.282
A1128,2024-01,316,4747,0.604
A1128,2024-02,311,2772,0.77
A1128,2024-03,289,5234,0.574
A1128,2024-04,312,5149,0.472
A1128,2024-05,320,6371,0.528
A1128,2024-06,320,6105,0.551
A1129,2024-01,293,6797,0.459
A1129,2024-02,306,3731,0.683
A1129,2024-03,299,6188,0.799
A1129,2024-04,325,3965,0.382
A1129,2024-05,308,6251,0.541
A1129,2024-06,304,4683,0.625
A1130,2024-01,162,2740,0.0
A1130,2024-02,102,2331,0.296
A1130,2024-03,109,1800,0.562
A1130,2024-04,65,1307,0.539
A1130,2024-05,70,1099,0.294
A1130,2024-06,31,537,0.387
A1131,2024-01,332,5085,0.574
A1131,2024-02,308,3577,0.309
A1131,2024-03,303,3775,0.337
A1131,2024-04,287,5871,0.308
A1131,2024-05,247,2679,0.397
A1131,2024-06,236,2573,0.346
A1132,2024-01,47,812,0.442
A1132,2024-02,32,448,0.317
A1132,2024-03,21,356,0.395
A1132,2024-04,1,14,0.56
A1132,2024-05,1,24,0.101
A1132,2024-06,1,22,0.101
A1133,2024-01,389,4148,0.729
A1133,2024-02,333,5842,0.245
A1133,2024-03,309,3614,0.317
A1133,2024-04,308,4762,0.279
A1133,2024-05,306,5673,0.311
A1133,2024-06,276,4519,0.39
A1134,2024-01,127,2911,0.331
A1134,2024-02,98,1145,0.493
A1134,2024-03,91,916,0.0
A1134,2024-04,102,1525,0.464
A1134,2024-05,48,1115,0.312
A1134,2024-06,45,1033,0.212
A1135,2024-01,201,2790,0.227
A1135,2024-02,183,1714,0.576
A1135,2024-03,161,1302,0.07
A1135,2024-04,152,3711,0.304
A1135,2024-05,136,2969,0.132
A1135,2024-06,122,2797,0.54
A1136,2024-01,109,1381,0.313
A1136,2024-02,148,2410,0.697
A1136,2024-03,134,2107,0.467
A1136,2024-04,146,2456,0.25
A1136,2024-05,143,1414,0.537
A1136,2024-06,161,1289,0.488
A1137,2024-01,238,3213,0.792
A1137,2024-02,255,5459,0.775
A1137,2024-03,263,6138,1.0
A1137,2024-04,283,4684,0.682
A1137,2024-05,288,2571,0.29
A1137,2024-06,289,2737,0.505
A1138,2024-01,409,10118,0.308
A1138,2024-02,349,3654,0.075
A1138,2024-03,327,3755,0.526
A1138,2024-04,314,5324,0.347
A1138,2024-05,316,7886,0.55
A1138,2024-06,286,7023,0.144
A1139,2024-01,311,5337,0.6
A1139,2024-02,299,6589,0.727
A1139,2024-03,331,7008,0.834
A1139,2024-04,330,6992,0.6
A1139,2024-05,345,2908,0.563
A1139,2024-06,369,7347,0.539
A1140,2024-01,254,5643,0.111
A1140,2024-02,274,2797,0.143
A1140,2024-03,229,5609,0.287
A1140,2024-04,191,2866,0.032
A1140,2024-05,184,2044,0.275
A1140,2024-06,164,3420,0.483
A1141,2024-01,248,4787,0.399
A1141,2024-02,219,3930,0.24
A1141,2024-03,206,2283,0.265
A1141,2024-04,175,4079,0.187
A1141,2024-05,149,2578,0.357
A1141,2024-06,132,1089,0.296
A1142,2024-01,342,7860,0.367
A1142,2024-02,316,7233,0.414
A1142,2024-03,335,5769,0.453
A1142,2024-04,317,6206,0.695
A1142,2024-05,322,6066,0.639
A1142,2024-06,305,4780,0.501
A1143,2024-01,161,1533,0.165
A1143,2024-02,155,1741,0.427
A1143,2024-03,161,3096,0.512
A1143,2024-04,132,2656,0.165
A1143,2024-05,113,1736,0.536
A1143,2024-06,101,1137,0.139
A1144,2024-01,212,1838,0.286
A1144,2024-02,224,4659,0.03
A1144,2024-03,177,3315,0.42
A1144,2024-04,153,1566,0.197
A1144,2024-05,148,2562,0.369
A1144,2024-06,135,3347,0.367
A1145,2024-01,220,3690,0.298
A1145,2024-02,214,2820,0.375
A1145,2024-03,195,4783,0.588
A1145,2024-04,177,4285,0.134
A1145,2024-05,167,1470,0.702
A1145,2024-06,175,3780,0.1
A1146,2024-01,40,997,0.273
A1146,2024-02,40,931,0.703
A1146,2024-03,58,993,0.716
A1146,2024-04,75,967,0.42
A1146,2024-05,75,1205,0.638
A1146,2024-06,56,600,0.386
A1147,2024-01,187,1763,0.397
A1147,2024-02,198,1961,0.715
A1147,2024-03,195,4676,0.352
A1147,2024-04,221,4267,0.562
A1147,2024-05,199,2356,0.713
A1147,2024-06,219,4727,0.541
A1148,2024-01,341,8510,0.269
A1148,2024-02,335,3407,0.39
A1148,2024-03,293,5409,0.593
A1148,2024-04,283,5475,0.127
A1148,2024-05,280,3387,0.306
A1148,2024-06,255,3571,0.6
A1149,2024-01,389,4805,0.408
A1149,2024-02,362,8968,0.522
A1149,2024-03,348,4829,0.008
A1149,2024-04,327,7991,0.348
A1149,2024-05,297,7305,0.135
A1149,2024-06,287,4833,0.313
A1150,2024-01,390,6161,0.503
A1150,2024-02,396,4985,0.656
A1150,2024-03,372,3878,0.558
A1150,2024-04,386,5836,0.668
A1150,2024-05,404,9175,0.485
A1150,2024-06,406,4566,0.515
A1151,2024-01,254,2894,0.463
A1151,2024-02,226,3661,0.313
A1151,2024-03,223,5372,0.326
A1151,2024-04,194,2743,0.244
A1151,2024-05,167,1800,0.334
A1151,2024-06,149,2196,0.34
A1152,2024-01,322,3668,0.314
A1152,2024-02,295,3126,0.109
A1152,2024-03,299,6722,0.491
A1152,2024-04,251,6252,0.144
A1152,2024-05,234,2198,0.256
A1152,2024-06,230,1983,0.381
A1153,2024-01,255,3751,0.633
A1153,2024-02,240,2929,0.53
A1153,2024-03,229,3700,0.668
A1153,2024-04,219,2806,0.436
A1153,2024-05,255,3233,0.838
A1153,2024-06,228,5242,0.785
A1154,2024-01,67,1236,0.556
A1154,2024-02,64,1544,0.577
A1154,2024-03,81,1371,0.648
A1154,2024-04,87,927,0.716
A1154,2024-05,76,1211,0.501
A1154,2024-06,73,1562,0.507
A1155,2024-01,378,5840,0.394
A1155,2024-02,361,3704,0.116
A1155,2024-03,316,4621,0.469
A1155,2024-04,309,7679,0.625
A1155,2024-05,283,6456,0.105
A1155,2024-06,298,2420,0.315
A1156,2024-01,75,1393,0.246
A1156,2024-02,60,549,0.24
A1156,2024-03,40,624,0.324
A1156,2024-04,17,168,0.327
A1156,2024-05,17,237,0.654
A1156,2024-06,6,142,0.189
A1157,2024-01,94,986,0.582
A1157,2024-02,70,1616,0.66
A1157,2024-03,92,885,0.724
A1157,2024-04,87,952,0.556
A1157,2024-05,69,725,0.395
A1157,2024-06,95,2053,0.517
A1158,2024-01,337,5449,0.024
A1158,2024-02,319,3519,0.286
A1158,2024-03,297,3773,0.44
A1158,2024-04,277,4409,0.542
A1158,2024-05,275,2593,0.357
A1158,2024-06,259,3486,0.554
A1159,2024-01,289,6917,0.616
A1159,2024-02,250,2890,0.625
A1159,2024-03,288,5149,0.572
A1159,2024-04,279,3820,0.497
A1159,2024-05,290,5227,0.62
A1159,2024-06,291,7112,0.531
A1160,2024-01,284,6461,0.254
A1160,2024-02,289,3999,0.348
A1160,2024-03,256,5380,0.299
A1160,2024-04,260,5784,0.386
A1160,2024-05,220,4473,0.14
A1160,2024-06,224,3032,0.284
A1161,2024-01,74,1642,0.45
A1161,2024-02,94,2092,0.45
A1161,2024-03,87,1641,0.429
A1161,2024-04,99,2154,0.142
A1161,2024-05,104,2174,0.589
A1161,2024-06,112,1091,0.362
A1162,2024-01,220,5366,0.609
A1162,2024-02,224,2733,0.631
A1162,2024-03,220,2476,0.477
A1162,2024-04,226,4573,0.769
A1162,2024-05,215,3362,0.562
A1162,2024-06,211,4353,0.712
A1163,2024-01,394,8154,0.232
A1163,2024-02,383,7871,0.393
A1163,2024-03,379,6345,0.416
A1163,2024-04,410,6155,0.669
A1163,2024-05,378,5900,0.57
A1163,2024-06,406,6349,0.475
A1164,2024-01,358,5829,0.397
A1164,2024-02,344,7645,0.165
A1164,2024-03,323,5631,0.32
A1164,2024-04,305,7221,0.089
A1164,2024-05,294,3302,0.417
A1164,2024-06,273,3700,0.384
A1165,2024-01,387,9407,0.42
A1165,2024-02,372,7109,0.641
A1165,2024-03,353,3468,0.519
A1165,2024-04,373,7137,0.439
A1165,2024-05,371,6872,0.66
A1165,2024-06,379,6558,0.677
A1166,2024-01,67,1229,0.573
A1166,2024-02,74,1283,0.129
A1166,2024-03,39,895,0.564
A1166,2024-04,23,302,0.503
A1166,2024-05,9,109,0.328
A1166,2024-06,10,106,0.456
A1167,2024-01,280,2621,0.629
A1167,2024-02,260,3796,0.452
A1167,2024-03,282,3704,0.805
A1167,2024-04,292,4736,0.385
A1167,2024-05,317,3991,0.581
A1167,2024-06,325,4289,0.742
A1168,2024-01,216,3390,0.588
A1168,2024-02,219,3335,0.432
A1168,2024-03,189,3063,0.495
A1168,2024-04,162,2635,0.389
A1168,2024-05,152,2423,0.216
A1168,2024-06,115,969,0.219
A1169,2024-01,214,2355,0.428
A1169,2024-02,189,1687,0.342
A1169,2024-03,193,2073,0.305
A1169,2024-04,165,1914,0.389
A1169,2024-05,132,1374,0.189
A1169,2024-06,120,1186,0.284
A1170,2024-01,106,1094,0.547
A1170,2024-02,116,2394,0.722
A1170,2024-03,105,2323,0.336
A1170,2024-04,107,942,0.609
A1170,2024-05,94,1039,0.527
A1170,2024-06,90,1719,0.881
A1171,2024-01,311,4832,0.557
A1171,2024-02,301,7157,0.488
A1171,2024-03,276,4556,0.26
A1171,2024-04,250,2179,0.352
A1171,2024-05,214,3446,0.642
A1171,2024-06,214,4809,0.33
A1172,2024-01,142,3022,0.641
A1172,2024-02,135,1586,0.547
A1172,2024-03,133,1106,0.542
A1172,2024-04,126,1705,0.672
A1172,2024-05,135,1089,0.645
A1172,2024-06,145,2946,0.514
A1173,2024-01,92,1306,0.485
A1173,2024-02,91,1895,0.74
A1173,2024-03,95,1584,0.272
A1173,2024-04,97,2376,0.432
A1173,2024-05,86,1502,0.459
A1173,2024-06,109,2115,0.636
A1174,2024-01,76,1128,0.788
A1174,2024-02,75,1207,0.38
A1174,2024-03,97,2025,0.633
A1174,2024-04,82,1095,0.507
A1174,2024-05,71,628,0.545
A1174,2024-06,87,917,0.333
A1175,2024-01,287,3997,0.646
A1175,2024-02,290,3617,0.166
A1175,2024-03,286,2996,0.435
A1175,2024-04,284,4272,0.746
A1175,2024-05,295,6412,0.659
A1175,2024-06,296,4511,0.82
A1176,2024-01,172,1963,0.753
A1176,2024-02,138,2045,0.713
A1176,2024-03,145,2499,0.662
A1176,2024-04,141,2005,0.706
A1176,2024-05,149,1268,0.837
A1176,2024-06,150,3190,0.722
A1177,2024-01,334,6775,0.315
A1177,2024-02,341,8275,0.448
A1177,2024-03,333,7346,0.629
A1177,2024-04,349,3815,0.586
A1177,2024-05,382,8232,0.342
A1177,2024-06,359,3312,0.596
A1178,2024-01,292,3366,0.535
A1178,2024-02,294,6983,0.472
A1178,2024-03,292,6223,0.588
A1178,2024-04,300,6383,0.255
A1178,2024-05,330,7402,0.613
A1178,2024-06,317,2728,0.549
A1179,2024-01,261,6123,0.448
A1179,2024-02,278,4255,0.525
A1179,2024-03,295,6136,0.69
A1179,2024-04,308,3193,0.652
A1179,2024-05,326,6482,0.711
A1179,2024-06,326,4858,0.836
A1180,2024-01,72,1059,0.43
A1180,2024-02,51,496,0.468
A1180,2024-03,41,495,0.388
A1180,2024-04,8,74,0.0
A1180,2024-05,21,448,0.096
A1180,2024-06,1,20,0.34
A1181,2024-01,90,2083,0.614
A1181,2024-02,70,1319,0.436
A1181,2024-03,108,1113,0.649
A1181,2024-04,101,1414,0.316
A1181,2024-05,102,1585,0.243
A1181,2024-06,97,1351,0.545
A1182,2024-01,173,3272,0.642
A1182,2024-02,175,3488,0.483
A1182,2024-03,190,4180,0.537
A1182,2024-04,197,3550,0.144
A1182,2024-05,186,3415,0.763
A1182,2024-06,199,4871,0.245
A1183,2024-01,158,1348,0.093
A1183,2024-02,127,1998,0.374
A1183,2024-03,130,1498,0.436
A1183,2024-04,89,1531,0.242
A1183,2024-05,78,810,0.227
A1183,2024-06,63,1148,0.268
A1184,2024-01,355,8335,0.249
A1184,2024-02,322,4475,0.584
A1184,2024-03,315,4410,0.36
A1184,2024-04,274,4877,0.305
A1184,2024-05,277,2966,0.436
A1184,2024-06,241,4726,0.561
A1185,2024-01,282,2793,0.681
A1185,2024-02,302,3120,0.386
A1185,2024-03,296,7304,0.414
A1185,2024-04,299,4815,0.504
A1185,2024-05,299,4109,0.643
A1185,2024-06,294,6599,0.407
A1186,2024-01,163,1811,0.434
A1186,2024-02,163,2202,0.302
A1186,2024-03,167,3804,0.334
A1186,2024-04,138,2735,0.404
A1186,2024-05,89,1278,0.214
A1186,2024-06,73,1691,0.268
A1187,2024-01,328,3575,0.627
A1187,2024-02,312,7723,0.733
A1187,2024-03,335,4153,0.635
A1187,2024-04,312,4244,0.62
A1187,2024-05,350,7919,0.552
A1187,2024-06,343,3708,0.499
A1188,2024-01,338,4175,0.203
A1188,2024-02,318,4093,0.298
A1188,2024-03,294,2998,0.22
A1188,2024-04,283,3637,0.21
A1188,2024-05,241,4658,0.462
A1188,2024-06,237,2578,0.196
A1189,2024-01,67,993,0.447
A1189,2024-02,51,431,0.461
A1189,2024-03,38,740,0.386
A1189,2024-04,31,505,0.151
A1189,2024-05,1,13,0.307
A1189,2024-06,1,15,0.284
A1190,2024-01,330,3251,0.49
A1190,2024-02,306,6258,0.302
A1190,2024-03,290,2341,0.407
A1190,2024-04,259,5473,0.29
A1190,2024-05,279,5708,0.755
A1190,2024-06,219,3081,0.454
A1191,2024-01,120,1444,0.44
A1191,2024-02,86,1082,0.372
A1191,2024-03,70,1373,0.401
A1191,2024-04,45,901,0.493
A1191,2024-05,43,948,0.2
A1191,2024-06,1,17,0.453
A1192,2024-01,197,4920,0.458
A1192,2024-02,159,1900,0.536
A1192,2024-03,178,3426,0.466
A1192,2024-04,183,3188,0.458
A1192,2024-05,187,3125,0.564
A1192,2024-06,204,1696,0.325
A1193,2024-01,205,4143,0.848
A1193,2024-02,241,3842,0.568
A1193,2024-03,222,2655,0.514
A1193,2024-04,228,4982,0.838
A1193,2024-05,243,4586,0.779
A1193,2024-06,230,3525,0.507
A1194,2024-01,83,835,0.427
A1194,2024-02,98,2368,0.687
A1194,2024-03,107,1656,0.421
A1194,2024-04,106,2117,0.466
A1194,2024-05,100,1855,0.44
A1194,2024-06,107,1379,0.542
A1195,2024-01,219,4732,0.473
A1195,2024-02,218,4405,0.693
A1195,2024-03,202,3606,0.7
A1195,2024-04,225,1858,0.294
A1195,2024-05,211,1768,0.528
A1195,2024-06,231,4217,0.642
A1196,2024-01,332,7094,0.0
A1196,2024-02,285,6477,0.292
A1196,2024-03,279,6934,0.222
A1196,2024-04,246,2016,0.222
A1196,2024-05,258,4293,0.591
A1196,2024-06,222,2695,0.35
A1197,2024-01,176,1736,0.267
A1197,2024-02,109,2707,0.04
A1197,2024-03,119,2953,0.312
A1197,2024-04,104,1795,0.412
A1197,2024-05,90,1995,0.162
A1197,2024-06,63,797,0.328
A1198,2024-01,343,3348,0.565
A1198,2024-02,318,4550,0.349
A1198,2024-03,298,5098,0.449
A1198,2024-04,294,2592,0.327
A1198,2024-05,288,5922,0.459
A1198,2024-06,247,2799,0.119
A1199,2024-01,144,3308,0.494
A1199,2024-02,118,2708,0.395
A1199,2024-03,106,2267,0.399
A1199,2024-04,84,1911,0.434
A1199,2024-05,63,841,0.317
A1199,2024-06,61,973,0.23
A1200,2024-01,115,1175,0.477
A1200,2024-02,127,2326,0.518
A1200,2024-03,118,1671,0.811
A1200,2024-04,134,2655,0.678
A1200,2024-05,151,3355,0.871
A1200,2024-06,124,2536,0.517
